2025-04-30 19:51:28,284 [Worker-7: Loading available Gradle versions] INFO  o.e.b.c.i.u.g.PublishedGradleVersions - Gradle version information cache is up-to-date. Trying to read.
2025-04-30 19:53:15,698 [Worker-6: Creating project "test-api"] INFO  o.e.m.c.i.l.LifecycleMappingFactory - Using org.eclipse.m2e.jdt.JarLifecycleMapping lifecycle mapping for MavenProject: com.demo:test-api:0.0.1-SNAPSHOT @ D:\pradeep\Automation\KarateAPI\test-api\pom.xml.
2025-04-30 19:53:19,305 [Worker-6: Creating project "test-api"] INFO  o.e.m.j.i.AbstractJavaProjectConfigurator - Adding source folder /test-api/src/main/java
2025-04-30 19:53:19,315 [Worker-6: Creating project "test-api"] INFO  o.e.m.j.i.AbstractJavaProjectConfigurator - Adding resource folder /test-api/src/main/resources
2025-04-30 19:53:19,315 [Worker-6: Creating project "test-api"] INFO  o.e.m.j.i.AbstractJavaProjectConfigurator - Adding source folder /test-api/src/test/java
2025-04-30 19:53:19,322 [Worker-6: Creating project "test-api"] INFO  o.e.m.j.i.AbstractJavaProjectConfigurator - Adding resource folder /test-api/src/test/resources
2025-04-30 19:53:21,277 [Worker-28: Building] WARN  o.a.m.s.f.DefaultMavenResourcesFiltering - Using platform encoding (UTF-8 actually) to copy filtered resources, i.e. build is platform dependent!
2025-04-30 19:53:21,290 [Worker-28: Building] INFO  o.a.m.s.f.DefaultMavenResourcesFiltering - Copying 0 resource from src\main\resources to target\classes
2025-04-30 19:53:21,297 [Worker-28: Building] WARN  o.a.m.s.f.DefaultMavenResourcesFiltering - Using platform encoding (UTF-8 actually) to copy filtered resources, i.e. build is platform dependent!
2025-04-30 19:53:21,299 [Worker-28: Building] INFO  o.a.m.s.f.DefaultMavenResourcesFiltering - Copying 0 resource from src\test\resources to target\test-classes
2025-04-30 19:54:38,235 [Worker-31: Building] INFO  o.e.m.c.i.l.LifecycleMappingFactory - Using org.eclipse.m2e.jdt.JarLifecycleMapping lifecycle mapping for MavenProject: com.demo:test-api:0.0.1-SNAPSHOT @ D:\pradeep\Automation\KarateAPI\test-api\pom.xml.
2025-04-30 19:54:38,640 [Worker-31: Building] INFO  o.e.m.c.i.e.AbstractTransferListenerAdapter - Downloading https://repo.maven.apache.org/maven2/com/intuit/karate/karate-junit5/1.4.0/karate-junit5-1.4.0.pom
2025-04-30 19:54:38,685 [Worker-31: Building] INFO  o.e.m.c.i.e.AbstractTransferListenerAdapter - Downloaded https://repo.maven.apache.org/maven2/com/intuit/karate/karate-junit5/1.4.0/karate-junit5-1.4.0.pom
2025-04-30 19:54:38,767 [Worker-31: Building] INFO  o.e.m.c.i.e.AbstractTransferListenerAdapter - Downloading https://repo.maven.apache.org/maven2/com/intuit/karate/karate-parent/1.4.0/karate-parent-1.4.0.pom
2025-04-30 19:54:38,800 [Worker-31: Building] INFO  o.e.m.c.i.e.AbstractTransferListenerAdapter - Downloaded https://repo.maven.apache.org/maven2/com/intuit/karate/karate-parent/1.4.0/karate-parent-1.4.0.pom
2025-04-30 19:54:38,871 [Worker-31: Building] INFO  o.e.m.c.i.e.AbstractTransferListenerAdapter - Downloading https://repo.maven.apache.org/maven2/com/intuit/karate/karate-core/1.4.0/karate-core-1.4.0.pom
2025-04-30 19:54:38,909 [Worker-31: Building] INFO  o.e.m.c.i.e.AbstractTransferListenerAdapter - Downloaded https://repo.maven.apache.org/maven2/com/intuit/karate/karate-core/1.4.0/karate-core-1.4.0.pom
2025-04-30 19:54:38,988 [Worker-31: Building] INFO  o.e.m.c.i.e.AbstractTransferListenerAdapter - Downloading https://repo.maven.apache.org/maven2/org/graalvm/js/js-scriptengine/22.3.0/js-scriptengine-22.3.0.pom
2025-04-30 19:54:39,020 [Worker-31: Building] INFO  o.e.m.c.i.e.AbstractTransferListenerAdapter - Downloaded https://repo.maven.apache.org/maven2/org/graalvm/js/js-scriptengine/22.3.0/js-scriptengine-22.3.0.pom
2025-04-30 19:54:39,110 [Worker-31: Building] INFO  o.e.m.c.i.e.AbstractTransferListenerAdapter - Downloading https://repo.maven.apache.org/maven2/org/graalvm/sdk/graal-sdk/22.3.0/graal-sdk-22.3.0.pom
2025-04-30 19:54:39,138 [Worker-31: Building] INFO  o.e.m.c.i.e.AbstractTransferListenerAdapter - Downloaded https://repo.maven.apache.org/maven2/org/graalvm/sdk/graal-sdk/22.3.0/graal-sdk-22.3.0.pom
2025-04-30 19:54:39,212 [Worker-31: Building] INFO  o.e.m.c.i.e.AbstractTransferListenerAdapter - Downloading https://repo.maven.apache.org/maven2/org/graalvm/js/js/22.3.0/js-22.3.0.pom
2025-04-30 19:54:39,242 [Worker-31: Building] INFO  o.e.m.c.i.e.AbstractTransferListenerAdapter - Downloaded https://repo.maven.apache.org/maven2/org/graalvm/js/js/22.3.0/js-22.3.0.pom
2025-04-30 19:54:39,330 [Worker-31: Building] INFO  o.e.m.c.i.e.AbstractTransferListenerAdapter - Downloading https://repo.maven.apache.org/maven2/org/graalvm/regex/regex/22.3.0/regex-22.3.0.pom
2025-04-30 19:54:39,359 [Worker-31: Building] INFO  o.e.m.c.i.e.AbstractTransferListenerAdapter - Downloaded https://repo.maven.apache.org/maven2/org/graalvm/regex/regex/22.3.0/regex-22.3.0.pom
2025-04-30 19:54:39,459 [Worker-31: Building] INFO  o.e.m.c.i.e.AbstractTransferListenerAdapter - Downloading https://repo.maven.apache.org/maven2/org/graalvm/truffle/truffle-api/22.3.0/truffle-api-22.3.0.pom
2025-04-30 19:54:39,484 [Worker-31: Building] INFO  o.e.m.c.i.e.AbstractTransferListenerAdapter - Downloaded https://repo.maven.apache.org/maven2/org/graalvm/truffle/truffle-api/22.3.0/truffle-api-22.3.0.pom
2025-04-30 19:54:39,569 [Worker-31: Building] INFO  o.e.m.c.i.e.AbstractTransferListenerAdapter - Downloading https://repo.maven.apache.org/maven2/com/ibm/icu/icu4j/71.1/icu4j-71.1.pom
2025-04-30 19:54:39,596 [Worker-31: Building] INFO  o.e.m.c.i.e.AbstractTransferListenerAdapter - Downloaded https://repo.maven.apache.org/maven2/com/ibm/icu/icu4j/71.1/icu4j-71.1.pom
2025-04-30 19:54:39,694 [Worker-31: Building] INFO  o.e.m.c.i.e.AbstractTransferListenerAdapter - Downloading https://repo.maven.apache.org/maven2/org/thymeleaf/thymeleaf/3.0.14.RELEASE/thymeleaf-3.0.14.RELEASE.pom
2025-04-30 19:54:39,737 [Worker-31: Building] INFO  o.e.m.c.i.e.AbstractTransferListenerAdapter - Downloaded https://repo.maven.apache.org/maven2/org/thymeleaf/thymeleaf/3.0.14.RELEASE/thymeleaf-3.0.14.RELEASE.pom
2025-04-30 19:54:39,829 [Worker-31: Building] INFO  o.e.m.c.i.e.AbstractTransferListenerAdapter - Downloading https://repo.maven.apache.org/maven2/ognl/ognl/3.1.26/ognl-3.1.26.pom
2025-04-30 19:54:39,868 [Worker-31: Building] INFO  o.e.m.c.i.e.AbstractTransferListenerAdapter - Downloaded https://repo.maven.apache.org/maven2/ognl/ognl/3.1.26/ognl-3.1.26.pom
2025-04-30 19:54:39,955 [Worker-31: Building] INFO  o.e.m.c.i.e.AbstractTransferListenerAdapter - Downloading https://repo.maven.apache.org/maven2/org/javassist/javassist/3.20.0-GA/javassist-3.20.0-GA.pom
2025-04-30 19:54:39,998 [Worker-31: Building] INFO  o.e.m.c.i.e.AbstractTransferListenerAdapter - Downloaded https://repo.maven.apache.org/maven2/org/javassist/javassist/3.20.0-GA/javassist-3.20.0-GA.pom
2025-04-30 19:54:40,035 [Worker-31: Building] WARN  o.a.m.r.i.DefaultArtifactDescriptorReader - 1 problem was encountered while building the effective model for org.javassist:javassist:jar:3.20.0-GA during dependency collection step for project (use -X to see details)
2025-04-30 19:54:40,096 [Worker-31: Building] INFO  o.e.m.c.i.e.AbstractTransferListenerAdapter - Downloading https://repo.maven.apache.org/maven2/org/attoparser/attoparser/2.0.5.RELEASE/attoparser-2.0.5.RELEASE.pom
2025-04-30 19:54:40,147 [Worker-31: Building] INFO  o.e.m.c.i.e.AbstractTransferListenerAdapter - Downloaded https://repo.maven.apache.org/maven2/org/attoparser/attoparser/2.0.5.RELEASE/attoparser-2.0.5.RELEASE.pom
2025-04-30 19:54:40,230 [Worker-31: Building] INFO  o.e.m.c.i.e.AbstractTransferListenerAdapter - Downloading https://repo.maven.apache.org/maven2/org/unbescape/unbescape/1.1.6.RELEASE/unbescape-1.1.6.RELEASE.pom
2025-04-30 19:54:40,272 [Worker-31: Building] INFO  o.e.m.c.i.e.AbstractTransferListenerAdapter - Downloaded https://repo.maven.apache.org/maven2/org/unbescape/unbescape/1.1.6.RELEASE/unbescape-1.1.6.RELEASE.pom
2025-04-30 19:54:40,422 [Worker-31: Building] INFO  o.e.m.c.i.e.AbstractTransferListenerAdapter - Downloading https://repo.maven.apache.org/maven2/com/linecorp/armeria/armeria/1.22.0/armeria-1.22.0.pom
2025-04-30 19:54:40,453 [Worker-31: Building] INFO  o.e.m.c.i.e.AbstractTransferListenerAdapter - Downloaded https://repo.maven.apache.org/maven2/com/linecorp/armeria/armeria/1.22.0/armeria-1.22.0.pom
2025-04-30 19:54:40,554 [Worker-31: Building] INFO  o.e.m.c.i.e.AbstractTransferListenerAdapter - Downloading https://repo.maven.apache.org/maven2/com/fasterxml/jackson/core/jackson-core/2.14.2/jackson-core-2.14.2.pom
2025-04-30 19:54:40,589 [Worker-31: Building] INFO  o.e.m.c.i.e.AbstractTransferListenerAdapter - Downloaded https://repo.maven.apache.org/maven2/com/fasterxml/jackson/core/jackson-core/2.14.2/jackson-core-2.14.2.pom
2025-04-30 19:54:40,649 [Worker-31: Building] INFO  o.e.m.c.i.e.AbstractTransferListenerAdapter - Downloading https://repo.maven.apache.org/maven2/com/fasterxml/jackson/jackson-base/2.14.2/jackson-base-2.14.2.pom
2025-04-30 19:54:40,689 [Worker-31: Building] INFO  o.e.m.c.i.e.AbstractTransferListenerAdapter - Downloaded https://repo.maven.apache.org/maven2/com/fasterxml/jackson/jackson-base/2.14.2/jackson-base-2.14.2.pom
2025-04-30 19:54:40,829 [Worker-31: Building] INFO  o.e.m.c.i.e.AbstractTransferListenerAdapter - Downloading https://repo.maven.apache.org/maven2/com/fasterxml/jackson/core/jackson-annotations/2.14.2/jackson-annotations-2.14.2.pom
2025-04-30 19:54:40,867 [Worker-31: Building] INFO  o.e.m.c.i.e.AbstractTransferListenerAdapter - Downloaded https://repo.maven.apache.org/maven2/com/fasterxml/jackson/core/jackson-annotations/2.14.2/jackson-annotations-2.14.2.pom
2025-04-30 19:54:40,946 [Worker-31: Building] INFO  o.e.m.c.i.e.AbstractTransferListenerAdapter - Downloading https://repo.maven.apache.org/maven2/com/fasterxml/jackson/core/jackson-databind/2.14.2/jackson-databind-2.14.2.pom
2025-04-30 19:54:41,005 [Worker-31: Building] INFO  o.e.m.c.i.e.AbstractTransferListenerAdapter - Downloaded https://repo.maven.apache.org/maven2/com/fasterxml/jackson/core/jackson-databind/2.14.2/jackson-databind-2.14.2.pom
2025-04-30 19:54:41,084 [Worker-31: Building] INFO  o.e.m.c.i.e.AbstractTransferListenerAdapter - Downloading https://repo.maven.apache.org/maven2/com/fasterxml/jackson/datatype/jackson-datatype-jdk8/2.14.2/jackson-datatype-jdk8-2.14.2.pom
2025-04-30 19:54:41,113 [Worker-31: Building] INFO  o.e.m.c.i.e.AbstractTransferListenerAdapter - Downloaded https://repo.maven.apache.org/maven2/com/fasterxml/jackson/datatype/jackson-datatype-jdk8/2.14.2/jackson-datatype-jdk8-2.14.2.pom
2025-04-30 19:54:41,228 [Worker-31: Building] INFO  o.e.m.c.i.e.AbstractTransferListenerAdapter - Downloading https://repo.maven.apache.org/maven2/com/fasterxml/jackson/module/jackson-modules-java8/2.14.2/jackson-modules-java8-2.14.2.pom
2025-04-30 19:54:41,254 [Worker-31: Building] INFO  o.e.m.c.i.e.AbstractTransferListenerAdapter - Downloaded https://repo.maven.apache.org/maven2/com/fasterxml/jackson/module/jackson-modules-java8/2.14.2/jackson-modules-java8-2.14.2.pom
2025-04-30 19:54:41,330 [Worker-31: Building] INFO  o.e.m.c.i.e.AbstractTransferListenerAdapter - Downloading https://repo.maven.apache.org/maven2/com/fasterxml/jackson/datatype/jackson-datatype-jsr310/2.14.2/jackson-datatype-jsr310-2.14.2.pom
2025-04-30 19:54:41,356 [Worker-31: Building] INFO  o.e.m.c.i.e.AbstractTransferListenerAdapter - Downloaded https://repo.maven.apache.org/maven2/com/fasterxml/jackson/datatype/jackson-datatype-jsr310/2.14.2/jackson-datatype-jsr310-2.14.2.pom
2025-04-30 19:54:41,474 [Worker-31: Building] INFO  o.e.m.c.i.e.AbstractTransferListenerAdapter - Downloading https://repo.maven.apache.org/maven2/io/micrometer/micrometer-core/1.10.3/micrometer-core-1.10.3.pom
2025-04-30 19:54:41,509 [Worker-31: Building] INFO  o.e.m.c.i.e.AbstractTransferListenerAdapter - Downloaded https://repo.maven.apache.org/maven2/io/micrometer/micrometer-core/1.10.3/micrometer-core-1.10.3.pom
2025-04-30 19:54:41,595 [Worker-31: Building] INFO  o.e.m.c.i.e.AbstractTransferListenerAdapter - Downloading https://repo.maven.apache.org/maven2/io/micrometer/micrometer-commons/1.10.3/micrometer-commons-1.10.3.pom
2025-04-30 19:54:41,645 [Worker-31: Building] INFO  o.e.m.c.i.e.AbstractTransferListenerAdapter - Downloaded https://repo.maven.apache.org/maven2/io/micrometer/micrometer-commons/1.10.3/micrometer-commons-1.10.3.pom
2025-04-30 19:54:41,716 [Worker-31: Building] INFO  o.e.m.c.i.e.AbstractTransferListenerAdapter - Downloading https://repo.maven.apache.org/maven2/io/micrometer/micrometer-observation/1.10.3/micrometer-observation-1.10.3.pom
2025-04-30 19:54:41,757 [Worker-31: Building] INFO  o.e.m.c.i.e.AbstractTransferListenerAdapter - Downloaded https://repo.maven.apache.org/maven2/io/micrometer/micrometer-observation/1.10.3/micrometer-observation-1.10.3.pom
2025-04-30 19:54:41,855 [Worker-31: Building] INFO  o.e.m.c.i.e.AbstractTransferListenerAdapter - Downloading https://repo.maven.apache.org/maven2/org/hdrhistogram/HdrHistogram/2.1.12/HdrHistogram-2.1.12.pom
2025-04-30 19:54:41,896 [Worker-31: Building] INFO  o.e.m.c.i.e.AbstractTransferListenerAdapter - Downloaded https://repo.maven.apache.org/maven2/org/hdrhistogram/HdrHistogram/2.1.12/HdrHistogram-2.1.12.pom
2025-04-30 19:54:41,987 [Worker-31: Building] INFO  o.e.m.c.i.e.AbstractTransferListenerAdapter - Downloading https://repo.maven.apache.org/maven2/org/latencyutils/LatencyUtils/2.0.3/LatencyUtils-2.0.3.pom
2025-04-30 19:54:42,012 [Worker-31: Building] INFO  o.e.m.c.i.e.AbstractTransferListenerAdapter - Downloaded https://repo.maven.apache.org/maven2/org/latencyutils/LatencyUtils/2.0.3/LatencyUtils-2.0.3.pom
2025-04-30 19:54:42,112 [Worker-31: Building] INFO  o.e.m.c.i.e.AbstractTransferListenerAdapter - Downloading https://repo.maven.apache.org/maven2/io/netty/netty-transport/4.1.87.Final/netty-transport-4.1.87.Final.pom
2025-04-30 19:54:42,155 [Worker-31: Building] INFO  o.e.m.c.i.e.AbstractTransferListenerAdapter - Downloaded https://repo.maven.apache.org/maven2/io/netty/netty-transport/4.1.87.Final/netty-transport-4.1.87.Final.pom
2025-04-30 19:54:42,287 [Worker-31: Building] INFO  o.e.m.c.i.e.AbstractTransferListenerAdapter - Downloading https://repo.maven.apache.org/maven2/io/netty/netty-parent/4.1.87.Final/netty-parent-4.1.87.Final.pom
2025-04-30 19:54:42,405 [Worker-31: Building] INFO  o.e.m.c.i.e.AbstractTransferListenerAdapter - Downloaded https://repo.maven.apache.org/maven2/io/netty/netty-parent/4.1.87.Final/netty-parent-4.1.87.Final.pom
2025-04-30 19:54:42,510 [Worker-31: Building] INFO  o.e.m.c.i.e.AbstractTransferListenerAdapter - Downloading https://repo.maven.apache.org/maven2/io/netty/netty-common/4.1.87.Final/netty-common-4.1.87.Final.pom
2025-04-30 19:54:42,549 [Worker-31: Building] INFO  o.e.m.c.i.e.AbstractTransferListenerAdapter - Downloaded https://repo.maven.apache.org/maven2/io/netty/netty-common/4.1.87.Final/netty-common-4.1.87.Final.pom
2025-04-30 19:54:42,640 [Worker-31: Building] INFO  o.e.m.c.i.e.AbstractTransferListenerAdapter - Downloading https://repo.maven.apache.org/maven2/io/netty/netty-buffer/4.1.87.Final/netty-buffer-4.1.87.Final.pom
2025-04-30 19:54:42,679 [Worker-31: Building] INFO  o.e.m.c.i.e.AbstractTransferListenerAdapter - Downloaded https://repo.maven.apache.org/maven2/io/netty/netty-buffer/4.1.87.Final/netty-buffer-4.1.87.Final.pom
2025-04-30 19:54:42,750 [Worker-31: Building] INFO  o.e.m.c.i.e.AbstractTransferListenerAdapter - Downloading https://repo.maven.apache.org/maven2/io/netty/netty-resolver/4.1.87.Final/netty-resolver-4.1.87.Final.pom
2025-04-30 19:54:42,787 [Worker-31: Building] INFO  o.e.m.c.i.e.AbstractTransferListenerAdapter - Downloaded https://repo.maven.apache.org/maven2/io/netty/netty-resolver/4.1.87.Final/netty-resolver-4.1.87.Final.pom
2025-04-30 19:54:42,871 [Worker-31: Building] INFO  o.e.m.c.i.e.AbstractTransferListenerAdapter - Downloading https://repo.maven.apache.org/maven2/io/netty/netty-codec-haproxy/4.1.87.Final/netty-codec-haproxy-4.1.87.Final.pom
2025-04-30 19:54:42,902 [Worker-31: Building] INFO  o.e.m.c.i.e.AbstractTransferListenerAdapter - Downloaded https://repo.maven.apache.org/maven2/io/netty/netty-codec-haproxy/4.1.87.Final/netty-codec-haproxy-4.1.87.Final.pom
2025-04-30 19:54:42,992 [Worker-31: Building] INFO  o.e.m.c.i.e.AbstractTransferListenerAdapter - Downloading https://repo.maven.apache.org/maven2/io/netty/netty-codec/4.1.87.Final/netty-codec-4.1.87.Final.pom
2025-04-30 19:54:43,049 [Worker-31: Building] INFO  o.e.m.c.i.e.AbstractTransferListenerAdapter - Downloaded https://repo.maven.apache.org/maven2/io/netty/netty-codec/4.1.87.Final/netty-codec-4.1.87.Final.pom
2025-04-30 19:54:43,140 [Worker-31: Building] INFO  o.e.m.c.i.e.AbstractTransferListenerAdapter - Downloading https://repo.maven.apache.org/maven2/io/netty/netty-codec-http2/4.1.87.Final/netty-codec-http2-4.1.87.Final.pom
2025-04-30 19:54:43,177 [Worker-31: Building] INFO  o.e.m.c.i.e.AbstractTransferListenerAdapter - Downloaded https://repo.maven.apache.org/maven2/io/netty/netty-codec-http2/4.1.87.Final/netty-codec-http2-4.1.87.Final.pom
2025-04-30 19:54:43,249 [Worker-31: Building] INFO  o.e.m.c.i.e.AbstractTransferListenerAdapter - Downloading https://repo.maven.apache.org/maven2/io/netty/netty-handler/4.1.87.Final/netty-handler-4.1.87.Final.pom
2025-04-30 19:54:43,282 [Worker-31: Building] INFO  o.e.m.c.i.e.AbstractTransferListenerAdapter - Downloaded https://repo.maven.apache.org/maven2/io/netty/netty-handler/4.1.87.Final/netty-handler-4.1.87.Final.pom
2025-04-30 19:54:43,372 [Worker-31: Building] INFO  o.e.m.c.i.e.AbstractTransferListenerAdapter - Downloading https://repo.maven.apache.org/maven2/io/netty/netty-transport-native-unix-common/4.1.87.Final/netty-transport-native-unix-common-4.1.87.Final.pom
2025-04-30 19:54:43,422 [Worker-31: Building] INFO  o.e.m.c.i.e.AbstractTransferListenerAdapter - Downloaded https://repo.maven.apache.org/maven2/io/netty/netty-transport-native-unix-common/4.1.87.Final/netty-transport-native-unix-common-4.1.87.Final.pom
2025-04-30 19:54:43,509 [Worker-31: Building] INFO  o.e.m.c.i.e.AbstractTransferListenerAdapter - Downloading https://repo.maven.apache.org/maven2/io/netty/netty-codec-http/4.1.87.Final/netty-codec-http-4.1.87.Final.pom
2025-04-30 19:54:43,537 [Worker-31: Building] INFO  o.e.m.c.i.e.AbstractTransferListenerAdapter - Downloaded https://repo.maven.apache.org/maven2/io/netty/netty-codec-http/4.1.87.Final/netty-codec-http-4.1.87.Final.pom
2025-04-30 19:54:43,629 [Worker-31: Building] INFO  o.e.m.c.i.e.AbstractTransferListenerAdapter - Downloading https://repo.maven.apache.org/maven2/io/netty/netty-resolver-dns/4.1.87.Final/netty-resolver-dns-4.1.87.Final.pom
2025-04-30 19:54:43,662 [Worker-31: Building] INFO  o.e.m.c.i.e.AbstractTransferListenerAdapter - Downloaded https://repo.maven.apache.org/maven2/io/netty/netty-resolver-dns/4.1.87.Final/netty-resolver-dns-4.1.87.Final.pom
2025-04-30 19:54:43,769 [Worker-31: Building] INFO  o.e.m.c.i.e.AbstractTransferListenerAdapter - Downloading https://repo.maven.apache.org/maven2/io/netty/netty-codec-dns/4.1.87.Final/netty-codec-dns-4.1.87.Final.pom
2025-04-30 19:54:43,812 [Worker-31: Building] INFO  o.e.m.c.i.e.AbstractTransferListenerAdapter - Downloaded https://repo.maven.apache.org/maven2/io/netty/netty-codec-dns/4.1.87.Final/netty-codec-dns-4.1.87.Final.pom
2025-04-30 19:54:43,910 [Worker-31: Building] INFO  o.e.m.c.i.e.AbstractTransferListenerAdapter - Downloading https://repo.maven.apache.org/maven2/io/netty/netty-transport-native-epoll/4.1.87.Final/netty-transport-native-epoll-4.1.87.Final.pom
2025-04-30 19:54:43,950 [Worker-31: Building] INFO  o.e.m.c.i.e.AbstractTransferListenerAdapter - Downloaded https://repo.maven.apache.org/maven2/io/netty/netty-transport-native-epoll/4.1.87.Final/netty-transport-native-epoll-4.1.87.Final.pom
2025-04-30 19:54:44,024 [Worker-31: Building] INFO  o.e.m.c.i.e.AbstractTransferListenerAdapter - Downloading https://repo.maven.apache.org/maven2/io/netty/netty-transport-classes-epoll/4.1.87.Final/netty-transport-classes-epoll-4.1.87.Final.pom
2025-04-30 19:54:44,063 [Worker-31: Building] INFO  o.e.m.c.i.e.AbstractTransferListenerAdapter - Downloaded https://repo.maven.apache.org/maven2/io/netty/netty-transport-classes-epoll/4.1.87.Final/netty-transport-classes-epoll-4.1.87.Final.pom
2025-04-30 19:54:44,135 [Worker-31: Building] INFO  o.e.m.c.i.e.AbstractTransferListenerAdapter - Downloading https://repo.maven.apache.org/maven2/io/netty/netty-resolver-dns-native-macos/4.1.87.Final/netty-resolver-dns-native-macos-4.1.87.Final.pom
2025-04-30 19:54:44,176 [Worker-31: Building] INFO  o.e.m.c.i.e.AbstractTransferListenerAdapter - Downloaded https://repo.maven.apache.org/maven2/io/netty/netty-resolver-dns-native-macos/4.1.87.Final/netty-resolver-dns-native-macos-4.1.87.Final.pom
2025-04-30 19:54:44,276 [Worker-31: Building] INFO  o.e.m.c.i.e.AbstractTransferListenerAdapter - Downloading https://repo.maven.apache.org/maven2/io/netty/netty-resolver-dns-classes-macos/4.1.87.Final/netty-resolver-dns-classes-macos-4.1.87.Final.pom
2025-04-30 19:54:44,314 [Worker-31: Building] INFO  o.e.m.c.i.e.AbstractTransferListenerAdapter - Downloaded https://repo.maven.apache.org/maven2/io/netty/netty-resolver-dns-classes-macos/4.1.87.Final/netty-resolver-dns-classes-macos-4.1.87.Final.pom
2025-04-30 19:54:44,390 [Worker-31: Building] INFO  o.e.m.c.i.e.AbstractTransferListenerAdapter - Downloading https://repo.maven.apache.org/maven2/io/netty/netty-tcnative-boringssl-static/2.0.56.Final/netty-tcnative-boringssl-static-2.0.56.Final.pom
2025-04-30 19:54:44,420 [Worker-31: Building] INFO  o.e.m.c.i.e.AbstractTransferListenerAdapter - Downloaded https://repo.maven.apache.org/maven2/io/netty/netty-tcnative-boringssl-static/2.0.56.Final/netty-tcnative-boringssl-static-2.0.56.Final.pom
2025-04-30 19:54:44,507 [Worker-31: Building] INFO  o.e.m.c.i.e.AbstractTransferListenerAdapter - Downloading https://repo.maven.apache.org/maven2/io/netty/netty-tcnative-classes/2.0.56.Final/netty-tcnative-classes-2.0.56.Final.pom
2025-04-30 19:54:44,539 [Worker-31: Building] INFO  o.e.m.c.i.e.AbstractTransferListenerAdapter - Downloaded https://repo.maven.apache.org/maven2/io/netty/netty-tcnative-classes/2.0.56.Final/netty-tcnative-classes-2.0.56.Final.pom
2025-04-30 19:54:44,638 [Worker-31: Building] INFO  o.e.m.c.i.e.AbstractTransferListenerAdapter - Downloading https://repo.maven.apache.org/maven2/io/netty/netty-tcnative-parent/2.0.56.Final/netty-tcnative-parent-2.0.56.Final.pom
2025-04-30 19:54:44,700 [Worker-31: Building] INFO  o.e.m.c.i.e.AbstractTransferListenerAdapter - Downloaded https://repo.maven.apache.org/maven2/io/netty/netty-tcnative-parent/2.0.56.Final/netty-tcnative-parent-2.0.56.Final.pom
2025-04-30 19:54:44,811 [Worker-31: Building] INFO  o.e.m.c.i.e.AbstractTransferListenerAdapter - Downloading https://repo.maven.apache.org/maven2/io/netty/netty-handler-proxy/4.1.87.Final/netty-handler-proxy-4.1.87.Final.pom
2025-04-30 19:54:44,838 [Worker-31: Building] INFO  o.e.m.c.i.e.AbstractTransferListenerAdapter - Downloaded https://repo.maven.apache.org/maven2/io/netty/netty-handler-proxy/4.1.87.Final/netty-handler-proxy-4.1.87.Final.pom
2025-04-30 19:54:44,909 [Worker-31: Building] INFO  o.e.m.c.i.e.AbstractTransferListenerAdapter - Downloading https://repo.maven.apache.org/maven2/io/netty/netty-codec-socks/4.1.87.Final/netty-codec-socks-4.1.87.Final.pom
2025-04-30 19:54:44,935 [Worker-31: Building] INFO  o.e.m.c.i.e.AbstractTransferListenerAdapter - Downloaded https://repo.maven.apache.org/maven2/io/netty/netty-codec-socks/4.1.87.Final/netty-codec-socks-4.1.87.Final.pom
2025-04-30 19:54:45,003 [Worker-31: Building] INFO  o.e.m.c.i.e.AbstractTransferListenerAdapter - Downloading https://repo.maven.apache.org/maven2/com/aayushatharva/brotli4j/brotli4j/1.9.0/brotli4j-1.9.0.pom
2025-04-30 19:54:45,057 [Worker-31: Building] INFO  o.e.m.c.i.e.AbstractTransferListenerAdapter - Downloaded https://repo.maven.apache.org/maven2/com/aayushatharva/brotli4j/brotli4j/1.9.0/brotli4j-1.9.0.pom
2025-04-30 19:54:45,146 [Worker-31: Building] INFO  o.e.m.c.i.e.AbstractTransferListenerAdapter - Downloading https://repo.maven.apache.org/maven2/com/aayushatharva/brotli4j/brotli4j-parent/1.9.0/brotli4j-parent-1.9.0.pom
2025-04-30 19:54:45,196 [Worker-31: Building] INFO  o.e.m.c.i.e.AbstractTransferListenerAdapter - Downloaded https://repo.maven.apache.org/maven2/com/aayushatharva/brotli4j/brotli4j-parent/1.9.0/brotli4j-parent-1.9.0.pom
2025-04-30 19:54:45,480 [Worker-31: Building] INFO  o.e.m.c.i.e.AbstractTransferListenerAdapter - Downloading https://repo.maven.apache.org/maven2/commons-codec/commons-codec/1.11/commons-codec-1.11.pom
2025-04-30 19:54:45,536 [Worker-31: Building] INFO  o.e.m.c.i.e.AbstractTransferListenerAdapter - Downloaded https://repo.maven.apache.org/maven2/commons-codec/commons-codec/1.11/commons-codec-1.11.pom
2025-04-30 19:54:45,622 [Worker-31: Building] INFO  o.e.m.c.i.e.AbstractTransferListenerAdapter - Downloading https://repo.maven.apache.org/maven2/ch/qos/logback/logback-classic/1.2.9/logback-classic-1.2.9.pom
2025-04-30 19:54:45,684 [Worker-31: Building] INFO  o.e.m.c.i.e.AbstractTransferListenerAdapter - Downloaded https://repo.maven.apache.org/maven2/ch/qos/logback/logback-classic/1.2.9/logback-classic-1.2.9.pom
2025-04-30 19:54:45,780 [Worker-31: Building] INFO  o.e.m.c.i.e.AbstractTransferListenerAdapter - Downloading https://repo.maven.apache.org/maven2/ch/qos/logback/logback-parent/1.2.9/logback-parent-1.2.9.pom
2025-04-30 19:54:45,869 [Worker-31: Building] INFO  o.e.m.c.i.e.AbstractTransferListenerAdapter - Downloaded https://repo.maven.apache.org/maven2/ch/qos/logback/logback-parent/1.2.9/logback-parent-1.2.9.pom
2025-04-30 19:54:45,972 [Worker-31: Building] INFO  o.e.m.c.i.e.AbstractTransferListenerAdapter - Downloading https://repo.maven.apache.org/maven2/ch/qos/logback/logback-core/1.2.9/logback-core-1.2.9.pom
2025-04-30 19:54:46,034 [Worker-31: Building] INFO  o.e.m.c.i.e.AbstractTransferListenerAdapter - Downloaded https://repo.maven.apache.org/maven2/ch/qos/logback/logback-core/1.2.9/logback-core-1.2.9.pom
2025-04-30 19:54:46,113 [Worker-31: Building] INFO  o.e.m.c.i.e.AbstractTransferListenerAdapter - Downloading https://repo.maven.apache.org/maven2/org/slf4j/slf4j-api/1.7.32/slf4j-api-1.7.32.pom
2025-04-30 19:54:46,160 [Worker-31: Building] INFO  o.e.m.c.i.e.AbstractTransferListenerAdapter - Downloaded https://repo.maven.apache.org/maven2/org/slf4j/slf4j-api/1.7.32/slf4j-api-1.7.32.pom
2025-04-30 19:54:46,271 [Worker-31: Building] INFO  o.e.m.c.i.e.AbstractTransferListenerAdapter - Downloading https://repo.maven.apache.org/maven2/org/slf4j/slf4j-parent/1.7.32/slf4j-parent-1.7.32.pom
2025-04-30 19:54:46,353 [Worker-31: Building] INFO  o.e.m.c.i.e.AbstractTransferListenerAdapter - Downloaded https://repo.maven.apache.org/maven2/org/slf4j/slf4j-parent/1.7.32/slf4j-parent-1.7.32.pom
2025-04-30 19:54:46,542 [Worker-31: Building] INFO  o.e.m.c.i.e.AbstractTransferListenerAdapter - Downloading https://repo.maven.apache.org/maven2/org/slf4j/jcl-over-slf4j/1.7.32/jcl-over-slf4j-1.7.32.pom
2025-04-30 19:54:46,574 [Worker-31: Building] INFO  o.e.m.c.i.e.AbstractTransferListenerAdapter - Downloaded https://repo.maven.apache.org/maven2/org/slf4j/jcl-over-slf4j/1.7.32/jcl-over-slf4j-1.7.32.pom
2025-04-30 19:54:46,684 [Worker-31: Building] INFO  o.e.m.c.i.e.AbstractTransferListenerAdapter - Downloading https://repo.maven.apache.org/maven2/org/antlr/antlr4-runtime/4.11.1/antlr4-runtime-4.11.1.pom
2025-04-30 19:54:46,717 [Worker-31: Building] INFO  o.e.m.c.i.e.AbstractTransferListenerAdapter - Downloaded https://repo.maven.apache.org/maven2/org/antlr/antlr4-runtime/4.11.1/antlr4-runtime-4.11.1.pom
2025-04-30 19:54:46,812 [Worker-31: Building] INFO  o.e.m.c.i.e.AbstractTransferListenerAdapter - Downloading https://repo.maven.apache.org/maven2/org/antlr/antlr4-master/4.11.1/antlr4-master-4.11.1.pom
2025-04-30 19:54:46,861 [Worker-31: Building] INFO  o.e.m.c.i.e.AbstractTransferListenerAdapter - Downloaded https://repo.maven.apache.org/maven2/org/antlr/antlr4-master/4.11.1/antlr4-master-4.11.1.pom
2025-04-30 19:54:46,981 [Worker-31: Building] INFO  o.e.m.c.i.e.AbstractTransferListenerAdapter - Downloading https://repo.maven.apache.org/maven2/com/jayway/jsonpath/json-path/2.8.0/json-path-2.8.0.pom
2025-04-30 19:54:47,023 [Worker-31: Building] INFO  o.e.m.c.i.e.AbstractTransferListenerAdapter - Downloaded https://repo.maven.apache.org/maven2/com/jayway/jsonpath/json-path/2.8.0/json-path-2.8.0.pom
2025-04-30 19:54:47,154 [Worker-31: Building] INFO  o.e.m.c.i.e.AbstractTransferListenerAdapter - Downloading https://repo.maven.apache.org/maven2/net/minidev/json-smart/2.4.10/json-smart-2.4.10.pom
2025-04-30 19:54:47,223 [Worker-31: Building] INFO  o.e.m.c.i.e.AbstractTransferListenerAdapter - Downloaded https://repo.maven.apache.org/maven2/net/minidev/json-smart/2.4.10/json-smart-2.4.10.pom
2025-04-30 19:54:47,423 [Worker-31: Building] INFO  o.e.m.c.i.e.AbstractTransferListenerAdapter - Downloading https://repo.maven.apache.org/maven2/net/minidev/accessors-smart/2.4.9/accessors-smart-2.4.9.pom
2025-04-30 19:54:47,494 [Worker-31: Building] INFO  o.e.m.c.i.e.AbstractTransferListenerAdapter - Downloaded https://repo.maven.apache.org/maven2/net/minidev/accessors-smart/2.4.9/accessors-smart-2.4.9.pom
2025-04-30 19:54:47,605 [Worker-31: Building] INFO  o.e.m.c.i.e.AbstractTransferListenerAdapter - Downloading https://repo.maven.apache.org/maven2/org/ow2/asm/asm/9.3/asm-9.3.pom
2025-04-30 19:54:47,676 [Worker-31: Building] INFO  o.e.m.c.i.e.AbstractTransferListenerAdapter - Downloaded https://repo.maven.apache.org/maven2/org/ow2/asm/asm/9.3/asm-9.3.pom
2025-04-30 19:54:47,846 [Worker-31: Building] INFO  o.e.m.c.i.e.AbstractTransferListenerAdapter - Downloading https://repo.maven.apache.org/maven2/org/yaml/snakeyaml/2.0/snakeyaml-2.0.pom
2025-04-30 19:54:47,932 [Worker-31: Building] INFO  o.e.m.c.i.e.AbstractTransferListenerAdapter - Downloaded https://repo.maven.apache.org/maven2/org/yaml/snakeyaml/2.0/snakeyaml-2.0.pom
2025-04-30 19:54:48,070 [Worker-31: Building] INFO  o.e.m.c.i.e.AbstractTransferListenerAdapter - Downloading https://repo.maven.apache.org/maven2/de/siegmar/fastcsv/2.2.1/fastcsv-2.2.1.pom
2025-04-30 19:54:48,128 [Worker-31: Building] INFO  o.e.m.c.i.e.AbstractTransferListenerAdapter - Downloaded https://repo.maven.apache.org/maven2/de/siegmar/fastcsv/2.2.1/fastcsv-2.2.1.pom
2025-04-30 19:54:48,293 [Worker-31: Building] INFO  o.e.m.c.i.e.AbstractTransferListenerAdapter - Downloading https://repo.maven.apache.org/maven2/info/picocli/picocli/4.7.1/picocli-4.7.1.pom
2025-04-30 19:54:48,359 [Worker-31: Building] INFO  o.e.m.c.i.e.AbstractTransferListenerAdapter - Downloaded https://repo.maven.apache.org/maven2/info/picocli/picocli/4.7.1/picocli-4.7.1.pom
2025-04-30 19:54:48,482 [Worker-31: Building] INFO  o.e.m.c.i.e.AbstractTransferListenerAdapter - Downloading https://repo.maven.apache.org/maven2/io/github/classgraph/classgraph/4.8.152/classgraph-4.8.152.pom
2025-04-30 19:54:48,554 [Worker-31: Building] INFO  o.e.m.c.i.e.AbstractTransferListenerAdapter - Downloaded https://repo.maven.apache.org/maven2/io/github/classgraph/classgraph/4.8.152/classgraph-4.8.152.pom
2025-04-30 19:54:48,751 [Worker-31: Building] INFO  o.e.m.c.i.e.AbstractTransferListenerAdapter - Downloading https://repo.maven.apache.org/maven2/io/github/t12y/resemble/1.0.2/resemble-1.0.2.pom
2025-04-30 19:54:48,783 [Worker-31: Building] INFO  o.e.m.c.i.e.AbstractTransferListenerAdapter - Downloaded https://repo.maven.apache.org/maven2/io/github/t12y/resemble/1.0.2/resemble-1.0.2.pom
2025-04-30 19:54:48,966 [Worker-31: Building] INFO  o.e.m.c.i.e.AbstractTransferListenerAdapter - Downloading https://repo.maven.apache.org/maven2/io/github/t12y/ssim/1.0.0/ssim-1.0.0.pom
2025-04-30 19:54:49,007 [Worker-31: Building] INFO  o.e.m.c.i.e.AbstractTransferListenerAdapter - Downloaded https://repo.maven.apache.org/maven2/io/github/t12y/ssim/1.0.0/ssim-1.0.0.pom
2025-04-30 19:54:49,245 [Worker-31: Building] INFO  o.e.m.c.i.e.AbstractTransferListenerAdapter - Downloading https://repo.maven.apache.org/maven2/org/junit/jupiter/junit-jupiter-api/5.9.1/junit-jupiter-api-5.9.1.pom
2025-04-30 19:54:49,279 [Worker-31: Building] INFO  o.e.m.c.i.e.AbstractTransferListenerAdapter - Downloaded https://repo.maven.apache.org/maven2/org/junit/jupiter/junit-jupiter-api/5.9.1/junit-jupiter-api-5.9.1.pom
2025-04-30 19:54:49,450 [Worker-31: Building] INFO  o.e.m.c.i.e.AbstractTransferListenerAdapter - Downloading https://repo.maven.apache.org/maven2/org/opentest4j/opentest4j/1.2.0/opentest4j-1.2.0.pom
2025-04-30 19:54:49,484 [Worker-31: Building] INFO  o.e.m.c.i.e.AbstractTransferListenerAdapter - Downloaded https://repo.maven.apache.org/maven2/org/opentest4j/opentest4j/1.2.0/opentest4j-1.2.0.pom
2025-04-30 19:54:49,577 [Worker-31: Building] INFO  o.e.m.c.i.e.AbstractTransferListenerAdapter - Downloading https://repo.maven.apache.org/maven2/org/junit/platform/junit-platform-commons/1.9.1/junit-platform-commons-1.9.1.pom
2025-04-30 19:54:49,625 [Worker-31: Building] INFO  o.e.m.c.i.e.AbstractTransferListenerAdapter - Downloaded https://repo.maven.apache.org/maven2/org/junit/platform/junit-platform-commons/1.9.1/junit-platform-commons-1.9.1.pom
2025-04-30 19:54:49,858 [Worker-31: Building] INFO  o.e.m.c.i.e.AbstractTransferListenerAdapter - Downloading https://repo.maven.apache.org/maven2/org/junit/jupiter/junit-jupiter-engine/5.9.1/junit-jupiter-engine-5.9.1.pom
2025-04-30 19:54:49,911 [Worker-31: Building] INFO  o.e.m.c.i.e.AbstractTransferListenerAdapter - Downloaded https://repo.maven.apache.org/maven2/org/junit/jupiter/junit-jupiter-engine/5.9.1/junit-jupiter-engine-5.9.1.pom
2025-04-30 19:54:50,119 [Worker-31: Building] INFO  o.e.m.c.i.e.AbstractTransferListenerAdapter - Downloading https://repo.maven.apache.org/maven2/org/junit/platform/junit-platform-engine/1.9.1/junit-platform-engine-1.9.1.pom
2025-04-30 19:54:50,186 [Worker-31: Building] INFO  o.e.m.c.i.e.AbstractTransferListenerAdapter - Downloaded https://repo.maven.apache.org/maven2/org/junit/platform/junit-platform-engine/1.9.1/junit-platform-engine-1.9.1.pom
2025-04-30 19:54:50,576 [Worker-31: Building] INFO  o.e.m.c.i.e.AbstractTransferListenerAdapter - Downloading https://repo.maven.apache.org/maven2/com/intuit/karate/karate-junit5/1.4.0/karate-junit5-1.4.0.jar
2025-04-30 19:54:50,687 [Worker-31: Building] INFO  o.e.m.c.i.e.AbstractTransferListenerAdapter - Downloaded https://repo.maven.apache.org/maven2/com/intuit/karate/karate-junit5/1.4.0/karate-junit5-1.4.0.jar
2025-04-30 19:54:51,118 [BasicRepositoryConnector-repo.maven.apache.org-0-2] INFO  o.e.m.c.i.e.AbstractTransferListenerAdapter - Downloading https://repo.maven.apache.org/maven2/org/graalvm/sdk/graal-sdk/22.3.0/graal-sdk-22.3.0.jar
2025-04-30 19:54:51,683 [BasicRepositoryConnector-repo.maven.apache.org-0-1] INFO  o.e.m.c.i.e.AbstractTransferListenerAdapter - Downloading https://repo.maven.apache.org/maven2/org/graalvm/js/js-scriptengine/22.3.0/js-scriptengine-22.3.0.jar
2025-04-30 19:54:51,689 [BasicRepositoryConnector-repo.maven.apache.org-0-4] INFO  o.e.m.c.i.e.AbstractTransferListenerAdapter - Downloading https://repo.maven.apache.org/maven2/org/graalvm/regex/regex/22.3.0/regex-22.3.0.jar
2025-04-30 19:54:51,691 [BasicRepositoryConnector-repo.maven.apache.org-0-0] INFO  o.e.m.c.i.e.AbstractTransferListenerAdapter - Downloading https://repo.maven.apache.org/maven2/com/intuit/karate/karate-core/1.4.0/karate-core-1.4.0.jar
2025-04-30 19:54:51,703 [BasicRepositoryConnector-repo.maven.apache.org-0-3] INFO  o.e.m.c.i.e.AbstractTransferListenerAdapter - Downloading https://repo.maven.apache.org/maven2/org/graalvm/js/js/22.3.0/js-22.3.0.jar
2025-04-30 19:54:52,067 [BasicRepositoryConnector-repo.maven.apache.org-0-1] INFO  o.e.m.c.i.e.AbstractTransferListenerAdapter - Downloaded https://repo.maven.apache.org/maven2/org/graalvm/js/js-scriptengine/22.3.0/js-scriptengine-22.3.0.jar
2025-04-30 19:54:52,390 [BasicRepositoryConnector-repo.maven.apache.org-0-1] INFO  o.e.m.c.i.e.AbstractTransferListenerAdapter - Downloading https://repo.maven.apache.org/maven2/org/graalvm/truffle/truffle-api/22.3.0/truffle-api-22.3.0.jar
2025-04-30 19:54:53,998 [BasicRepositoryConnector-repo.maven.apache.org-0-2] INFO  o.e.m.c.i.e.AbstractTransferListenerAdapter - Downloaded https://repo.maven.apache.org/maven2/org/graalvm/sdk/graal-sdk/22.3.0/graal-sdk-22.3.0.jar
2025-04-30 19:54:54,350 [BasicRepositoryConnector-repo.maven.apache.org-0-2] INFO  o.e.m.c.i.e.AbstractTransferListenerAdapter - Downloading https://repo.maven.apache.org/maven2/com/ibm/icu/icu4j/71.1/icu4j-71.1.jar
2025-04-30 19:54:55,338 [BasicRepositoryConnector-repo.maven.apache.org-0-0] INFO  o.e.m.c.i.e.AbstractTransferListenerAdapter - Downloaded https://repo.maven.apache.org/maven2/com/intuit/karate/karate-core/1.4.0/karate-core-1.4.0.jar
2025-04-30 19:54:55,696 [BasicRepositoryConnector-repo.maven.apache.org-0-0] INFO  o.e.m.c.i.e.AbstractTransferListenerAdapter - Downloading https://repo.maven.apache.org/maven2/org/thymeleaf/thymeleaf/3.0.14.RELEASE/thymeleaf-3.0.14.RELEASE.jar
2025-04-30 19:54:57,137 [BasicRepositoryConnector-repo.maven.apache.org-0-0] INFO  o.e.m.c.i.e.AbstractTransferListenerAdapter - Downloaded https://repo.maven.apache.org/maven2/org/thymeleaf/thymeleaf/3.0.14.RELEASE/thymeleaf-3.0.14.RELEASE.jar
2025-04-30 19:54:57,513 [BasicRepositoryConnector-repo.maven.apache.org-0-0] INFO  o.e.m.c.i.e.AbstractTransferListenerAdapter - Downloading https://repo.maven.apache.org/maven2/ognl/ognl/3.1.26/ognl-3.1.26.jar
2025-04-30 19:54:57,749 [BasicRepositoryConnector-repo.maven.apache.org-0-4] INFO  o.e.m.c.i.e.AbstractTransferListenerAdapter - Downloaded https://repo.maven.apache.org/maven2/org/graalvm/regex/regex/22.3.0/regex-22.3.0.jar
2025-04-30 19:54:57,874 [BasicRepositoryConnector-repo.maven.apache.org-0-0] INFO  o.e.m.c.i.e.AbstractTransferListenerAdapter - Downloaded https://repo.maven.apache.org/maven2/ognl/ognl/3.1.26/ognl-3.1.26.jar
2025-04-30 19:54:57,981 [BasicRepositoryConnector-repo.maven.apache.org-0-4] INFO  o.e.m.c.i.e.AbstractTransferListenerAdapter - Downloading https://repo.maven.apache.org/maven2/org/javassist/javassist/3.20.0-GA/javassist-3.20.0-GA.jar
2025-04-30 19:54:58,107 [BasicRepositoryConnector-repo.maven.apache.org-0-0] INFO  o.e.m.c.i.e.AbstractTransferListenerAdapter - Downloading https://repo.maven.apache.org/maven2/org/attoparser/attoparser/2.0.5.RELEASE/attoparser-2.0.5.RELEASE.jar
2025-04-30 19:54:58,803 [BasicRepositoryConnector-repo.maven.apache.org-0-0] INFO  o.e.m.c.i.e.AbstractTransferListenerAdapter - Downloaded https://repo.maven.apache.org/maven2/org/attoparser/attoparser/2.0.5.RELEASE/attoparser-2.0.5.RELEASE.jar
2025-04-30 19:54:59,248 [BasicRepositoryConnector-repo.maven.apache.org-0-0] INFO  o.e.m.c.i.e.AbstractTransferListenerAdapter - Downloading https://repo.maven.apache.org/maven2/org/unbescape/unbescape/1.1.6.RELEASE/unbescape-1.1.6.RELEASE.jar
2025-04-30 19:54:59,414 [BasicRepositoryConnector-repo.maven.apache.org-0-4] INFO  o.e.m.c.i.e.AbstractTransferListenerAdapter - Downloaded https://repo.maven.apache.org/maven2/org/javassist/javassist/3.20.0-GA/javassist-3.20.0-GA.jar
2025-04-30 19:54:59,599 [BasicRepositoryConnector-repo.maven.apache.org-0-0] INFO  o.e.m.c.i.e.AbstractTransferListenerAdapter - Downloaded https://repo.maven.apache.org/maven2/org/unbescape/unbescape/1.1.6.RELEASE/unbescape-1.1.6.RELEASE.jar
2025-04-30 19:54:59,742 [BasicRepositoryConnector-repo.maven.apache.org-0-4] INFO  o.e.m.c.i.e.AbstractTransferListenerAdapter - Downloading https://repo.maven.apache.org/maven2/org/slf4j/slf4j-api/1.7.25/slf4j-api-1.7.25.jar
2025-04-30 19:54:59,977 [BasicRepositoryConnector-repo.maven.apache.org-0-0] INFO  o.e.m.c.i.e.AbstractTransferListenerAdapter - Downloading https://repo.maven.apache.org/maven2/com/linecorp/armeria/armeria/1.22.0/armeria-1.22.0.jar
2025-04-30 19:55:00,587 [BasicRepositoryConnector-repo.maven.apache.org-0-4] INFO  o.e.m.c.i.e.AbstractTransferListenerAdapter - Downloaded https://repo.maven.apache.org/maven2/org/slf4j/slf4j-api/1.7.25/slf4j-api-1.7.25.jar
2025-04-30 19:55:01,099 [BasicRepositoryConnector-repo.maven.apache.org-0-4] INFO  o.e.m.c.i.e.AbstractTransferListenerAdapter - Downloading https://repo.maven.apache.org/maven2/com/fasterxml/jackson/core/jackson-core/2.14.2/jackson-core-2.14.2.jar
2025-04-30 19:55:01,788 [BasicRepositoryConnector-repo.maven.apache.org-0-4] INFO  o.e.m.c.i.e.AbstractTransferListenerAdapter - Downloaded https://repo.maven.apache.org/maven2/com/fasterxml/jackson/core/jackson-core/2.14.2/jackson-core-2.14.2.jar
2025-04-30 19:55:02,273 [BasicRepositoryConnector-repo.maven.apache.org-0-4] INFO  o.e.m.c.i.e.AbstractTransferListenerAdapter - Downloading https://repo.maven.apache.org/maven2/com/fasterxml/jackson/core/jackson-annotations/2.14.2/jackson-annotations-2.14.2.jar
2025-04-30 19:55:02,373 [BasicRepositoryConnector-repo.maven.apache.org-0-4] INFO  o.e.m.c.i.e.AbstractTransferListenerAdapter - Downloaded https://repo.maven.apache.org/maven2/com/fasterxml/jackson/core/jackson-annotations/2.14.2/jackson-annotations-2.14.2.jar
2025-04-30 19:55:03,066 [BasicRepositoryConnector-repo.maven.apache.org-0-4] INFO  o.e.m.c.i.e.AbstractTransferListenerAdapter - Downloading https://repo.maven.apache.org/maven2/com/fasterxml/jackson/core/jackson-databind/2.14.2/jackson-databind-2.14.2.jar
2025-04-30 19:55:05,836 [BasicRepositoryConnector-repo.maven.apache.org-0-4] INFO  o.e.m.c.i.e.AbstractTransferListenerAdapter - Downloaded https://repo.maven.apache.org/maven2/com/fasterxml/jackson/core/jackson-databind/2.14.2/jackson-databind-2.14.2.jar
2025-04-30 19:55:06,805 [BasicRepositoryConnector-repo.maven.apache.org-0-4] INFO  o.e.m.c.i.e.AbstractTransferListenerAdapter - Downloading https://repo.maven.apache.org/maven2/com/fasterxml/jackson/datatype/jackson-datatype-jdk8/2.14.2/jackson-datatype-jdk8-2.14.2.jar
2025-04-30 19:55:07,691 [BasicRepositoryConnector-repo.maven.apache.org-0-4] INFO  o.e.m.c.i.e.AbstractTransferListenerAdapter - Downloaded https://repo.maven.apache.org/maven2/com/fasterxml/jackson/datatype/jackson-datatype-jdk8/2.14.2/jackson-datatype-jdk8-2.14.2.jar
2025-04-30 19:55:09,105 [BasicRepositoryConnector-repo.maven.apache.org-0-4] INFO  o.e.m.c.i.e.AbstractTransferListenerAdapter - Downloading https://repo.maven.apache.org/maven2/com/fasterxml/jackson/datatype/jackson-datatype-jsr310/2.14.2/jackson-datatype-jsr310-2.14.2.jar
2025-04-30 19:55:09,229 [BasicRepositoryConnector-repo.maven.apache.org-0-4] INFO  o.e.m.c.i.e.AbstractTransferListenerAdapter - Downloaded https://repo.maven.apache.org/maven2/com/fasterxml/jackson/datatype/jackson-datatype-jsr310/2.14.2/jackson-datatype-jsr310-2.14.2.jar
2025-04-30 19:55:10,059 [BasicRepositoryConnector-repo.maven.apache.org-0-4] INFO  o.e.m.c.i.e.AbstractTransferListenerAdapter - Downloading https://repo.maven.apache.org/maven2/io/micrometer/micrometer-core/1.10.3/micrometer-core-1.10.3.jar
2025-04-30 19:55:10,514 [BasicRepositoryConnector-repo.maven.apache.org-0-2] INFO  o.e.m.c.i.e.AbstractTransferListenerAdapter - Downloaded https://repo.maven.apache.org/maven2/com/ibm/icu/icu4j/71.1/icu4j-71.1.jar
2025-04-30 19:55:11,580 [BasicRepositoryConnector-repo.maven.apache.org-0-4] INFO  o.e.m.c.i.e.AbstractTransferListenerAdapter - Downloaded https://repo.maven.apache.org/maven2/io/micrometer/micrometer-core/1.10.3/micrometer-core-1.10.3.jar
2025-04-30 19:55:11,628 [BasicRepositoryConnector-repo.maven.apache.org-0-2] INFO  o.e.m.c.i.e.AbstractTransferListenerAdapter - Downloading https://repo.maven.apache.org/maven2/io/micrometer/micrometer-commons/1.10.3/micrometer-commons-1.10.3.jar
2025-04-30 19:55:11,881 [BasicRepositoryConnector-repo.maven.apache.org-0-1] INFO  o.e.m.c.i.e.AbstractTransferListenerAdapter - Downloaded https://repo.maven.apache.org/maven2/org/graalvm/truffle/truffle-api/22.3.0/truffle-api-22.3.0.jar
2025-04-30 19:55:12,169 [BasicRepositoryConnector-repo.maven.apache.org-0-4] INFO  o.e.m.c.i.e.AbstractTransferListenerAdapter - Downloading https://repo.maven.apache.org/maven2/io/micrometer/micrometer-observation/1.10.3/micrometer-observation-1.10.3.jar
2025-04-30 19:55:12,264 [BasicRepositoryConnector-repo.maven.apache.org-0-4] INFO  o.e.m.c.i.e.AbstractTransferListenerAdapter - Downloaded https://repo.maven.apache.org/maven2/io/micrometer/micrometer-observation/1.10.3/micrometer-observation-1.10.3.jar
2025-04-30 19:55:12,422 [BasicRepositoryConnector-repo.maven.apache.org-0-1] INFO  o.e.m.c.i.e.AbstractTransferListenerAdapter - Downloading https://repo.maven.apache.org/maven2/org/hdrhistogram/HdrHistogram/2.1.12/HdrHistogram-2.1.12.jar
2025-04-30 19:55:12,502 [BasicRepositoryConnector-repo.maven.apache.org-0-2] INFO  o.e.m.c.i.e.AbstractTransferListenerAdapter - Downloaded https://repo.maven.apache.org/maven2/io/micrometer/micrometer-commons/1.10.3/micrometer-commons-1.10.3.jar
2025-04-30 19:55:12,564 [BasicRepositoryConnector-repo.maven.apache.org-0-4] INFO  o.e.m.c.i.e.AbstractTransferListenerAdapter - Downloading https://repo.maven.apache.org/maven2/org/latencyutils/LatencyUtils/2.0.3/LatencyUtils-2.0.3.jar
2025-04-30 19:55:12,801 [BasicRepositoryConnector-repo.maven.apache.org-0-2] INFO  o.e.m.c.i.e.AbstractTransferListenerAdapter - Downloading https://repo.maven.apache.org/maven2/io/netty/netty-transport/4.1.87.Final/netty-transport-4.1.87.Final.jar
2025-04-30 19:55:12,821 [BasicRepositoryConnector-repo.maven.apache.org-0-3] INFO  o.e.m.c.i.e.AbstractTransferListenerAdapter - Downloaded https://repo.maven.apache.org/maven2/org/graalvm/js/js/22.3.0/js-22.3.0.jar
2025-04-30 19:55:12,821 [BasicRepositoryConnector-repo.maven.apache.org-0-1] INFO  o.e.m.c.i.e.AbstractTransferListenerAdapter - Downloaded https://repo.maven.apache.org/maven2/org/hdrhistogram/HdrHistogram/2.1.12/HdrHistogram-2.1.12.jar
2025-04-30 19:55:12,853 [BasicRepositoryConnector-repo.maven.apache.org-0-0] INFO  o.e.m.c.i.e.AbstractTransferListenerAdapter - Downloaded https://repo.maven.apache.org/maven2/com/linecorp/armeria/armeria/1.22.0/armeria-1.22.0.jar
2025-04-30 19:55:12,908 [BasicRepositoryConnector-repo.maven.apache.org-0-3] INFO  o.e.m.c.i.e.AbstractTransferListenerAdapter - Downloading https://repo.maven.apache.org/maven2/io/netty/netty-common/4.1.87.Final/netty-common-4.1.87.Final.jar
2025-04-30 19:55:12,943 [BasicRepositoryConnector-repo.maven.apache.org-0-0] INFO  o.e.m.c.i.e.AbstractTransferListenerAdapter - Downloading https://repo.maven.apache.org/maven2/io/netty/netty-resolver/4.1.87.Final/netty-resolver-4.1.87.Final.jar
2025-04-30 19:55:12,956 [BasicRepositoryConnector-repo.maven.apache.org-0-1] INFO  o.e.m.c.i.e.AbstractTransferListenerAdapter - Downloading https://repo.maven.apache.org/maven2/io/netty/netty-buffer/4.1.87.Final/netty-buffer-4.1.87.Final.jar
2025-04-30 19:55:13,002 [BasicRepositoryConnector-repo.maven.apache.org-0-2] INFO  o.e.m.c.i.e.AbstractTransferListenerAdapter - Downloaded https://repo.maven.apache.org/maven2/io/netty/netty-transport/4.1.87.Final/netty-transport-4.1.87.Final.jar
2025-04-30 19:55:13,251 [BasicRepositoryConnector-repo.maven.apache.org-0-4] INFO  o.e.m.c.i.e.AbstractTransferListenerAdapter - Downloaded https://repo.maven.apache.org/maven2/org/latencyutils/LatencyUtils/2.0.3/LatencyUtils-2.0.3.jar
2025-04-30 19:55:13,276 [BasicRepositoryConnector-repo.maven.apache.org-0-3] INFO  o.e.m.c.i.e.AbstractTransferListenerAdapter - Downloaded https://repo.maven.apache.org/maven2/io/netty/netty-common/4.1.87.Final/netty-common-4.1.87.Final.jar
2025-04-30 19:55:13,314 [BasicRepositoryConnector-repo.maven.apache.org-0-2] INFO  o.e.m.c.i.e.AbstractTransferListenerAdapter - Downloading https://repo.maven.apache.org/maven2/io/netty/netty-codec-haproxy/4.1.87.Final/netty-codec-haproxy-4.1.87.Final.jar
2025-04-30 19:55:13,318 [BasicRepositoryConnector-repo.maven.apache.org-0-1] INFO  o.e.m.c.i.e.AbstractTransferListenerAdapter - Downloaded https://repo.maven.apache.org/maven2/io/netty/netty-buffer/4.1.87.Final/netty-buffer-4.1.87.Final.jar
2025-04-30 19:55:13,453 [BasicRepositoryConnector-repo.maven.apache.org-0-4] INFO  o.e.m.c.i.e.AbstractTransferListenerAdapter - Downloading https://repo.maven.apache.org/maven2/io/netty/netty-codec/4.1.87.Final/netty-codec-4.1.87.Final.jar
2025-04-30 19:55:13,528 [BasicRepositoryConnector-repo.maven.apache.org-0-1] INFO  o.e.m.c.i.e.AbstractTransferListenerAdapter - Downloading https://repo.maven.apache.org/maven2/io/netty/netty-handler/4.1.87.Final/netty-handler-4.1.87.Final.jar
2025-04-30 19:55:13,528 [BasicRepositoryConnector-repo.maven.apache.org-0-3] INFO  o.e.m.c.i.e.AbstractTransferListenerAdapter - Downloading https://repo.maven.apache.org/maven2/io/netty/netty-codec-http2/4.1.87.Final/netty-codec-http2-4.1.87.Final.jar
2025-04-30 19:55:13,677 [BasicRepositoryConnector-repo.maven.apache.org-0-4] INFO  o.e.m.c.i.e.AbstractTransferListenerAdapter - Downloaded https://repo.maven.apache.org/maven2/io/netty/netty-codec/4.1.87.Final/netty-codec-4.1.87.Final.jar
2025-04-30 19:55:13,805 [BasicRepositoryConnector-repo.maven.apache.org-0-0] INFO  o.e.m.c.i.e.AbstractTransferListenerAdapter - Downloaded https://repo.maven.apache.org/maven2/io/netty/netty-resolver/4.1.87.Final/netty-resolver-4.1.87.Final.jar
2025-04-30 19:55:13,970 [BasicRepositoryConnector-repo.maven.apache.org-0-1] INFO  o.e.m.c.i.e.AbstractTransferListenerAdapter - Downloaded https://repo.maven.apache.org/maven2/io/netty/netty-handler/4.1.87.Final/netty-handler-4.1.87.Final.jar
2025-04-30 19:55:13,978 [BasicRepositoryConnector-repo.maven.apache.org-0-3] INFO  o.e.m.c.i.e.AbstractTransferListenerAdapter - Downloaded https://repo.maven.apache.org/maven2/io/netty/netty-codec-http2/4.1.87.Final/netty-codec-http2-4.1.87.Final.jar
2025-04-30 19:55:14,053 [BasicRepositoryConnector-repo.maven.apache.org-0-2] INFO  o.e.m.c.i.e.AbstractTransferListenerAdapter - Downloaded https://repo.maven.apache.org/maven2/io/netty/netty-codec-haproxy/4.1.87.Final/netty-codec-haproxy-4.1.87.Final.jar
2025-04-30 19:55:14,103 [BasicRepositoryConnector-repo.maven.apache.org-0-4] INFO  o.e.m.c.i.e.AbstractTransferListenerAdapter - Downloading https://repo.maven.apache.org/maven2/io/netty/netty-codec-http/4.1.87.Final/netty-codec-http-4.1.87.Final.jar
2025-04-30 19:55:14,338 [BasicRepositoryConnector-repo.maven.apache.org-0-0] INFO  o.e.m.c.i.e.AbstractTransferListenerAdapter - Downloading https://repo.maven.apache.org/maven2/io/netty/netty-resolver-dns/4.1.87.Final/netty-resolver-dns-4.1.87.Final.jar
2025-04-30 19:55:14,375 [BasicRepositoryConnector-repo.maven.apache.org-0-4] INFO  o.e.m.c.i.e.AbstractTransferListenerAdapter - Downloaded https://repo.maven.apache.org/maven2/io/netty/netty-codec-http/4.1.87.Final/netty-codec-http-4.1.87.Final.jar
2025-04-30 19:55:14,414 [BasicRepositoryConnector-repo.maven.apache.org-0-0] INFO  o.e.m.c.i.e.AbstractTransferListenerAdapter - Downloaded https://repo.maven.apache.org/maven2/io/netty/netty-resolver-dns/4.1.87.Final/netty-resolver-dns-4.1.87.Final.jar
2025-04-30 19:55:14,452 [BasicRepositoryConnector-repo.maven.apache.org-0-1] INFO  o.e.m.c.i.e.AbstractTransferListenerAdapter - Downloading https://repo.maven.apache.org/maven2/io/netty/netty-codec-dns/4.1.87.Final/netty-codec-dns-4.1.87.Final.jar
2025-04-30 19:55:14,466 [BasicRepositoryConnector-repo.maven.apache.org-0-3] INFO  o.e.m.c.i.e.AbstractTransferListenerAdapter - Downloading https://repo.maven.apache.org/maven2/io/netty/netty-transport-native-unix-common/4.1.87.Final/netty-transport-native-unix-common-4.1.87.Final-linux-x86_64.jar
2025-04-30 19:55:14,553 [BasicRepositoryConnector-repo.maven.apache.org-0-2] INFO  o.e.m.c.i.e.AbstractTransferListenerAdapter - Downloading https://repo.maven.apache.org/maven2/io/netty/netty-transport-native-epoll/4.1.87.Final/netty-transport-native-epoll-4.1.87.Final-linux-x86_64.jar
2025-04-30 19:55:14,559 [BasicRepositoryConnector-repo.maven.apache.org-0-1] INFO  o.e.m.c.i.e.AbstractTransferListenerAdapter - Downloaded https://repo.maven.apache.org/maven2/io/netty/netty-codec-dns/4.1.87.Final/netty-codec-dns-4.1.87.Final.jar
2025-04-30 19:55:14,578 [BasicRepositoryConnector-repo.maven.apache.org-0-3] INFO  o.e.m.c.i.e.AbstractTransferListenerAdapter - Downloaded https://repo.maven.apache.org/maven2/io/netty/netty-transport-native-unix-common/4.1.87.Final/netty-transport-native-unix-common-4.1.87.Final-linux-x86_64.jar
2025-04-30 19:55:14,630 [BasicRepositoryConnector-repo.maven.apache.org-0-4] INFO  o.e.m.c.i.e.AbstractTransferListenerAdapter - Downloading https://repo.maven.apache.org/maven2/io/netty/netty-transport-native-unix-common/4.1.87.Final/netty-transport-native-unix-common-4.1.87.Final.jar
2025-04-30 19:55:14,658 [BasicRepositoryConnector-repo.maven.apache.org-0-0] INFO  o.e.m.c.i.e.AbstractTransferListenerAdapter - Downloading https://repo.maven.apache.org/maven2/io/netty/netty-transport-classes-epoll/4.1.87.Final/netty-transport-classes-epoll-4.1.87.Final.jar
2025-04-30 19:55:14,729 [BasicRepositoryConnector-repo.maven.apache.org-0-2] INFO  o.e.m.c.i.e.AbstractTransferListenerAdapter - Downloaded https://repo.maven.apache.org/maven2/io/netty/netty-transport-native-epoll/4.1.87.Final/netty-transport-native-epoll-4.1.87.Final-linux-x86_64.jar
2025-04-30 19:55:14,868 [BasicRepositoryConnector-repo.maven.apache.org-0-1] INFO  o.e.m.c.i.e.AbstractTransferListenerAdapter - Downloading https://repo.maven.apache.org/maven2/io/netty/netty-resolver-dns-native-macos/4.1.87.Final/netty-resolver-dns-native-macos-4.1.87.Final-osx-x86_64.jar
2025-04-30 19:55:14,885 [BasicRepositoryConnector-repo.maven.apache.org-0-3] INFO  o.e.m.c.i.e.AbstractTransferListenerAdapter - Downloading https://repo.maven.apache.org/maven2/io/netty/netty-resolver-dns-classes-macos/4.1.87.Final/netty-resolver-dns-classes-macos-4.1.87.Final.jar
2025-04-30 19:55:14,930 [BasicRepositoryConnector-repo.maven.apache.org-0-0] INFO  o.e.m.c.i.e.AbstractTransferListenerAdapter - Downloaded https://repo.maven.apache.org/maven2/io/netty/netty-transport-classes-epoll/4.1.87.Final/netty-transport-classes-epoll-4.1.87.Final.jar
2025-04-30 19:55:15,043 [BasicRepositoryConnector-repo.maven.apache.org-0-1] INFO  o.e.m.c.i.e.AbstractTransferListenerAdapter - Downloaded https://repo.maven.apache.org/maven2/io/netty/netty-resolver-dns-native-macos/4.1.87.Final/netty-resolver-dns-native-macos-4.1.87.Final-osx-x86_64.jar
2025-04-30 19:55:15,117 [BasicRepositoryConnector-repo.maven.apache.org-0-3] INFO  o.e.m.c.i.e.AbstractTransferListenerAdapter - Downloaded https://repo.maven.apache.org/maven2/io/netty/netty-resolver-dns-classes-macos/4.1.87.Final/netty-resolver-dns-classes-macos-4.1.87.Final.jar
2025-04-30 19:55:15,184 [BasicRepositoryConnector-repo.maven.apache.org-0-2] INFO  o.e.m.c.i.e.AbstractTransferListenerAdapter - Downloading https://repo.maven.apache.org/maven2/io/netty/netty-resolver-dns-native-macos/4.1.87.Final/netty-resolver-dns-native-macos-4.1.87.Final-osx-aarch_64.jar
2025-04-30 19:55:15,269 [BasicRepositoryConnector-repo.maven.apache.org-0-0] INFO  o.e.m.c.i.e.AbstractTransferListenerAdapter - Downloading https://repo.maven.apache.org/maven2/io/netty/netty-tcnative-boringssl-static/2.0.56.Final/netty-tcnative-boringssl-static-2.0.56.Final-linux-x86_64.jar
2025-04-30 19:55:15,337 [BasicRepositoryConnector-repo.maven.apache.org-0-2] INFO  o.e.m.c.i.e.AbstractTransferListenerAdapter - Downloaded https://repo.maven.apache.org/maven2/io/netty/netty-resolver-dns-native-macos/4.1.87.Final/netty-resolver-dns-native-macos-4.1.87.Final-osx-aarch_64.jar
2025-04-30 19:55:15,385 [BasicRepositoryConnector-repo.maven.apache.org-0-1] INFO  o.e.m.c.i.e.AbstractTransferListenerAdapter - Downloading https://repo.maven.apache.org/maven2/io/netty/netty-tcnative-classes/2.0.56.Final/netty-tcnative-classes-2.0.56.Final.jar
2025-04-30 19:55:15,421 [BasicRepositoryConnector-repo.maven.apache.org-0-4] INFO  o.e.m.c.i.e.AbstractTransferListenerAdapter - Downloaded https://repo.maven.apache.org/maven2/io/netty/netty-transport-native-unix-common/4.1.87.Final/netty-transport-native-unix-common-4.1.87.Final.jar
2025-04-30 19:55:15,590 [BasicRepositoryConnector-repo.maven.apache.org-0-3] INFO  o.e.m.c.i.e.AbstractTransferListenerAdapter - Downloading https://repo.maven.apache.org/maven2/io/netty/netty-tcnative-boringssl-static/2.0.56.Final/netty-tcnative-boringssl-static-2.0.56.Final-linux-aarch_64.jar
2025-04-30 19:55:15,907 [BasicRepositoryConnector-repo.maven.apache.org-0-2] INFO  o.e.m.c.i.e.AbstractTransferListenerAdapter - Downloading https://repo.maven.apache.org/maven2/io/netty/netty-tcnative-boringssl-static/2.0.56.Final/netty-tcnative-boringssl-static-2.0.56.Final-osx-x86_64.jar
2025-04-30 19:55:15,911 [BasicRepositoryConnector-repo.maven.apache.org-0-3] INFO  o.e.m.c.i.e.AbstractTransferListenerAdapter - Downloaded https://repo.maven.apache.org/maven2/io/netty/netty-tcnative-boringssl-static/2.0.56.Final/netty-tcnative-boringssl-static-2.0.56.Final-linux-aarch_64.jar
2025-04-30 19:55:15,981 [BasicRepositoryConnector-repo.maven.apache.org-0-0] INFO  o.e.m.c.i.e.AbstractTransferListenerAdapter - Downloaded https://repo.maven.apache.org/maven2/io/netty/netty-tcnative-boringssl-static/2.0.56.Final/netty-tcnative-boringssl-static-2.0.56.Final-linux-x86_64.jar
2025-04-30 19:55:15,994 [BasicRepositoryConnector-repo.maven.apache.org-0-4] INFO  o.e.m.c.i.e.AbstractTransferListenerAdapter - Downloading https://repo.maven.apache.org/maven2/io/netty/netty-tcnative-boringssl-static/2.0.56.Final/netty-tcnative-boringssl-static-2.0.56.Final-osx-aarch_64.jar
2025-04-30 19:55:16,114 [BasicRepositoryConnector-repo.maven.apache.org-0-1] INFO  o.e.m.c.i.e.AbstractTransferListenerAdapter - Downloaded https://repo.maven.apache.org/maven2/io/netty/netty-tcnative-classes/2.0.56.Final/netty-tcnative-classes-2.0.56.Final.jar
2025-04-30 19:55:16,215 [BasicRepositoryConnector-repo.maven.apache.org-0-2] INFO  o.e.m.c.i.e.AbstractTransferListenerAdapter - Downloaded https://repo.maven.apache.org/maven2/io/netty/netty-tcnative-boringssl-static/2.0.56.Final/netty-tcnative-boringssl-static-2.0.56.Final-osx-x86_64.jar
2025-04-30 19:55:16,217 [BasicRepositoryConnector-repo.maven.apache.org-0-3] INFO  o.e.m.c.i.e.AbstractTransferListenerAdapter - Downloading https://repo.maven.apache.org/maven2/io/netty/netty-tcnative-boringssl-static/2.0.56.Final/netty-tcnative-boringssl-static-2.0.56.Final-windows-x86_64.jar
2025-04-30 19:55:16,261 [BasicRepositoryConnector-repo.maven.apache.org-0-0] INFO  o.e.m.c.i.e.AbstractTransferListenerAdapter - Downloading https://repo.maven.apache.org/maven2/io/netty/netty-handler-proxy/4.1.87.Final/netty-handler-proxy-4.1.87.Final.jar
2025-04-30 19:55:16,287 [BasicRepositoryConnector-repo.maven.apache.org-0-4] INFO  o.e.m.c.i.e.AbstractTransferListenerAdapter - Downloaded https://repo.maven.apache.org/maven2/io/netty/netty-tcnative-boringssl-static/2.0.56.Final/netty-tcnative-boringssl-static-2.0.56.Final-osx-aarch_64.jar
2025-04-30 19:55:16,354 [BasicRepositoryConnector-repo.maven.apache.org-0-1] INFO  o.e.m.c.i.e.AbstractTransferListenerAdapter - Downloading https://repo.maven.apache.org/maven2/io/netty/netty-codec-socks/4.1.87.Final/netty-codec-socks-4.1.87.Final.jar
2025-04-30 19:55:16,385 [BasicRepositoryConnector-repo.maven.apache.org-0-2] INFO  o.e.m.c.i.e.AbstractTransferListenerAdapter - Downloading https://repo.maven.apache.org/maven2/com/aayushatharva/brotli4j/brotli4j/1.9.0/brotli4j-1.9.0.jar
2025-04-30 19:55:16,388 [BasicRepositoryConnector-repo.maven.apache.org-0-4] INFO  o.e.m.c.i.e.AbstractTransferListenerAdapter - Downloading https://repo.maven.apache.org/maven2/commons-codec/commons-codec/1.11/commons-codec-1.11.jar
2025-04-30 19:55:16,436 [BasicRepositoryConnector-repo.maven.apache.org-0-1] INFO  o.e.m.c.i.e.AbstractTransferListenerAdapter - Downloaded https://repo.maven.apache.org/maven2/io/netty/netty-codec-socks/4.1.87.Final/netty-codec-socks-4.1.87.Final.jar
2025-04-30 19:55:16,461 [BasicRepositoryConnector-repo.maven.apache.org-0-3] INFO  o.e.m.c.i.e.AbstractTransferListenerAdapter - Downloaded https://repo.maven.apache.org/maven2/io/netty/netty-tcnative-boringssl-static/2.0.56.Final/netty-tcnative-boringssl-static-2.0.56.Final-windows-x86_64.jar
2025-04-30 19:55:16,516 [BasicRepositoryConnector-repo.maven.apache.org-0-1] INFO  o.e.m.c.i.e.AbstractTransferListenerAdapter - Downloading https://repo.maven.apache.org/maven2/ch/qos/logback/logback-classic/1.2.9/logback-classic-1.2.9.jar
2025-04-30 19:55:16,520 [BasicRepositoryConnector-repo.maven.apache.org-0-4] INFO  o.e.m.c.i.e.AbstractTransferListenerAdapter - Downloaded https://repo.maven.apache.org/maven2/commons-codec/commons-codec/1.11/commons-codec-1.11.jar
2025-04-30 19:55:16,523 [BasicRepositoryConnector-repo.maven.apache.org-0-3] INFO  o.e.m.c.i.e.AbstractTransferListenerAdapter - Downloading https://repo.maven.apache.org/maven2/ch/qos/logback/logback-core/1.2.9/logback-core-1.2.9.jar
2025-04-30 19:55:16,623 [BasicRepositoryConnector-repo.maven.apache.org-0-4] INFO  o.e.m.c.i.e.AbstractTransferListenerAdapter - Downloading https://repo.maven.apache.org/maven2/org/slf4j/jcl-over-slf4j/1.7.32/jcl-over-slf4j-1.7.32.jar
2025-04-30 19:55:16,675 [BasicRepositoryConnector-repo.maven.apache.org-0-1] INFO  o.e.m.c.i.e.AbstractTransferListenerAdapter - Downloaded https://repo.maven.apache.org/maven2/ch/qos/logback/logback-classic/1.2.9/logback-classic-1.2.9.jar
2025-04-30 19:55:16,683 [BasicRepositoryConnector-repo.maven.apache.org-0-3] INFO  o.e.m.c.i.e.AbstractTransferListenerAdapter - Downloaded https://repo.maven.apache.org/maven2/ch/qos/logback/logback-core/1.2.9/logback-core-1.2.9.jar
2025-04-30 19:55:16,743 [BasicRepositoryConnector-repo.maven.apache.org-0-1] INFO  o.e.m.c.i.e.AbstractTransferListenerAdapter - Downloading https://repo.maven.apache.org/maven2/org/antlr/antlr4-runtime/4.11.1/antlr4-runtime-4.11.1.jar
2025-04-30 19:55:16,759 [BasicRepositoryConnector-repo.maven.apache.org-0-0] INFO  o.e.m.c.i.e.AbstractTransferListenerAdapter - Downloaded https://repo.maven.apache.org/maven2/io/netty/netty-handler-proxy/4.1.87.Final/netty-handler-proxy-4.1.87.Final.jar
2025-04-30 19:55:16,764 [BasicRepositoryConnector-repo.maven.apache.org-0-3] INFO  o.e.m.c.i.e.AbstractTransferListenerAdapter - Downloading https://repo.maven.apache.org/maven2/com/jayway/jsonpath/json-path/2.8.0/json-path-2.8.0.jar
2025-04-30 19:55:16,839 [BasicRepositoryConnector-repo.maven.apache.org-0-0] INFO  o.e.m.c.i.e.AbstractTransferListenerAdapter - Downloading https://repo.maven.apache.org/maven2/net/minidev/json-smart/2.4.10/json-smart-2.4.10.jar
2025-04-30 19:55:16,881 [BasicRepositoryConnector-repo.maven.apache.org-0-3] INFO  o.e.m.c.i.e.AbstractTransferListenerAdapter - Downloaded https://repo.maven.apache.org/maven2/com/jayway/jsonpath/json-path/2.8.0/json-path-2.8.0.jar
2025-04-30 19:55:16,909 [BasicRepositoryConnector-repo.maven.apache.org-0-1] INFO  o.e.m.c.i.e.AbstractTransferListenerAdapter - Downloaded https://repo.maven.apache.org/maven2/org/antlr/antlr4-runtime/4.11.1/antlr4-runtime-4.11.1.jar
2025-04-30 19:55:16,926 [BasicRepositoryConnector-repo.maven.apache.org-0-0] INFO  o.e.m.c.i.e.AbstractTransferListenerAdapter - Downloaded https://repo.maven.apache.org/maven2/net/minidev/json-smart/2.4.10/json-smart-2.4.10.jar
2025-04-30 19:55:16,957 [BasicRepositoryConnector-repo.maven.apache.org-0-3] INFO  o.e.m.c.i.e.AbstractTransferListenerAdapter - Downloading https://repo.maven.apache.org/maven2/net/minidev/accessors-smart/2.4.9/accessors-smart-2.4.9.jar
2025-04-30 19:55:16,992 [BasicRepositoryConnector-repo.maven.apache.org-0-1] INFO  o.e.m.c.i.e.AbstractTransferListenerAdapter - Downloading https://repo.maven.apache.org/maven2/org/ow2/asm/asm/9.3/asm-9.3.jar
2025-04-30 19:55:16,994 [BasicRepositoryConnector-repo.maven.apache.org-0-0] INFO  o.e.m.c.i.e.AbstractTransferListenerAdapter - Downloading https://repo.maven.apache.org/maven2/org/yaml/snakeyaml/2.0/snakeyaml-2.0.jar
2025-04-30 19:55:16,994 [BasicRepositoryConnector-repo.maven.apache.org-0-4] INFO  o.e.m.c.i.e.AbstractTransferListenerAdapter - Downloaded https://repo.maven.apache.org/maven2/org/slf4j/jcl-over-slf4j/1.7.32/jcl-over-slf4j-1.7.32.jar
2025-04-30 19:55:17,100 [BasicRepositoryConnector-repo.maven.apache.org-0-1] INFO  o.e.m.c.i.e.AbstractTransferListenerAdapter - Downloaded https://repo.maven.apache.org/maven2/org/ow2/asm/asm/9.3/asm-9.3.jar
2025-04-30 19:55:17,103 [BasicRepositoryConnector-repo.maven.apache.org-0-4] INFO  o.e.m.c.i.e.AbstractTransferListenerAdapter - Downloading https://repo.maven.apache.org/maven2/de/siegmar/fastcsv/2.2.1/fastcsv-2.2.1.jar
2025-04-30 19:55:17,119 [BasicRepositoryConnector-repo.maven.apache.org-0-0] INFO  o.e.m.c.i.e.AbstractTransferListenerAdapter - Downloaded https://repo.maven.apache.org/maven2/org/yaml/snakeyaml/2.0/snakeyaml-2.0.jar
2025-04-30 19:55:17,169 [BasicRepositoryConnector-repo.maven.apache.org-0-1] INFO  o.e.m.c.i.e.AbstractTransferListenerAdapter - Downloading https://repo.maven.apache.org/maven2/info/picocli/picocli/4.7.1/picocli-4.7.1.jar
2025-04-30 19:55:17,233 [BasicRepositoryConnector-repo.maven.apache.org-0-0] INFO  o.e.m.c.i.e.AbstractTransferListenerAdapter - Downloading https://repo.maven.apache.org/maven2/io/github/classgraph/classgraph/4.8.152/classgraph-4.8.152.jar
2025-04-30 19:55:17,235 [BasicRepositoryConnector-repo.maven.apache.org-0-2] INFO  o.e.m.c.i.e.AbstractTransferListenerAdapter - Downloaded https://repo.maven.apache.org/maven2/com/aayushatharva/brotli4j/brotli4j/1.9.0/brotli4j-1.9.0.jar
2025-04-30 19:55:17,294 [BasicRepositoryConnector-repo.maven.apache.org-0-1] INFO  o.e.m.c.i.e.AbstractTransferListenerAdapter - Downloaded https://repo.maven.apache.org/maven2/info/picocli/picocli/4.7.1/picocli-4.7.1.jar
2025-04-30 19:55:17,332 [BasicRepositoryConnector-repo.maven.apache.org-0-2] INFO  o.e.m.c.i.e.AbstractTransferListenerAdapter - Downloading https://repo.maven.apache.org/maven2/io/github/t12y/resemble/1.0.2/resemble-1.0.2.jar
2025-04-30 19:55:17,370 [BasicRepositoryConnector-repo.maven.apache.org-0-0] INFO  o.e.m.c.i.e.AbstractTransferListenerAdapter - Downloaded https://repo.maven.apache.org/maven2/io/github/classgraph/classgraph/4.8.152/classgraph-4.8.152.jar
2025-04-30 19:55:17,413 [BasicRepositoryConnector-repo.maven.apache.org-0-1] INFO  o.e.m.c.i.e.AbstractTransferListenerAdapter - Downloading https://repo.maven.apache.org/maven2/io/github/t12y/ssim/1.0.0/ssim-1.0.0.jar
2025-04-30 19:55:17,453 [BasicRepositoryConnector-repo.maven.apache.org-0-0] INFO  o.e.m.c.i.e.AbstractTransferListenerAdapter - Downloading https://repo.maven.apache.org/maven2/org/junit/jupiter/junit-jupiter-api/5.9.1/junit-jupiter-api-5.9.1.jar
2025-04-30 19:55:17,470 [BasicRepositoryConnector-repo.maven.apache.org-0-2] INFO  o.e.m.c.i.e.AbstractTransferListenerAdapter - Downloaded https://repo.maven.apache.org/maven2/io/github/t12y/resemble/1.0.2/resemble-1.0.2.jar
2025-04-30 19:55:17,535 [BasicRepositoryConnector-repo.maven.apache.org-0-0] INFO  o.e.m.c.i.e.AbstractTransferListenerAdapter - Downloaded https://repo.maven.apache.org/maven2/org/junit/jupiter/junit-jupiter-api/5.9.1/junit-jupiter-api-5.9.1.jar
2025-04-30 19:55:17,538 [BasicRepositoryConnector-repo.maven.apache.org-0-3] INFO  o.e.m.c.i.e.AbstractTransferListenerAdapter - Downloaded https://repo.maven.apache.org/maven2/net/minidev/accessors-smart/2.4.9/accessors-smart-2.4.9.jar
2025-04-30 19:55:17,573 [BasicRepositoryConnector-repo.maven.apache.org-0-2] INFO  o.e.m.c.i.e.AbstractTransferListenerAdapter - Downloading https://repo.maven.apache.org/maven2/org/opentest4j/opentest4j/1.2.0/opentest4j-1.2.0.jar
2025-04-30 19:55:17,611 [BasicRepositoryConnector-repo.maven.apache.org-0-3] INFO  o.e.m.c.i.e.AbstractTransferListenerAdapter - Downloading https://repo.maven.apache.org/maven2/org/junit/jupiter/junit-jupiter-engine/5.9.1/junit-jupiter-engine-5.9.1.jar
2025-04-30 19:55:17,611 [BasicRepositoryConnector-repo.maven.apache.org-0-0] INFO  o.e.m.c.i.e.AbstractTransferListenerAdapter - Downloading https://repo.maven.apache.org/maven2/org/junit/platform/junit-platform-commons/1.9.1/junit-platform-commons-1.9.1.jar
2025-04-30 19:55:17,695 [BasicRepositoryConnector-repo.maven.apache.org-0-0] INFO  o.e.m.c.i.e.AbstractTransferListenerAdapter - Downloaded https://repo.maven.apache.org/maven2/org/junit/platform/junit-platform-commons/1.9.1/junit-platform-commons-1.9.1.jar
2025-04-30 19:55:17,709 [BasicRepositoryConnector-repo.maven.apache.org-0-2] INFO  o.e.m.c.i.e.AbstractTransferListenerAdapter - Downloaded https://repo.maven.apache.org/maven2/org/opentest4j/opentest4j/1.2.0/opentest4j-1.2.0.jar
2025-04-30 19:55:17,726 [BasicRepositoryConnector-repo.maven.apache.org-0-3] INFO  o.e.m.c.i.e.AbstractTransferListenerAdapter - Downloaded https://repo.maven.apache.org/maven2/org/junit/jupiter/junit-jupiter-engine/5.9.1/junit-jupiter-engine-5.9.1.jar
2025-04-30 19:55:17,754 [BasicRepositoryConnector-repo.maven.apache.org-0-4] INFO  o.e.m.c.i.e.AbstractTransferListenerAdapter - Downloaded https://repo.maven.apache.org/maven2/de/siegmar/fastcsv/2.2.1/fastcsv-2.2.1.jar
2025-04-30 19:55:17,783 [BasicRepositoryConnector-repo.maven.apache.org-0-0] INFO  o.e.m.c.i.e.AbstractTransferListenerAdapter - Downloading https://repo.maven.apache.org/maven2/org/junit/platform/junit-platform-engine/1.9.1/junit-platform-engine-1.9.1.jar
2025-04-30 19:55:17,856 [BasicRepositoryConnector-repo.maven.apache.org-0-0] INFO  o.e.m.c.i.e.AbstractTransferListenerAdapter - Downloaded https://repo.maven.apache.org/maven2/org/junit/platform/junit-platform-engine/1.9.1/junit-platform-engine-1.9.1.jar
2025-04-30 19:55:18,095 [BasicRepositoryConnector-repo.maven.apache.org-0-1] INFO  o.e.m.c.i.e.AbstractTransferListenerAdapter - Downloaded https://repo.maven.apache.org/maven2/io/github/t12y/ssim/1.0.0/ssim-1.0.0.jar
2025-04-30 19:55:19,946 [Worker-31: Building] WARN  o.a.m.s.f.DefaultMavenResourcesFiltering - Using platform encoding (UTF-8 actually) to copy filtered resources, i.e. build is platform dependent!
2025-04-30 19:55:19,946 [Worker-1: Download sources and javadoc] INFO  o.e.m.c.i.e.AbstractTransferListenerAdapter - Downloading https://repo.maven.apache.org/maven2/com/intuit/karate/karate-junit5/1.4.0/karate-junit5-1.4.0-sources.jar
2025-04-30 19:55:19,958 [Worker-31: Building] INFO  o.a.m.s.f.DefaultMavenResourcesFiltering - Copying 0 resource from src\main\resources to target\classes
2025-04-30 19:55:19,965 [Worker-31: Building] WARN  o.a.m.s.f.DefaultMavenResourcesFiltering - Using platform encoding (UTF-8 actually) to copy filtered resources, i.e. build is platform dependent!
2025-04-30 19:55:19,965 [Worker-31: Building] INFO  o.a.m.s.f.DefaultMavenResourcesFiltering - Copying 0 resource from src\test\resources to target\test-classes
2025-04-30 19:55:20,033 [Worker-1: Download sources and javadoc] INFO  o.e.m.c.i.e.AbstractTransferListenerAdapter - Downloaded https://repo.maven.apache.org/maven2/com/intuit/karate/karate-junit5/1.4.0/karate-junit5-1.4.0-sources.jar
2025-04-30 19:55:20,043 [Worker-1: Download sources and javadoc] INFO  o.e.m.j.internal.DownloadSourcesJob - Downloaded sources for com.intuit.karate:karate-junit5:1.4.0
2025-04-30 19:55:20,248 [Worker-1: Download sources and javadoc] INFO  o.e.m.c.i.e.AbstractTransferListenerAdapter - Downloading https://repo.maven.apache.org/maven2/com/intuit/karate/karate-core/1.4.0/karate-core-1.4.0-sources.jar
2025-04-30 19:55:21,035 [Worker-1: Download sources and javadoc] INFO  o.e.m.c.i.e.AbstractTransferListenerAdapter - Downloaded https://repo.maven.apache.org/maven2/com/intuit/karate/karate-core/1.4.0/karate-core-1.4.0-sources.jar
2025-04-30 19:55:21,060 [Worker-1: Download sources and javadoc] INFO  o.e.m.j.internal.DownloadSourcesJob - Downloaded sources for com.intuit.karate:karate-core:1.4.0
2025-04-30 19:55:21,292 [Worker-1: Download sources and javadoc] INFO  o.e.m.c.i.e.AbstractTransferListenerAdapter - Downloading https://repo.maven.apache.org/maven2/org/graalvm/js/js-scriptengine/22.3.0/js-scriptengine-22.3.0-sources.jar
2025-04-30 19:55:21,340 [Worker-1: Download sources and javadoc] INFO  o.e.m.c.i.e.AbstractTransferListenerAdapter - Downloaded https://repo.maven.apache.org/maven2/org/graalvm/js/js-scriptengine/22.3.0/js-scriptengine-22.3.0-sources.jar
2025-04-30 19:55:21,350 [Worker-1: Download sources and javadoc] INFO  o.e.m.j.internal.DownloadSourcesJob - Downloaded sources for org.graalvm.js:js-scriptengine:22.3.0
2025-04-30 19:55:21,559 [Worker-1: Download sources and javadoc] INFO  o.e.m.c.i.e.AbstractTransferListenerAdapter - Downloading https://repo.maven.apache.org/maven2/org/graalvm/sdk/graal-sdk/22.3.0/graal-sdk-22.3.0-sources.jar
2025-04-30 19:55:21,576 [Worker-28: Building] WARN  o.a.m.s.f.DefaultMavenResourcesFiltering - Using platform encoding (UTF-8 actually) to copy filtered resources, i.e. build is platform dependent!
2025-04-30 19:55:21,576 [Worker-28: Building] INFO  o.a.m.s.f.DefaultMavenResourcesFiltering - Copying 0 resource from src\main\resources to target\classes
2025-04-30 19:55:21,576 [Worker-28: Building] WARN  o.a.m.s.f.DefaultMavenResourcesFiltering - Using platform encoding (UTF-8 actually) to copy filtered resources, i.e. build is platform dependent!
2025-04-30 19:55:21,576 [Worker-28: Building] INFO  o.a.m.s.f.DefaultMavenResourcesFiltering - Copying 0 resource from src\test\resources to target\test-classes
2025-04-30 19:55:22,075 [Worker-1: Download sources and javadoc] INFO  o.e.m.c.i.e.AbstractTransferListenerAdapter - Downloaded https://repo.maven.apache.org/maven2/org/graalvm/sdk/graal-sdk/22.3.0/graal-sdk-22.3.0-sources.jar
2025-04-30 19:55:22,084 [Worker-1: Download sources and javadoc] INFO  o.e.m.j.internal.DownloadSourcesJob - Downloaded sources for org.graalvm.sdk:graal-sdk:22.3.0
2025-04-30 19:55:22,324 [Worker-1: Download sources and javadoc] INFO  o.e.m.c.i.e.AbstractTransferListenerAdapter - Downloading https://repo.maven.apache.org/maven2/org/graalvm/js/js/22.3.0/js-22.3.0-sources.jar
2025-04-30 19:55:24,777 [Worker-1: Download sources and javadoc] INFO  o.e.m.c.i.e.AbstractTransferListenerAdapter - Downloaded https://repo.maven.apache.org/maven2/org/graalvm/js/js/22.3.0/js-22.3.0-sources.jar
2025-04-30 19:55:24,783 [Worker-1: Download sources and javadoc] INFO  o.e.m.j.internal.DownloadSourcesJob - Downloaded sources for org.graalvm.js:js:22.3.0
2025-04-30 19:55:25,296 [Worker-1: Download sources and javadoc] INFO  o.e.m.c.i.e.AbstractTransferListenerAdapter - Downloading https://repo.maven.apache.org/maven2/org/graalvm/regex/regex/22.3.0/regex-22.3.0-sources.jar
2025-04-30 19:55:26,146 [Worker-1: Download sources and javadoc] INFO  o.e.m.c.i.e.AbstractTransferListenerAdapter - Downloaded https://repo.maven.apache.org/maven2/org/graalvm/regex/regex/22.3.0/regex-22.3.0-sources.jar
2025-04-30 19:55:26,154 [Worker-1: Download sources and javadoc] INFO  o.e.m.j.internal.DownloadSourcesJob - Downloaded sources for org.graalvm.regex:regex:22.3.0
2025-04-30 19:55:26,377 [Worker-1: Download sources and javadoc] INFO  o.e.m.c.i.e.AbstractTransferListenerAdapter - Downloading https://repo.maven.apache.org/maven2/org/graalvm/truffle/truffle-api/22.3.0/truffle-api-22.3.0-sources.jar
2025-04-30 19:55:27,406 [Worker-1: Download sources and javadoc] INFO  o.e.m.c.i.e.AbstractTransferListenerAdapter - Downloaded https://repo.maven.apache.org/maven2/org/graalvm/truffle/truffle-api/22.3.0/truffle-api-22.3.0-sources.jar
2025-04-30 19:55:27,412 [Worker-1: Download sources and javadoc] INFO  o.e.m.j.internal.DownloadSourcesJob - Downloaded sources for org.graalvm.truffle:truffle-api:22.3.0
2025-04-30 19:55:27,605 [Worker-1: Download sources and javadoc] INFO  o.e.m.c.i.e.AbstractTransferListenerAdapter - Downloading https://repo.maven.apache.org/maven2/com/ibm/icu/icu4j/71.1/icu4j-71.1-sources.jar
2025-04-30 19:55:29,287 [Worker-1: Download sources and javadoc] INFO  o.e.m.c.i.e.AbstractTransferListenerAdapter - Downloaded https://repo.maven.apache.org/maven2/com/ibm/icu/icu4j/71.1/icu4j-71.1-sources.jar
2025-04-30 19:55:29,294 [Worker-1: Download sources and javadoc] INFO  o.e.m.j.internal.DownloadSourcesJob - Downloaded sources for com.ibm.icu:icu4j:71.1
2025-04-30 19:55:29,489 [Worker-1: Download sources and javadoc] INFO  o.e.m.c.i.e.AbstractTransferListenerAdapter - Downloading https://repo.maven.apache.org/maven2/org/thymeleaf/thymeleaf/3.0.14.RELEASE/thymeleaf-3.0.14.RELEASE-sources.jar
2025-04-30 19:55:30,345 [Worker-1: Download sources and javadoc] INFO  o.e.m.c.i.e.AbstractTransferListenerAdapter - Downloaded https://repo.maven.apache.org/maven2/org/thymeleaf/thymeleaf/3.0.14.RELEASE/thymeleaf-3.0.14.RELEASE-sources.jar
2025-04-30 19:55:30,363 [Worker-1: Download sources and javadoc] INFO  o.e.m.j.internal.DownloadSourcesJob - Downloaded sources for org.thymeleaf:thymeleaf:3.0.14.RELEASE
2025-04-30 19:55:30,579 [Worker-1: Download sources and javadoc] INFO  o.e.m.c.i.e.AbstractTransferListenerAdapter - Downloading https://repo.maven.apache.org/maven2/ognl/ognl/3.1.26/ognl-3.1.26-sources.jar
2025-04-30 19:55:30,934 [Worker-1: Download sources and javadoc] INFO  o.e.m.c.i.e.AbstractTransferListenerAdapter - Downloaded https://repo.maven.apache.org/maven2/ognl/ognl/3.1.26/ognl-3.1.26-sources.jar
2025-04-30 19:55:30,940 [Worker-1: Download sources and javadoc] INFO  o.e.m.j.internal.DownloadSourcesJob - Downloaded sources for ognl:ognl:3.1.26
2025-04-30 19:55:31,150 [Worker-1: Download sources and javadoc] INFO  o.e.m.c.i.e.AbstractTransferListenerAdapter - Downloading https://repo.maven.apache.org/maven2/org/javassist/javassist/3.20.0-GA/javassist-3.20.0-GA-sources.jar
2025-04-30 19:55:31,528 [Worker-1: Download sources and javadoc] INFO  o.e.m.c.i.e.AbstractTransferListenerAdapter - Downloaded https://repo.maven.apache.org/maven2/org/javassist/javassist/3.20.0-GA/javassist-3.20.0-GA-sources.jar
2025-04-30 19:55:31,545 [Worker-1: Download sources and javadoc] INFO  o.e.m.j.internal.DownloadSourcesJob - Downloaded sources for org.javassist:javassist:3.20.0-GA
2025-04-30 19:55:31,774 [Worker-1: Download sources and javadoc] INFO  o.e.m.c.i.e.AbstractTransferListenerAdapter - Downloading https://repo.maven.apache.org/maven2/org/attoparser/attoparser/2.0.5.RELEASE/attoparser-2.0.5.RELEASE-sources.jar
2025-04-30 19:55:32,086 [Worker-1: Download sources and javadoc] INFO  o.e.m.c.i.e.AbstractTransferListenerAdapter - Downloaded https://repo.maven.apache.org/maven2/org/attoparser/attoparser/2.0.5.RELEASE/attoparser-2.0.5.RELEASE-sources.jar
2025-04-30 19:55:32,095 [Worker-1: Download sources and javadoc] INFO  o.e.m.j.internal.DownloadSourcesJob - Downloaded sources for org.attoparser:attoparser:2.0.5.RELEASE
2025-04-30 19:55:32,289 [Worker-1: Download sources and javadoc] INFO  o.e.m.c.i.e.AbstractTransferListenerAdapter - Downloading https://repo.maven.apache.org/maven2/org/unbescape/unbescape/1.1.6.RELEASE/unbescape-1.1.6.RELEASE-sources.jar
2025-04-30 19:55:32,569 [Worker-1: Download sources and javadoc] INFO  o.e.m.c.i.e.AbstractTransferListenerAdapter - Downloaded https://repo.maven.apache.org/maven2/org/unbescape/unbescape/1.1.6.RELEASE/unbescape-1.1.6.RELEASE-sources.jar
2025-04-30 19:55:32,577 [Worker-1: Download sources and javadoc] INFO  o.e.m.j.internal.DownloadSourcesJob - Downloaded sources for org.unbescape:unbescape:1.1.6.RELEASE
2025-04-30 19:55:32,769 [Worker-1: Download sources and javadoc] INFO  o.e.m.c.i.e.AbstractTransferListenerAdapter - Downloading https://repo.maven.apache.org/maven2/org/slf4j/slf4j-api/1.7.25/slf4j-api-1.7.25-sources.jar
2025-04-30 19:55:32,868 [Worker-1: Download sources and javadoc] INFO  o.e.m.c.i.e.AbstractTransferListenerAdapter - Downloaded https://repo.maven.apache.org/maven2/org/slf4j/slf4j-api/1.7.25/slf4j-api-1.7.25-sources.jar
2025-04-30 19:55:32,874 [Worker-1: Download sources and javadoc] INFO  o.e.m.j.internal.DownloadSourcesJob - Downloaded sources for org.slf4j:slf4j-api:1.7.25
2025-04-30 19:55:33,073 [Worker-1: Download sources and javadoc] INFO  o.e.m.c.i.e.AbstractTransferListenerAdapter - Downloading https://repo.maven.apache.org/maven2/com/linecorp/armeria/armeria/1.22.0/armeria-1.22.0-sources.jar
2025-04-30 19:55:34,694 [Worker-1: Download sources and javadoc] INFO  o.e.m.c.i.e.AbstractTransferListenerAdapter - Downloaded https://repo.maven.apache.org/maven2/com/linecorp/armeria/armeria/1.22.0/armeria-1.22.0-sources.jar
2025-04-30 19:55:34,700 [Worker-1: Download sources and javadoc] INFO  o.e.m.j.internal.DownloadSourcesJob - Downloaded sources for com.linecorp.armeria:armeria:1.22.0
2025-04-30 19:55:34,893 [Worker-1: Download sources and javadoc] INFO  o.e.m.c.i.e.AbstractTransferListenerAdapter - Downloading https://repo.maven.apache.org/maven2/com/fasterxml/jackson/core/jackson-core/2.14.2/jackson-core-2.14.2-sources.jar
2025-04-30 19:55:35,325 [Worker-1: Download sources and javadoc] INFO  o.e.m.c.i.e.AbstractTransferListenerAdapter - Downloaded https://repo.maven.apache.org/maven2/com/fasterxml/jackson/core/jackson-core/2.14.2/jackson-core-2.14.2-sources.jar
2025-04-30 19:55:35,339 [Worker-1: Download sources and javadoc] INFO  o.e.m.j.internal.DownloadSourcesJob - Downloaded sources for com.fasterxml.jackson.core:jackson-core:2.14.2
2025-04-30 19:55:35,585 [Worker-1: Download sources and javadoc] INFO  o.e.m.c.i.e.AbstractTransferListenerAdapter - Downloading https://repo.maven.apache.org/maven2/com/fasterxml/jackson/core/jackson-annotations/2.14.2/jackson-annotations-2.14.2-sources.jar
2025-04-30 19:55:35,697 [Worker-1: Download sources and javadoc] INFO  o.e.m.c.i.e.AbstractTransferListenerAdapter - Downloaded https://repo.maven.apache.org/maven2/com/fasterxml/jackson/core/jackson-annotations/2.14.2/jackson-annotations-2.14.2-sources.jar
2025-04-30 19:55:35,715 [Worker-1: Download sources and javadoc] INFO  o.e.m.j.internal.DownloadSourcesJob - Downloaded sources for com.fasterxml.jackson.core:jackson-annotations:2.14.2
2025-04-30 19:55:35,937 [Worker-1: Download sources and javadoc] INFO  o.e.m.c.i.e.AbstractTransferListenerAdapter - Downloading https://repo.maven.apache.org/maven2/com/fasterxml/jackson/core/jackson-databind/2.14.2/jackson-databind-2.14.2-sources.jar
2025-04-30 19:55:36,554 [Worker-1: Download sources and javadoc] INFO  o.e.m.c.i.e.AbstractTransferListenerAdapter - Downloaded https://repo.maven.apache.org/maven2/com/fasterxml/jackson/core/jackson-databind/2.14.2/jackson-databind-2.14.2-sources.jar
2025-04-30 19:55:36,574 [Worker-1: Download sources and javadoc] INFO  o.e.m.j.internal.DownloadSourcesJob - Downloaded sources for com.fasterxml.jackson.core:jackson-databind:2.14.2
2025-04-30 19:55:36,831 [Worker-1: Download sources and javadoc] INFO  o.e.m.c.i.e.AbstractTransferListenerAdapter - Downloading https://repo.maven.apache.org/maven2/com/fasterxml/jackson/datatype/jackson-datatype-jdk8/2.14.2/jackson-datatype-jdk8-2.14.2-sources.jar
2025-04-30 19:55:37,471 [Worker-1: Download sources and javadoc] INFO  o.e.m.c.i.e.AbstractTransferListenerAdapter - Downloaded https://repo.maven.apache.org/maven2/com/fasterxml/jackson/datatype/jackson-datatype-jdk8/2.14.2/jackson-datatype-jdk8-2.14.2-sources.jar
2025-04-30 19:55:37,478 [Worker-1: Download sources and javadoc] INFO  o.e.m.j.internal.DownloadSourcesJob - Downloaded sources for com.fasterxml.jackson.datatype:jackson-datatype-jdk8:2.14.2
2025-04-30 19:55:37,720 [Worker-1: Download sources and javadoc] INFO  o.e.m.c.i.e.AbstractTransferListenerAdapter - Downloading https://repo.maven.apache.org/maven2/com/fasterxml/jackson/datatype/jackson-datatype-jsr310/2.14.2/jackson-datatype-jsr310-2.14.2-sources.jar
2025-04-30 19:55:37,906 [Worker-1: Download sources and javadoc] INFO  o.e.m.c.i.e.AbstractTransferListenerAdapter - Downloaded https://repo.maven.apache.org/maven2/com/fasterxml/jackson/datatype/jackson-datatype-jsr310/2.14.2/jackson-datatype-jsr310-2.14.2-sources.jar
2025-04-30 19:55:37,916 [Worker-1: Download sources and javadoc] INFO  o.e.m.j.internal.DownloadSourcesJob - Downloaded sources for com.fasterxml.jackson.datatype:jackson-datatype-jsr310:2.14.2
2025-04-30 19:55:38,104 [Worker-1: Download sources and javadoc] INFO  o.e.m.c.i.e.AbstractTransferListenerAdapter - Downloading https://repo.maven.apache.org/maven2/io/micrometer/micrometer-core/1.10.3/micrometer-core-1.10.3-sources.jar
2025-04-30 19:55:38,646 [Worker-1: Download sources and javadoc] INFO  o.e.m.c.i.e.AbstractTransferListenerAdapter - Downloaded https://repo.maven.apache.org/maven2/io/micrometer/micrometer-core/1.10.3/micrometer-core-1.10.3-sources.jar
2025-04-30 19:55:38,652 [Worker-1: Download sources and javadoc] INFO  o.e.m.j.internal.DownloadSourcesJob - Downloaded sources for io.micrometer:micrometer-core:1.10.3
2025-04-30 19:55:38,851 [Worker-1: Download sources and javadoc] INFO  o.e.m.c.i.e.AbstractTransferListenerAdapter - Downloading https://repo.maven.apache.org/maven2/io/micrometer/micrometer-commons/1.10.3/micrometer-commons-1.10.3-sources.jar
2025-04-30 19:55:39,463 [Worker-1: Download sources and javadoc] INFO  o.e.m.c.i.e.AbstractTransferListenerAdapter - Downloaded https://repo.maven.apache.org/maven2/io/micrometer/micrometer-commons/1.10.3/micrometer-commons-1.10.3-sources.jar
2025-04-30 19:55:39,467 [Worker-1: Download sources and javadoc] INFO  o.e.m.j.internal.DownloadSourcesJob - Downloaded sources for io.micrometer:micrometer-commons:1.10.3
2025-04-30 19:55:39,667 [Worker-1: Download sources and javadoc] INFO  o.e.m.c.i.e.AbstractTransferListenerAdapter - Downloading https://repo.maven.apache.org/maven2/io/micrometer/micrometer-observation/1.10.3/micrometer-observation-1.10.3-sources.jar
2025-04-30 19:55:40,396 [Worker-1: Download sources and javadoc] INFO  o.e.m.c.i.e.AbstractTransferListenerAdapter - Downloaded https://repo.maven.apache.org/maven2/io/micrometer/micrometer-observation/1.10.3/micrometer-observation-1.10.3-sources.jar
2025-04-30 19:55:40,409 [Worker-1: Download sources and javadoc] INFO  o.e.m.j.internal.DownloadSourcesJob - Downloaded sources for io.micrometer:micrometer-observation:1.10.3
2025-04-30 19:55:40,670 [Worker-1: Download sources and javadoc] INFO  o.e.m.c.i.e.AbstractTransferListenerAdapter - Downloading https://repo.maven.apache.org/maven2/org/hdrhistogram/HdrHistogram/2.1.12/HdrHistogram-2.1.12-sources.jar
2025-04-30 19:55:40,837 [Worker-1: Download sources and javadoc] INFO  o.e.m.c.i.e.AbstractTransferListenerAdapter - Downloaded https://repo.maven.apache.org/maven2/org/hdrhistogram/HdrHistogram/2.1.12/HdrHistogram-2.1.12-sources.jar
2025-04-30 19:55:40,870 [Worker-1: Download sources and javadoc] INFO  o.e.m.j.internal.DownloadSourcesJob - Downloaded sources for org.hdrhistogram:HdrHistogram:2.1.12
2025-04-30 19:55:41,046 [Worker-1: Download sources and javadoc] INFO  o.e.m.c.i.e.AbstractTransferListenerAdapter - Downloading https://repo.maven.apache.org/maven2/org/latencyutils/LatencyUtils/2.0.3/LatencyUtils-2.0.3-sources.jar
2025-04-30 19:55:41,228 [Worker-1: Download sources and javadoc] INFO  o.e.m.c.i.e.AbstractTransferListenerAdapter - Downloaded https://repo.maven.apache.org/maven2/org/latencyutils/LatencyUtils/2.0.3/LatencyUtils-2.0.3-sources.jar
2025-04-30 19:55:41,236 [Worker-1: Download sources and javadoc] INFO  o.e.m.j.internal.DownloadSourcesJob - Downloaded sources for org.latencyutils:LatencyUtils:2.0.3
2025-04-30 19:55:41,407 [Worker-1: Download sources and javadoc] INFO  o.e.m.c.i.e.AbstractTransferListenerAdapter - Downloading https://repo.maven.apache.org/maven2/io/netty/netty-transport/4.1.87.Final/netty-transport-4.1.87.Final-sources.jar
2025-04-30 19:55:41,790 [Worker-1: Download sources and javadoc] INFO  o.e.m.c.i.e.AbstractTransferListenerAdapter - Downloaded https://repo.maven.apache.org/maven2/io/netty/netty-transport/4.1.87.Final/netty-transport-4.1.87.Final-sources.jar
2025-04-30 19:55:41,797 [Worker-1: Download sources and javadoc] INFO  o.e.m.j.internal.DownloadSourcesJob - Downloaded sources for io.netty:netty-transport:4.1.87.Final
2025-04-30 19:55:41,989 [Worker-1: Download sources and javadoc] INFO  o.e.m.c.i.e.AbstractTransferListenerAdapter - Downloading https://repo.maven.apache.org/maven2/io/netty/netty-common/4.1.87.Final/netty-common-4.1.87.Final-sources.jar
2025-04-30 19:55:42,680 [Worker-1: Download sources and javadoc] INFO  o.e.m.c.i.e.AbstractTransferListenerAdapter - Downloaded https://repo.maven.apache.org/maven2/io/netty/netty-common/4.1.87.Final/netty-common-4.1.87.Final-sources.jar
2025-04-30 19:55:42,688 [Worker-1: Download sources and javadoc] INFO  o.e.m.j.internal.DownloadSourcesJob - Downloaded sources for io.netty:netty-common:4.1.87.Final
2025-04-30 19:55:42,871 [Worker-1: Download sources and javadoc] INFO  o.e.m.c.i.e.AbstractTransferListenerAdapter - Downloading https://repo.maven.apache.org/maven2/io/netty/netty-buffer/4.1.87.Final/netty-buffer-4.1.87.Final-sources.jar
2025-04-30 19:55:43,163 [Worker-1: Download sources and javadoc] INFO  o.e.m.c.i.e.AbstractTransferListenerAdapter - Downloaded https://repo.maven.apache.org/maven2/io/netty/netty-buffer/4.1.87.Final/netty-buffer-4.1.87.Final-sources.jar
2025-04-30 19:55:43,163 [Worker-1: Download sources and javadoc] INFO  o.e.m.j.internal.DownloadSourcesJob - Downloaded sources for io.netty:netty-buffer:4.1.87.Final
2025-04-30 19:55:43,372 [Worker-1: Download sources and javadoc] INFO  o.e.m.c.i.e.AbstractTransferListenerAdapter - Downloading https://repo.maven.apache.org/maven2/io/netty/netty-resolver/4.1.87.Final/netty-resolver-4.1.87.Final-sources.jar
2025-04-30 19:55:43,829 [Worker-1: Download sources and javadoc] INFO  o.e.m.c.i.e.AbstractTransferListenerAdapter - Downloaded https://repo.maven.apache.org/maven2/io/netty/netty-resolver/4.1.87.Final/netty-resolver-4.1.87.Final-sources.jar
2025-04-30 19:55:43,834 [Worker-1: Download sources and javadoc] INFO  o.e.m.j.internal.DownloadSourcesJob - Downloaded sources for io.netty:netty-resolver:4.1.87.Final
2025-04-30 19:55:44,051 [Worker-1: Download sources and javadoc] INFO  o.e.m.c.i.e.AbstractTransferListenerAdapter - Downloading https://repo.maven.apache.org/maven2/io/netty/netty-codec-haproxy/4.1.87.Final/netty-codec-haproxy-4.1.87.Final-sources.jar
2025-04-30 19:55:44,329 [Worker-1: Download sources and javadoc] INFO  o.e.m.c.i.e.AbstractTransferListenerAdapter - Downloaded https://repo.maven.apache.org/maven2/io/netty/netty-codec-haproxy/4.1.87.Final/netty-codec-haproxy-4.1.87.Final-sources.jar
2025-04-30 19:55:44,335 [Worker-1: Download sources and javadoc] INFO  o.e.m.j.internal.DownloadSourcesJob - Downloaded sources for io.netty:netty-codec-haproxy:4.1.87.Final
2025-04-30 19:55:44,521 [Worker-1: Download sources and javadoc] INFO  o.e.m.c.i.e.AbstractTransferListenerAdapter - Downloading https://repo.maven.apache.org/maven2/io/netty/netty-codec/4.1.87.Final/netty-codec-4.1.87.Final-sources.jar
2025-04-30 19:55:44,860 [Worker-1: Download sources and javadoc] INFO  o.e.m.c.i.e.AbstractTransferListenerAdapter - Downloaded https://repo.maven.apache.org/maven2/io/netty/netty-codec/4.1.87.Final/netty-codec-4.1.87.Final-sources.jar
2025-04-30 19:55:44,864 [Worker-1: Download sources and javadoc] INFO  o.e.m.j.internal.DownloadSourcesJob - Downloaded sources for io.netty:netty-codec:4.1.87.Final
2025-04-30 19:55:45,068 [Worker-1: Download sources and javadoc] INFO  o.e.m.c.i.e.AbstractTransferListenerAdapter - Downloading https://repo.maven.apache.org/maven2/io/netty/netty-codec-http2/4.1.87.Final/netty-codec-http2-4.1.87.Final-sources.jar
2025-04-30 19:55:45,404 [Worker-1: Download sources and javadoc] INFO  o.e.m.c.i.e.AbstractTransferListenerAdapter - Downloaded https://repo.maven.apache.org/maven2/io/netty/netty-codec-http2/4.1.87.Final/netty-codec-http2-4.1.87.Final-sources.jar
2025-04-30 19:55:45,409 [Worker-1: Download sources and javadoc] INFO  o.e.m.j.internal.DownloadSourcesJob - Downloaded sources for io.netty:netty-codec-http2:4.1.87.Final
2025-04-30 19:55:45,617 [Worker-1: Download sources and javadoc] INFO  o.e.m.c.i.e.AbstractTransferListenerAdapter - Downloading https://repo.maven.apache.org/maven2/io/netty/netty-handler/4.1.87.Final/netty-handler-4.1.87.Final-sources.jar
2025-04-30 19:55:46,046 [Worker-1: Download sources and javadoc] INFO  o.e.m.c.i.e.AbstractTransferListenerAdapter - Downloaded https://repo.maven.apache.org/maven2/io/netty/netty-handler/4.1.87.Final/netty-handler-4.1.87.Final-sources.jar
2025-04-30 19:55:46,050 [Worker-1: Download sources and javadoc] INFO  o.e.m.j.internal.DownloadSourcesJob - Downloaded sources for io.netty:netty-handler:4.1.87.Final
2025-04-30 19:55:46,263 [Worker-1: Download sources and javadoc] INFO  o.e.m.c.i.e.AbstractTransferListenerAdapter - Downloading https://repo.maven.apache.org/maven2/io/netty/netty-codec-http/4.1.87.Final/netty-codec-http-4.1.87.Final-sources.jar
2025-04-30 19:55:46,761 [Worker-1: Download sources and javadoc] INFO  o.e.m.c.i.e.AbstractTransferListenerAdapter - Downloaded https://repo.maven.apache.org/maven2/io/netty/netty-codec-http/4.1.87.Final/netty-codec-http-4.1.87.Final-sources.jar
2025-04-30 19:55:46,768 [Worker-1: Download sources and javadoc] INFO  o.e.m.j.internal.DownloadSourcesJob - Downloaded sources for io.netty:netty-codec-http:4.1.87.Final
2025-04-30 19:55:46,977 [Worker-1: Download sources and javadoc] INFO  o.e.m.c.i.e.AbstractTransferListenerAdapter - Downloading https://repo.maven.apache.org/maven2/io/netty/netty-resolver-dns/4.1.87.Final/netty-resolver-dns-4.1.87.Final-sources.jar
2025-04-30 19:55:47,144 [Worker-1: Download sources and javadoc] INFO  o.e.m.c.i.e.AbstractTransferListenerAdapter - Downloaded https://repo.maven.apache.org/maven2/io/netty/netty-resolver-dns/4.1.87.Final/netty-resolver-dns-4.1.87.Final-sources.jar
2025-04-30 19:55:47,151 [Worker-1: Download sources and javadoc] INFO  o.e.m.j.internal.DownloadSourcesJob - Downloaded sources for io.netty:netty-resolver-dns:4.1.87.Final
2025-04-30 19:55:47,356 [Worker-1: Download sources and javadoc] INFO  o.e.m.c.i.e.AbstractTransferListenerAdapter - Downloading https://repo.maven.apache.org/maven2/io/netty/netty-codec-dns/4.1.87.Final/netty-codec-dns-4.1.87.Final-sources.jar
2025-04-30 19:55:47,476 [Worker-1: Download sources and javadoc] INFO  o.e.m.c.i.e.AbstractTransferListenerAdapter - Downloaded https://repo.maven.apache.org/maven2/io/netty/netty-codec-dns/4.1.87.Final/netty-codec-dns-4.1.87.Final-sources.jar
2025-04-30 19:55:47,481 [Worker-1: Download sources and javadoc] INFO  o.e.m.j.internal.DownloadSourcesJob - Downloaded sources for io.netty:netty-codec-dns:4.1.87.Final
2025-04-30 19:55:47,668 [Worker-1: Download sources and javadoc] INFO  o.e.m.c.i.e.AbstractTransferListenerAdapter - Downloading https://repo.maven.apache.org/maven2/io/netty/netty-transport-native-unix-common/4.1.87.Final/netty-transport-native-unix-common-4.1.87.Final-sources.jar
2025-04-30 19:55:47,808 [Worker-1: Download sources and javadoc] INFO  o.e.m.c.i.e.AbstractTransferListenerAdapter - Downloaded https://repo.maven.apache.org/maven2/io/netty/netty-transport-native-unix-common/4.1.87.Final/netty-transport-native-unix-common-4.1.87.Final-sources.jar
2025-04-30 19:55:47,812 [Worker-1: Download sources and javadoc] INFO  o.e.m.j.internal.DownloadSourcesJob - Downloaded sources for io.netty:netty-transport-native-unix-common:4.1.87.Finallinux-x86_64
2025-04-30 19:55:47,990 [Worker-1: Download sources and javadoc] INFO  o.e.m.c.i.e.AbstractTransferListenerAdapter - Downloading https://repo.maven.apache.org/maven2/io/netty/netty-transport-native-epoll/4.1.87.Final/netty-transport-native-epoll-4.1.87.Final-sources.jar
2025-04-30 19:55:48,132 [Worker-1: Download sources and javadoc] INFO  o.e.m.c.i.e.AbstractTransferListenerAdapter - Downloaded https://repo.maven.apache.org/maven2/io/netty/netty-transport-native-epoll/4.1.87.Final/netty-transport-native-epoll-4.1.87.Final-sources.jar
2025-04-30 19:55:48,137 [Worker-1: Download sources and javadoc] INFO  o.e.m.j.internal.DownloadSourcesJob - Downloaded sources for io.netty:netty-transport-native-epoll:4.1.87.Finallinux-x86_64
2025-04-30 19:55:48,141 [Worker-1: Download sources and javadoc] INFO  o.e.m.j.internal.DownloadSourcesJob - Downloaded sources for io.netty:netty-transport-native-unix-common:4.1.87.Final
2025-04-30 19:55:48,360 [Worker-1: Download sources and javadoc] INFO  o.e.m.c.i.e.AbstractTransferListenerAdapter - Downloading https://repo.maven.apache.org/maven2/io/netty/netty-transport-classes-epoll/4.1.87.Final/netty-transport-classes-epoll-4.1.87.Final-sources.jar
2025-04-30 19:55:48,469 [Worker-1: Download sources and javadoc] INFO  o.e.m.c.i.e.AbstractTransferListenerAdapter - Downloaded https://repo.maven.apache.org/maven2/io/netty/netty-transport-classes-epoll/4.1.87.Final/netty-transport-classes-epoll-4.1.87.Final-sources.jar
2025-04-30 19:55:48,474 [Worker-1: Download sources and javadoc] INFO  o.e.m.j.internal.DownloadSourcesJob - Downloaded sources for io.netty:netty-transport-classes-epoll:4.1.87.Final
2025-04-30 19:55:48,893 [Worker-1: Download sources and javadoc] INFO  o.e.m.c.i.e.AbstractTransferListenerAdapter - Downloaded https://repo.maven.apache.org/maven2/io/netty/netty-resolver-dns-native-macos/4.1.87.Final/netty-resolver-dns-native-macos-4.1.87.Final-sources.jar
2025-04-30 19:55:48,896 [Worker-1: Download sources and javadoc] ERROR o.e.m.j.internal.DownloadSourcesJob - Could not download sources for io.netty:netty-resolver-dns-native-macos:4.1.87.Finalosx-x86_64
org.eclipse.core.runtime.CoreException: Could not resolve artifact io.netty:netty-resolver-dns-native-macos:jar:sources:4.1.87.Final
	at org.eclipse.m2e.core.internal.embedder.MavenImpl.lambda$7(MavenImpl.java:540)
	at org.eclipse.m2e.core.internal.embedder.MavenExecutionContext.executeBare(MavenExecutionContext.java:458)
	at org.eclipse.m2e.core.internal.embedder.MavenExecutionContext.execute(MavenExecutionContext.java:292)
	at org.eclipse.m2e.core.internal.embedder.MavenExecutionContext.execute(MavenExecutionContext.java:278)
	at org.eclipse.m2e.core.internal.embedder.MavenImpl.resolve(MavenImpl.java:509)
	at org.eclipse.m2e.core.internal.embedder.MavenImpl.resolve(MavenImpl.java:494)
	at org.eclipse.m2e.jdt.internal.DownloadSourcesJob.download(DownloadSourcesJob.java:308)
	at org.eclipse.m2e.jdt.internal.DownloadSourcesJob.downloadAttachments(DownloadSourcesJob.java:282)
	at org.eclipse.m2e.jdt.internal.DownloadSourcesJob.downloadMaven(DownloadSourcesJob.java:252)
	at org.eclipse.m2e.jdt.internal.DownloadSourcesJob.downloadFilesAndPopulateToUpdate(DownloadSourcesJob.java:220)
	at org.eclipse.m2e.jdt.internal.DownloadSourcesJob.lambda$0(DownloadSourcesJob.java:149)
	at org.eclipse.m2e.core.internal.embedder.MavenExecutionContext.executeBare(MavenExecutionContext.java:458)
	at org.eclipse.m2e.core.internal.embedder.MavenExecutionContext.execute(MavenExecutionContext.java:339)
	at org.eclipse.m2e.core.internal.embedder.MavenExecutionContext.execute(MavenExecutionContext.java:278)
	at org.eclipse.m2e.core.embedder.IMaven.execute(IMaven.java:300)
	at org.eclipse.m2e.jdt.internal.DownloadSourcesJob.run(DownloadSourcesJob.java:149)
	at org.eclipse.core.internal.jobs.Worker.run(Worker.java:63)
2025-04-30 19:55:49,156 [Worker-1: Download sources and javadoc] INFO  o.e.m.c.i.e.AbstractTransferListenerAdapter - Downloading https://repo.maven.apache.org/maven2/io/netty/netty-resolver-dns-classes-macos/4.1.87.Final/netty-resolver-dns-classes-macos-4.1.87.Final-sources.jar
2025-04-30 19:55:49,227 [Worker-1: Download sources and javadoc] INFO  o.e.m.c.i.e.AbstractTransferListenerAdapter - Downloaded https://repo.maven.apache.org/maven2/io/netty/netty-resolver-dns-classes-macos/4.1.87.Final/netty-resolver-dns-classes-macos-4.1.87.Final-sources.jar
2025-04-30 19:55:49,232 [Worker-1: Download sources and javadoc] INFO  o.e.m.j.internal.DownloadSourcesJob - Downloaded sources for io.netty:netty-resolver-dns-classes-macos:4.1.87.Final
2025-04-30 19:55:49,676 [Worker-1: Download sources and javadoc] INFO  o.e.m.c.i.e.AbstractTransferListenerAdapter - Downloaded https://repo.maven.apache.org/maven2/io/netty/netty-resolver-dns-native-macos/4.1.87.Final/netty-resolver-dns-native-macos-4.1.87.Final-javadoc.jar
2025-04-30 19:55:49,678 [Worker-1: Download sources and javadoc] ERROR o.e.m.j.internal.DownloadSourcesJob - Could not download javadoc for io.netty:netty-resolver-dns-native-macos:4.1.87.Finalosx-aarch_64
org.eclipse.core.runtime.CoreException: Could not resolve artifact io.netty:netty-resolver-dns-native-macos:jar:javadoc:4.1.87.Final
	at org.eclipse.m2e.core.internal.embedder.MavenImpl.lambda$7(MavenImpl.java:540)
	at org.eclipse.m2e.core.internal.embedder.MavenExecutionContext.executeBare(MavenExecutionContext.java:458)
	at org.eclipse.m2e.core.internal.embedder.MavenExecutionContext.execute(MavenExecutionContext.java:292)
	at org.eclipse.m2e.core.internal.embedder.MavenExecutionContext.execute(MavenExecutionContext.java:278)
	at org.eclipse.m2e.core.internal.embedder.MavenImpl.resolve(MavenImpl.java:509)
	at org.eclipse.m2e.core.internal.embedder.MavenImpl.resolve(MavenImpl.java:494)
	at org.eclipse.m2e.jdt.internal.DownloadSourcesJob.download(DownloadSourcesJob.java:308)
	at org.eclipse.m2e.jdt.internal.DownloadSourcesJob.downloadAttachments(DownloadSourcesJob.java:294)
	at org.eclipse.m2e.jdt.internal.DownloadSourcesJob.downloadMaven(DownloadSourcesJob.java:252)
	at org.eclipse.m2e.jdt.internal.DownloadSourcesJob.downloadFilesAndPopulateToUpdate(DownloadSourcesJob.java:220)
	at org.eclipse.m2e.jdt.internal.DownloadSourcesJob.lambda$0(DownloadSourcesJob.java:149)
	at org.eclipse.m2e.core.internal.embedder.MavenExecutionContext.executeBare(MavenExecutionContext.java:458)
	at org.eclipse.m2e.core.internal.embedder.MavenExecutionContext.execute(MavenExecutionContext.java:339)
	at org.eclipse.m2e.core.internal.embedder.MavenExecutionContext.execute(MavenExecutionContext.java:278)
	at org.eclipse.m2e.core.embedder.IMaven.execute(IMaven.java:300)
	at org.eclipse.m2e.jdt.internal.DownloadSourcesJob.run(DownloadSourcesJob.java:149)
	at org.eclipse.core.internal.jobs.Worker.run(Worker.java:63)
2025-04-30 19:55:50,140 [Worker-1: Download sources and javadoc] INFO  o.e.m.c.i.e.AbstractTransferListenerAdapter - Downloaded https://repo.maven.apache.org/maven2/io/netty/netty-tcnative-boringssl-static/2.0.56.Final/netty-tcnative-boringssl-static-2.0.56.Final-sources.jar
2025-04-30 19:55:50,145 [Worker-1: Download sources and javadoc] ERROR o.e.m.j.internal.DownloadSourcesJob - Could not download sources for io.netty:netty-tcnative-boringssl-static:2.0.56.Finallinux-x86_64
org.eclipse.core.runtime.CoreException: Could not resolve artifact io.netty:netty-tcnative-boringssl-static:jar:sources:2.0.56.Final
	at org.eclipse.m2e.core.internal.embedder.MavenImpl.lambda$7(MavenImpl.java:540)
	at org.eclipse.m2e.core.internal.embedder.MavenExecutionContext.executeBare(MavenExecutionContext.java:458)
	at org.eclipse.m2e.core.internal.embedder.MavenExecutionContext.execute(MavenExecutionContext.java:292)
	at org.eclipse.m2e.core.internal.embedder.MavenExecutionContext.execute(MavenExecutionContext.java:278)
	at org.eclipse.m2e.core.internal.embedder.MavenImpl.resolve(MavenImpl.java:509)
	at org.eclipse.m2e.core.internal.embedder.MavenImpl.resolve(MavenImpl.java:494)
	at org.eclipse.m2e.jdt.internal.DownloadSourcesJob.download(DownloadSourcesJob.java:308)
	at org.eclipse.m2e.jdt.internal.DownloadSourcesJob.downloadAttachments(DownloadSourcesJob.java:282)
	at org.eclipse.m2e.jdt.internal.DownloadSourcesJob.downloadMaven(DownloadSourcesJob.java:252)
	at org.eclipse.m2e.jdt.internal.DownloadSourcesJob.downloadFilesAndPopulateToUpdate(DownloadSourcesJob.java:220)
	at org.eclipse.m2e.jdt.internal.DownloadSourcesJob.lambda$0(DownloadSourcesJob.java:149)
	at org.eclipse.m2e.core.internal.embedder.MavenExecutionContext.executeBare(MavenExecutionContext.java:458)
	at org.eclipse.m2e.core.internal.embedder.MavenExecutionContext.execute(MavenExecutionContext.java:339)
	at org.eclipse.m2e.core.internal.embedder.MavenExecutionContext.execute(MavenExecutionContext.java:278)
	at org.eclipse.m2e.core.embedder.IMaven.execute(IMaven.java:300)
	at org.eclipse.m2e.jdt.internal.DownloadSourcesJob.run(DownloadSourcesJob.java:149)
	at org.eclipse.core.internal.jobs.Worker.run(Worker.java:63)
2025-04-30 19:55:50,416 [Worker-1: Download sources and javadoc] INFO  o.e.m.c.i.e.AbstractTransferListenerAdapter - Downloading https://repo.maven.apache.org/maven2/io/netty/netty-tcnative-classes/2.0.56.Final/netty-tcnative-classes-2.0.56.Final-sources.jar
2025-04-30 19:55:51,111 [Worker-1: Download sources and javadoc] INFO  o.e.m.c.i.e.AbstractTransferListenerAdapter - Downloaded https://repo.maven.apache.org/maven2/io/netty/netty-tcnative-classes/2.0.56.Final/netty-tcnative-classes-2.0.56.Final-sources.jar
2025-04-30 19:55:51,116 [Worker-1: Download sources and javadoc] INFO  o.e.m.j.internal.DownloadSourcesJob - Downloaded sources for io.netty:netty-tcnative-classes:2.0.56.Final
2025-04-30 19:55:51,545 [Worker-1: Download sources and javadoc] INFO  o.e.m.c.i.e.AbstractTransferListenerAdapter - Downloaded https://repo.maven.apache.org/maven2/io/netty/netty-tcnative-boringssl-static/2.0.56.Final/netty-tcnative-boringssl-static-2.0.56.Final-javadoc.jar
2025-04-30 19:55:51,557 [Worker-1: Download sources and javadoc] ERROR o.e.m.j.internal.DownloadSourcesJob - Could not download javadoc for io.netty:netty-tcnative-boringssl-static:2.0.56.Finallinux-aarch_64
org.eclipse.core.runtime.CoreException: Could not resolve artifact io.netty:netty-tcnative-boringssl-static:jar:javadoc:2.0.56.Final
	at org.eclipse.m2e.core.internal.embedder.MavenImpl.lambda$7(MavenImpl.java:540)
	at org.eclipse.m2e.core.internal.embedder.MavenExecutionContext.executeBare(MavenExecutionContext.java:458)
	at org.eclipse.m2e.core.internal.embedder.MavenExecutionContext.execute(MavenExecutionContext.java:292)
	at org.eclipse.m2e.core.internal.embedder.MavenExecutionContext.execute(MavenExecutionContext.java:278)
	at org.eclipse.m2e.core.internal.embedder.MavenImpl.resolve(MavenImpl.java:509)
	at org.eclipse.m2e.core.internal.embedder.MavenImpl.resolve(MavenImpl.java:494)
	at org.eclipse.m2e.jdt.internal.DownloadSourcesJob.download(DownloadSourcesJob.java:308)
	at org.eclipse.m2e.jdt.internal.DownloadSourcesJob.downloadAttachments(DownloadSourcesJob.java:294)
	at org.eclipse.m2e.jdt.internal.DownloadSourcesJob.downloadMaven(DownloadSourcesJob.java:252)
	at org.eclipse.m2e.jdt.internal.DownloadSourcesJob.downloadFilesAndPopulateToUpdate(DownloadSourcesJob.java:220)
	at org.eclipse.m2e.jdt.internal.DownloadSourcesJob.lambda$0(DownloadSourcesJob.java:149)
	at org.eclipse.m2e.core.internal.embedder.MavenExecutionContext.executeBare(MavenExecutionContext.java:458)
	at org.eclipse.m2e.core.internal.embedder.MavenExecutionContext.execute(MavenExecutionContext.java:339)
	at org.eclipse.m2e.core.internal.embedder.MavenExecutionContext.execute(MavenExecutionContext.java:278)
	at org.eclipse.m2e.core.embedder.IMaven.execute(IMaven.java:300)
	at org.eclipse.m2e.jdt.internal.DownloadSourcesJob.run(DownloadSourcesJob.java:149)
	at org.eclipse.core.internal.jobs.Worker.run(Worker.java:63)
2025-04-30 19:55:51,792 [Worker-1: Download sources and javadoc] INFO  o.e.m.c.i.e.AbstractTransferListenerAdapter - Downloading https://repo.maven.apache.org/maven2/io/netty/netty-handler-proxy/4.1.87.Final/netty-handler-proxy-4.1.87.Final-sources.jar
2025-04-30 19:55:52,083 [Worker-1: Download sources and javadoc] INFO  o.e.m.c.i.e.AbstractTransferListenerAdapter - Downloaded https://repo.maven.apache.org/maven2/io/netty/netty-handler-proxy/4.1.87.Final/netty-handler-proxy-4.1.87.Final-sources.jar
2025-04-30 19:55:52,100 [Worker-1: Download sources and javadoc] INFO  o.e.m.j.internal.DownloadSourcesJob - Downloaded sources for io.netty:netty-handler-proxy:4.1.87.Final
2025-04-30 19:55:52,307 [Worker-1: Download sources and javadoc] INFO  o.e.m.c.i.e.AbstractTransferListenerAdapter - Downloading https://repo.maven.apache.org/maven2/io/netty/netty-codec-socks/4.1.87.Final/netty-codec-socks-4.1.87.Final-sources.jar
2025-04-30 19:55:52,448 [Worker-1: Download sources and javadoc] INFO  o.e.m.c.i.e.AbstractTransferListenerAdapter - Downloaded https://repo.maven.apache.org/maven2/io/netty/netty-codec-socks/4.1.87.Final/netty-codec-socks-4.1.87.Final-sources.jar
2025-04-30 19:55:52,455 [Worker-1: Download sources and javadoc] INFO  o.e.m.j.internal.DownloadSourcesJob - Downloaded sources for io.netty:netty-codec-socks:4.1.87.Final
2025-04-30 19:55:52,649 [Worker-1: Download sources and javadoc] INFO  o.e.m.c.i.e.AbstractTransferListenerAdapter - Downloading https://repo.maven.apache.org/maven2/com/aayushatharva/brotli4j/brotli4j/1.9.0/brotli4j-1.9.0-sources.jar
2025-04-30 19:55:53,125 [Worker-1: Download sources and javadoc] INFO  o.e.m.c.i.e.AbstractTransferListenerAdapter - Downloaded https://repo.maven.apache.org/maven2/com/aayushatharva/brotli4j/brotli4j/1.9.0/brotli4j-1.9.0-sources.jar
2025-04-30 19:55:53,134 [Worker-1: Download sources and javadoc] INFO  o.e.m.j.internal.DownloadSourcesJob - Downloaded sources for com.aayushatharva.brotli4j:brotli4j:1.9.0
2025-04-30 19:55:53,393 [Worker-1: Download sources and javadoc] INFO  o.e.m.c.i.e.AbstractTransferListenerAdapter - Downloading https://repo.maven.apache.org/maven2/commons-codec/commons-codec/1.11/commons-codec-1.11-sources.jar
2025-04-30 19:55:53,844 [Worker-1: Download sources and javadoc] INFO  o.e.m.c.i.e.AbstractTransferListenerAdapter - Downloaded https://repo.maven.apache.org/maven2/commons-codec/commons-codec/1.11/commons-codec-1.11-sources.jar
2025-04-30 19:55:53,844 [Worker-1: Download sources and javadoc] INFO  o.e.m.j.internal.DownloadSourcesJob - Downloaded sources for commons-codec:commons-codec:1.11
2025-04-30 19:55:54,052 [Worker-1: Download sources and javadoc] INFO  o.e.m.c.i.e.AbstractTransferListenerAdapter - Downloading https://repo.maven.apache.org/maven2/ch/qos/logback/logback-classic/1.2.9/logback-classic-1.2.9-sources.jar
2025-04-30 19:55:54,354 [Worker-1: Download sources and javadoc] INFO  o.e.m.c.i.e.AbstractTransferListenerAdapter - Downloaded https://repo.maven.apache.org/maven2/ch/qos/logback/logback-classic/1.2.9/logback-classic-1.2.9-sources.jar
2025-04-30 19:55:54,354 [Worker-1: Download sources and javadoc] INFO  o.e.m.j.internal.DownloadSourcesJob - Downloaded sources for ch.qos.logback:logback-classic:1.2.9
2025-04-30 19:55:54,588 [Worker-1: Download sources and javadoc] INFO  o.e.m.c.i.e.AbstractTransferListenerAdapter - Downloading https://repo.maven.apache.org/maven2/ch/qos/logback/logback-core/1.2.9/logback-core-1.2.9-sources.jar
2025-04-30 19:55:55,083 [Worker-1: Download sources and javadoc] INFO  o.e.m.c.i.e.AbstractTransferListenerAdapter - Downloaded https://repo.maven.apache.org/maven2/ch/qos/logback/logback-core/1.2.9/logback-core-1.2.9-sources.jar
2025-04-30 19:55:55,089 [Worker-1: Download sources and javadoc] INFO  o.e.m.j.internal.DownloadSourcesJob - Downloaded sources for ch.qos.logback:logback-core:1.2.9
2025-04-30 19:55:55,307 [Worker-1: Download sources and javadoc] INFO  o.e.m.c.i.e.AbstractTransferListenerAdapter - Downloading https://repo.maven.apache.org/maven2/org/slf4j/jcl-over-slf4j/1.7.32/jcl-over-slf4j-1.7.32-sources.jar
2025-04-30 19:55:55,648 [Worker-1: Download sources and javadoc] INFO  o.e.m.c.i.e.AbstractTransferListenerAdapter - Downloaded https://repo.maven.apache.org/maven2/org/slf4j/jcl-over-slf4j/1.7.32/jcl-over-slf4j-1.7.32-sources.jar
2025-04-30 19:55:55,648 [Worker-1: Download sources and javadoc] INFO  o.e.m.j.internal.DownloadSourcesJob - Downloaded sources for org.slf4j:jcl-over-slf4j:1.7.32
2025-04-30 19:55:55,900 [Worker-1: Download sources and javadoc] INFO  o.e.m.c.i.e.AbstractTransferListenerAdapter - Downloading https://repo.maven.apache.org/maven2/org/antlr/antlr4-runtime/4.11.1/antlr4-runtime-4.11.1-sources.jar
2025-04-30 19:55:56,232 [Worker-1: Download sources and javadoc] INFO  o.e.m.c.i.e.AbstractTransferListenerAdapter - Downloaded https://repo.maven.apache.org/maven2/org/antlr/antlr4-runtime/4.11.1/antlr4-runtime-4.11.1-sources.jar
2025-04-30 19:55:56,242 [Worker-1: Download sources and javadoc] INFO  o.e.m.j.internal.DownloadSourcesJob - Downloaded sources for org.antlr:antlr4-runtime:4.11.1
2025-04-30 19:55:56,442 [Worker-1: Download sources and javadoc] INFO  o.e.m.c.i.e.AbstractTransferListenerAdapter - Downloading https://repo.maven.apache.org/maven2/com/jayway/jsonpath/json-path/2.8.0/json-path-2.8.0-sources.jar
2025-04-30 19:55:56,613 [Worker-1: Download sources and javadoc] INFO  o.e.m.c.i.e.AbstractTransferListenerAdapter - Downloaded https://repo.maven.apache.org/maven2/com/jayway/jsonpath/json-path/2.8.0/json-path-2.8.0-sources.jar
2025-04-30 19:55:56,613 [Worker-1: Download sources and javadoc] INFO  o.e.m.j.internal.DownloadSourcesJob - Downloaded sources for com.jayway.jsonpath:json-path:2.8.0
2025-04-30 19:55:56,820 [Worker-1: Download sources and javadoc] INFO  o.e.m.c.i.e.AbstractTransferListenerAdapter - Downloading https://repo.maven.apache.org/maven2/net/minidev/json-smart/2.4.10/json-smart-2.4.10-sources.jar
2025-04-30 19:55:56,931 [Worker-1: Download sources and javadoc] INFO  o.e.m.c.i.e.AbstractTransferListenerAdapter - Downloaded https://repo.maven.apache.org/maven2/net/minidev/json-smart/2.4.10/json-smart-2.4.10-sources.jar
2025-04-30 19:55:56,937 [Worker-1: Download sources and javadoc] INFO  o.e.m.j.internal.DownloadSourcesJob - Downloaded sources for net.minidev:json-smart:2.4.10
2025-04-30 19:55:57,136 [Worker-1: Download sources and javadoc] INFO  o.e.m.c.i.e.AbstractTransferListenerAdapter - Downloading https://repo.maven.apache.org/maven2/net/minidev/accessors-smart/2.4.9/accessors-smart-2.4.9-sources.jar
2025-04-30 19:55:57,469 [Worker-1: Download sources and javadoc] INFO  o.e.m.c.i.e.AbstractTransferListenerAdapter - Downloaded https://repo.maven.apache.org/maven2/net/minidev/accessors-smart/2.4.9/accessors-smart-2.4.9-sources.jar
2025-04-30 19:55:57,479 [Worker-1: Download sources and javadoc] INFO  o.e.m.j.internal.DownloadSourcesJob - Downloaded sources for net.minidev:accessors-smart:2.4.9
2025-04-30 19:55:57,660 [Worker-1: Download sources and javadoc] INFO  o.e.m.c.i.e.AbstractTransferListenerAdapter - Downloading https://repo.maven.apache.org/maven2/org/ow2/asm/asm/9.3/asm-9.3-sources.jar
2025-04-30 19:55:57,916 [Worker-1: Download sources and javadoc] INFO  o.e.m.c.i.e.AbstractTransferListenerAdapter - Downloaded https://repo.maven.apache.org/maven2/org/ow2/asm/asm/9.3/asm-9.3-sources.jar
2025-04-30 19:55:57,920 [Worker-1: Download sources and javadoc] INFO  o.e.m.j.internal.DownloadSourcesJob - Downloaded sources for org.ow2.asm:asm:9.3
2025-04-30 19:55:58,106 [Worker-1: Download sources and javadoc] INFO  o.e.m.c.i.e.AbstractTransferListenerAdapter - Downloading https://repo.maven.apache.org/maven2/org/yaml/snakeyaml/2.0/snakeyaml-2.0-sources.jar
2025-04-30 19:55:58,359 [Worker-1: Download sources and javadoc] INFO  o.e.m.c.i.e.AbstractTransferListenerAdapter - Downloaded https://repo.maven.apache.org/maven2/org/yaml/snakeyaml/2.0/snakeyaml-2.0-sources.jar
2025-04-30 19:55:58,384 [Worker-1: Download sources and javadoc] INFO  o.e.m.j.internal.DownloadSourcesJob - Downloaded sources for org.yaml:snakeyaml:2.0
2025-04-30 19:55:58,583 [Worker-1: Download sources and javadoc] INFO  o.e.m.c.i.e.AbstractTransferListenerAdapter - Downloading https://repo.maven.apache.org/maven2/de/siegmar/fastcsv/2.2.1/fastcsv-2.2.1-sources.jar
2025-04-30 19:55:58,916 [Worker-1: Download sources and javadoc] INFO  o.e.m.c.i.e.AbstractTransferListenerAdapter - Downloaded https://repo.maven.apache.org/maven2/de/siegmar/fastcsv/2.2.1/fastcsv-2.2.1-sources.jar
2025-04-30 19:55:58,931 [Worker-1: Download sources and javadoc] INFO  o.e.m.j.internal.DownloadSourcesJob - Downloaded sources for de.siegmar:fastcsv:2.2.1
2025-04-30 19:55:59,156 [Worker-1: Download sources and javadoc] INFO  o.e.m.c.i.e.AbstractTransferListenerAdapter - Downloading https://repo.maven.apache.org/maven2/info/picocli/picocli/4.7.1/picocli-4.7.1-sources.jar
2025-04-30 19:55:59,490 [Worker-1: Download sources and javadoc] INFO  o.e.m.c.i.e.AbstractTransferListenerAdapter - Downloaded https://repo.maven.apache.org/maven2/info/picocli/picocli/4.7.1/picocli-4.7.1-sources.jar
2025-04-30 19:55:59,506 [Worker-1: Download sources and javadoc] INFO  o.e.m.j.internal.DownloadSourcesJob - Downloaded sources for info.picocli:picocli:4.7.1
2025-04-30 19:55:59,712 [Worker-1: Download sources and javadoc] INFO  o.e.m.c.i.e.AbstractTransferListenerAdapter - Downloading https://repo.maven.apache.org/maven2/io/github/classgraph/classgraph/4.8.152/classgraph-4.8.152-sources.jar
2025-04-30 19:56:00,269 [Worker-1: Download sources and javadoc] INFO  o.e.m.c.i.e.AbstractTransferListenerAdapter - Downloaded https://repo.maven.apache.org/maven2/io/github/classgraph/classgraph/4.8.152/classgraph-4.8.152-sources.jar
2025-04-30 19:56:00,290 [Worker-1: Download sources and javadoc] INFO  o.e.m.j.internal.DownloadSourcesJob - Downloaded sources for io.github.classgraph:classgraph:4.8.152
2025-04-30 19:56:00,507 [Worker-1: Download sources and javadoc] INFO  o.e.m.c.i.e.AbstractTransferListenerAdapter - Downloading https://repo.maven.apache.org/maven2/io/github/t12y/resemble/1.0.2/resemble-1.0.2-sources.jar
2025-04-30 19:56:00,654 [Worker-1: Download sources and javadoc] INFO  o.e.m.c.i.e.AbstractTransferListenerAdapter - Downloaded https://repo.maven.apache.org/maven2/io/github/t12y/resemble/1.0.2/resemble-1.0.2-sources.jar
2025-04-30 19:56:00,660 [Worker-1: Download sources and javadoc] INFO  o.e.m.j.internal.DownloadSourcesJob - Downloaded sources for io.github.t12y:resemble:1.0.2
2025-04-30 19:56:00,843 [Worker-1: Download sources and javadoc] INFO  o.e.m.c.i.e.AbstractTransferListenerAdapter - Downloading https://repo.maven.apache.org/maven2/io/github/t12y/ssim/1.0.0/ssim-1.0.0-sources.jar
2025-04-30 19:56:01,420 [Worker-1: Download sources and javadoc] INFO  o.e.m.c.i.e.AbstractTransferListenerAdapter - Downloaded https://repo.maven.apache.org/maven2/io/github/t12y/ssim/1.0.0/ssim-1.0.0-sources.jar
2025-04-30 19:56:01,421 [Worker-1: Download sources and javadoc] INFO  o.e.m.j.internal.DownloadSourcesJob - Downloaded sources for io.github.t12y:ssim:1.0.0
2025-04-30 19:56:01,633 [Worker-1: Download sources and javadoc] INFO  o.e.m.c.i.e.AbstractTransferListenerAdapter - Downloading https://repo.maven.apache.org/maven2/org/junit/jupiter/junit-jupiter-api/5.9.1/junit-jupiter-api-5.9.1-sources.jar
2025-04-30 19:56:01,814 [Worker-1: Download sources and javadoc] INFO  o.e.m.c.i.e.AbstractTransferListenerAdapter - Downloaded https://repo.maven.apache.org/maven2/org/junit/jupiter/junit-jupiter-api/5.9.1/junit-jupiter-api-5.9.1-sources.jar
2025-04-30 19:56:01,831 [Worker-1: Download sources and javadoc] INFO  o.e.m.j.internal.DownloadSourcesJob - Downloaded sources for org.junit.jupiter:junit-jupiter-api:5.9.1
2025-04-30 19:56:02,026 [Worker-1: Download sources and javadoc] INFO  o.e.m.c.i.e.AbstractTransferListenerAdapter - Downloading https://repo.maven.apache.org/maven2/org/opentest4j/opentest4j/1.2.0/opentest4j-1.2.0-sources.jar
2025-04-30 19:56:02,214 [Worker-1: Download sources and javadoc] INFO  o.e.m.c.i.e.AbstractTransferListenerAdapter - Downloaded https://repo.maven.apache.org/maven2/org/opentest4j/opentest4j/1.2.0/opentest4j-1.2.0-sources.jar
2025-04-30 19:56:02,220 [Worker-1: Download sources and javadoc] INFO  o.e.m.j.internal.DownloadSourcesJob - Downloaded sources for org.opentest4j:opentest4j:1.2.0
2025-04-30 19:56:02,437 [Worker-1: Download sources and javadoc] INFO  o.e.m.c.i.e.AbstractTransferListenerAdapter - Downloading https://repo.maven.apache.org/maven2/org/junit/platform/junit-platform-commons/1.9.1/junit-platform-commons-1.9.1-sources.jar
2025-04-30 19:56:02,565 [Worker-1: Download sources and javadoc] INFO  o.e.m.c.i.e.AbstractTransferListenerAdapter - Downloaded https://repo.maven.apache.org/maven2/org/junit/platform/junit-platform-commons/1.9.1/junit-platform-commons-1.9.1-sources.jar
2025-04-30 19:56:02,581 [Worker-1: Download sources and javadoc] INFO  o.e.m.j.internal.DownloadSourcesJob - Downloaded sources for org.junit.platform:junit-platform-commons:1.9.1
2025-04-30 19:56:02,756 [Worker-1: Download sources and javadoc] INFO  o.e.m.c.i.e.AbstractTransferListenerAdapter - Downloading https://repo.maven.apache.org/maven2/org/junit/jupiter/junit-jupiter-engine/5.9.1/junit-jupiter-engine-5.9.1-sources.jar
2025-04-30 19:56:02,946 [Worker-1: Download sources and javadoc] INFO  o.e.m.c.i.e.AbstractTransferListenerAdapter - Downloaded https://repo.maven.apache.org/maven2/org/junit/jupiter/junit-jupiter-engine/5.9.1/junit-jupiter-engine-5.9.1-sources.jar
2025-04-30 19:56:02,962 [Worker-1: Download sources and javadoc] INFO  o.e.m.j.internal.DownloadSourcesJob - Downloaded sources for org.junit.jupiter:junit-jupiter-engine:5.9.1
2025-04-30 19:56:03,170 [Worker-1: Download sources and javadoc] INFO  o.e.m.c.i.e.AbstractTransferListenerAdapter - Downloading https://repo.maven.apache.org/maven2/org/junit/platform/junit-platform-engine/1.9.1/junit-platform-engine-1.9.1-sources.jar
2025-04-30 19:56:03,362 [Worker-1: Download sources and javadoc] INFO  o.e.m.c.i.e.AbstractTransferListenerAdapter - Downloaded https://repo.maven.apache.org/maven2/org/junit/platform/junit-platform-engine/1.9.1/junit-platform-engine-1.9.1-sources.jar
2025-04-30 19:56:03,362 [Worker-1: Download sources and javadoc] INFO  o.e.m.j.internal.DownloadSourcesJob - Downloaded sources for org.junit.platform:junit-platform-engine:1.9.1
2025-04-30 19:58:45,862 [Worker-1: Building] WARN  o.a.m.s.f.DefaultMavenResourcesFiltering - Using platform encoding (UTF-8 actually) to copy filtered resources, i.e. build is platform dependent!
2025-04-30 19:58:45,948 [Worker-1: Building] INFO  o.a.m.s.f.DefaultMavenResourcesFiltering - Copying 0 resource from src\main\resources to target\classes
2025-04-30 19:58:45,951 [Worker-1: Building] WARN  o.a.m.s.f.DefaultMavenResourcesFiltering - Using platform encoding (UTF-8 actually) to copy filtered resources, i.e. build is platform dependent!
2025-04-30 19:58:45,981 [Worker-1: Building] INFO  o.a.m.s.f.DefaultMavenResourcesFiltering - Copying 1 resource from src\test\resources to target\test-classes
2025-04-30 20:00:39,196 [Worker-6: Building] WARN  o.a.m.s.f.DefaultMavenResourcesFiltering - Using platform encoding (UTF-8 actually) to copy filtered resources, i.e. build is platform dependent!
2025-04-30 20:00:39,198 [Worker-6: Building] INFO  o.a.m.s.f.DefaultMavenResourcesFiltering - Copying 0 resource from src\main\resources to target\classes
2025-04-30 20:00:39,201 [Worker-6: Building] WARN  o.a.m.s.f.DefaultMavenResourcesFiltering - Using platform encoding (UTF-8 actually) to copy filtered resources, i.e. build is platform dependent!
2025-04-30 20:00:39,243 [Worker-6: Building] INFO  o.a.m.s.f.DefaultMavenResourcesFiltering - Copying 1 resource from src\test\resources to target\test-classes
2025-04-30 20:01:31,272 [Worker-1: Building] WARN  o.a.m.s.f.DefaultMavenResourcesFiltering - Using platform encoding (UTF-8 actually) to copy filtered resources, i.e. build is platform dependent!
2025-04-30 20:01:31,274 [Worker-1: Building] INFO  o.a.m.s.f.DefaultMavenResourcesFiltering - Copying 0 resource from src\main\resources to target\classes
2025-04-30 20:01:31,277 [Worker-1: Building] WARN  o.a.m.s.f.DefaultMavenResourcesFiltering - Using platform encoding (UTF-8 actually) to copy filtered resources, i.e. build is platform dependent!
2025-04-30 20:01:31,277 [Worker-1: Building] INFO  o.a.m.s.f.DefaultMavenResourcesFiltering - Copying 1 resource from src\test\resources to target\test-classes
2025-04-30 20:01:40,787 [main] INFO  o.e.m.jdt.internal.UnitTestSupport - Updating InventoryRunner from maven configuration
2025-04-30 20:01:42,864 [Worker-14: Launching InventoryRunner] INFO  o.e.m.c.i.e.AbstractTransferListenerAdapter - Downloading https://repo.maven.apache.org/maven2/org/junit/platform/junit-platform-launcher/1.9.1/junit-platform-launcher-1.9.1.jar
2025-04-30 20:01:43,097 [Worker-14: Launching InventoryRunner] INFO  o.e.m.c.i.e.AbstractTransferListenerAdapter - Downloaded https://repo.maven.apache.org/maven2/org/junit/platform/junit-platform-launcher/1.9.1/junit-platform-launcher-1.9.1.jar
2025-04-30 20:39:53,830 [Worker-1: Loading available Gradle versions] INFO  o.e.b.c.i.u.g.PublishedGradleVersions - Gradle version information cache is up-to-date. Trying to read.
2025-04-30 20:48:41,324 [Worker-18: Launching InventoryRunner] WARN  o.a.m.r.i.DefaultArtifactDescriptorReader - 1 problem was encountered while building the effective model for org.javassist:javassist:jar:3.20.0-GA during dependency collection step for project (use -X to see details)
2025-04-30 21:52:34,961 [Worker-36: Building] WARN  o.a.m.s.f.DefaultMavenResourcesFiltering - Using platform encoding (UTF-8 actually) to copy filtered resources, i.e. build is platform dependent!
2025-04-30 21:52:35,064 [Worker-36: Building] INFO  o.a.m.s.f.DefaultMavenResourcesFiltering - Copying 0 resource from src\main\resources to target\classes
2025-04-30 21:52:35,070 [Worker-36: Building] WARN  o.a.m.s.f.DefaultMavenResourcesFiltering - Using platform encoding (UTF-8 actually) to copy filtered resources, i.e. build is platform dependent!
2025-04-30 21:52:35,097 [Worker-36: Building] INFO  o.a.m.s.f.DefaultMavenResourcesFiltering - Copying 1 resource from src\test\resources to target\test-classes
2025-04-30 21:57:09,055 [Worker-37: Building] WARN  o.a.m.s.f.DefaultMavenResourcesFiltering - Using platform encoding (UTF-8 actually) to copy filtered resources, i.e. build is platform dependent!
2025-04-30 21:57:09,058 [Worker-37: Building] INFO  o.a.m.s.f.DefaultMavenResourcesFiltering - Copying 0 resource from src\main\resources to target\classes
2025-04-30 21:57:09,063 [Worker-37: Building] WARN  o.a.m.s.f.DefaultMavenResourcesFiltering - Using platform encoding (UTF-8 actually) to copy filtered resources, i.e. build is platform dependent!
2025-04-30 21:57:09,065 [Worker-37: Building] INFO  o.a.m.s.f.DefaultMavenResourcesFiltering - Copying 1 resource from src\test\resources to target\test-classes
2025-04-30 22:04:57,506 [Worker-45: Building] WARN  o.a.m.s.f.DefaultMavenResourcesFiltering - Using platform encoding (UTF-8 actually) to copy filtered resources, i.e. build is platform dependent!
2025-04-30 22:04:57,508 [Worker-45: Building] INFO  o.a.m.s.f.DefaultMavenResourcesFiltering - Copying 0 resource from src\main\resources to target\classes
2025-04-30 22:04:57,512 [Worker-45: Building] WARN  o.a.m.s.f.DefaultMavenResourcesFiltering - Using platform encoding (UTF-8 actually) to copy filtered resources, i.e. build is platform dependent!
2025-04-30 22:04:57,513 [Worker-45: Building] INFO  o.a.m.s.f.DefaultMavenResourcesFiltering - Copying 1 resource from src\test\resources to target\test-classes
2025-04-30 22:06:55,258 [Worker-43: Building] WARN  o.a.m.s.f.DefaultMavenResourcesFiltering - Using platform encoding (UTF-8 actually) to copy filtered resources, i.e. build is platform dependent!
2025-04-30 22:06:55,260 [Worker-43: Building] INFO  o.a.m.s.f.DefaultMavenResourcesFiltering - Copying 0 resource from src\main\resources to target\classes
2025-04-30 22:06:55,265 [Worker-43: Building] WARN  o.a.m.s.f.DefaultMavenResourcesFiltering - Using platform encoding (UTF-8 actually) to copy filtered resources, i.e. build is platform dependent!
2025-04-30 22:06:55,276 [Worker-43: Building] INFO  o.a.m.s.f.DefaultMavenResourcesFiltering - Copying 1 resource from src\test\resources to target\test-classes
2025-04-30 22:07:25,094 [Worker-43: Building] WARN  o.a.m.s.f.DefaultMavenResourcesFiltering - Using platform encoding (UTF-8 actually) to copy filtered resources, i.e. build is platform dependent!
2025-04-30 22:07:25,096 [Worker-43: Building] INFO  o.a.m.s.f.DefaultMavenResourcesFiltering - Copying 0 resource from src\main\resources to target\classes
2025-04-30 22:07:25,099 [Worker-43: Building] WARN  o.a.m.s.f.DefaultMavenResourcesFiltering - Using platform encoding (UTF-8 actually) to copy filtered resources, i.e. build is platform dependent!
2025-04-30 22:07:25,105 [Worker-43: Building] INFO  o.a.m.s.f.DefaultMavenResourcesFiltering - Copying 1 resource from src\test\resources to target\test-classes
2025-04-30 22:10:48,616 [Worker-53: Building] WARN  o.a.m.s.f.DefaultMavenResourcesFiltering - Using platform encoding (UTF-8 actually) to copy filtered resources, i.e. build is platform dependent!
2025-04-30 22:10:48,618 [Worker-53: Building] INFO  o.a.m.s.f.DefaultMavenResourcesFiltering - Copying 0 resource from src\main\resources to target\classes
2025-04-30 22:10:48,620 [Worker-53: Building] WARN  o.a.m.s.f.DefaultMavenResourcesFiltering - Using platform encoding (UTF-8 actually) to copy filtered resources, i.e. build is platform dependent!
2025-04-30 22:10:48,629 [Worker-53: Building] INFO  o.a.m.s.f.DefaultMavenResourcesFiltering - Copying 0 resource from src\test\resources to target\test-classes
2025-04-30 22:13:46,563 [Worker-54: Building] INFO  o.e.m.c.i.l.LifecycleMappingFactory - Using org.eclipse.m2e.jdt.JarLifecycleMapping lifecycle mapping for MavenProject: com.demo:test-api:0.0.1-SNAPSHOT @ D:\pradeep\Automation\KarateAPI\test-api\pom.xml.
2025-04-30 22:13:47,008 [Worker-54: Building] INFO  o.e.m.c.i.e.AbstractTransferListenerAdapter - Downloading https://repo.maven.apache.org/maven2/com/intuit/karate/karate-core/1.4.1/karate-core-1.4.1.pom
2025-04-30 22:13:47,074 [Worker-54: Building] INFO  o.e.m.c.i.e.AbstractTransferListenerAdapter - Downloaded https://repo.maven.apache.org/maven2/com/intuit/karate/karate-core/1.4.1/karate-core-1.4.1.pom
2025-04-30 22:13:47,169 [Worker-54: Building] INFO  o.e.m.c.i.e.AbstractTransferListenerAdapter - Downloading https://repo.maven.apache.org/maven2/com/intuit/karate/karate-parent/1.4.1/karate-parent-1.4.1.pom
2025-04-30 22:13:47,219 [Worker-54: Building] INFO  o.e.m.c.i.e.AbstractTransferListenerAdapter - Downloaded https://repo.maven.apache.org/maven2/com/intuit/karate/karate-parent/1.4.1/karate-parent-1.4.1.pom
2025-04-30 22:13:47,320 [Worker-54: Building] INFO  o.e.m.c.i.e.AbstractTransferListenerAdapter - Downloading https://repo.maven.apache.org/maven2/org/graalvm/js/js-scriptengine/22.3.3/js-scriptengine-22.3.3.pom
2025-04-30 22:13:47,353 [Worker-54: Building] INFO  o.e.m.c.i.e.AbstractTransferListenerAdapter - Downloaded https://repo.maven.apache.org/maven2/org/graalvm/js/js-scriptengine/22.3.3/js-scriptengine-22.3.3.pom
2025-04-30 22:13:47,444 [Worker-54: Building] INFO  o.e.m.c.i.e.AbstractTransferListenerAdapter - Downloading https://repo.maven.apache.org/maven2/org/graalvm/sdk/graal-sdk/22.3.3/graal-sdk-22.3.3.pom
2025-04-30 22:13:47,481 [Worker-54: Building] INFO  o.e.m.c.i.e.AbstractTransferListenerAdapter - Downloaded https://repo.maven.apache.org/maven2/org/graalvm/sdk/graal-sdk/22.3.3/graal-sdk-22.3.3.pom
2025-04-30 22:13:47,554 [Worker-54: Building] INFO  o.e.m.c.i.e.AbstractTransferListenerAdapter - Downloading https://repo.maven.apache.org/maven2/org/graalvm/js/js/22.3.3/js-22.3.3.pom
2025-04-30 22:13:47,604 [Worker-54: Building] INFO  o.e.m.c.i.e.AbstractTransferListenerAdapter - Downloaded https://repo.maven.apache.org/maven2/org/graalvm/js/js/22.3.3/js-22.3.3.pom
2025-04-30 22:13:47,690 [Worker-54: Building] INFO  o.e.m.c.i.e.AbstractTransferListenerAdapter - Downloading https://repo.maven.apache.org/maven2/org/graalvm/regex/regex/22.3.3/regex-22.3.3.pom
2025-04-30 22:13:47,722 [Worker-54: Building] INFO  o.e.m.c.i.e.AbstractTransferListenerAdapter - Downloaded https://repo.maven.apache.org/maven2/org/graalvm/regex/regex/22.3.3/regex-22.3.3.pom
2025-04-30 22:13:47,809 [Worker-54: Building] INFO  o.e.m.c.i.e.AbstractTransferListenerAdapter - Downloading https://repo.maven.apache.org/maven2/org/graalvm/truffle/truffle-api/22.3.3/truffle-api-22.3.3.pom
2025-04-30 22:13:47,838 [Worker-54: Building] INFO  o.e.m.c.i.e.AbstractTransferListenerAdapter - Downloaded https://repo.maven.apache.org/maven2/org/graalvm/truffle/truffle-api/22.3.3/truffle-api-22.3.3.pom
2025-04-30 22:13:47,930 [Worker-54: Building] INFO  o.e.m.c.i.e.AbstractTransferListenerAdapter - Downloading https://repo.maven.apache.org/maven2/org/thymeleaf/thymeleaf/3.1.2.RELEASE/thymeleaf-3.1.2.RELEASE.pom
2025-04-30 22:13:47,970 [Worker-54: Building] INFO  o.e.m.c.i.e.AbstractTransferListenerAdapter - Downloaded https://repo.maven.apache.org/maven2/org/thymeleaf/thymeleaf/3.1.2.RELEASE/thymeleaf-3.1.2.RELEASE.pom
2025-04-30 22:13:48,146 [Worker-54: Building] INFO  o.e.m.c.i.e.AbstractTransferListenerAdapter - Downloading https://repo.maven.apache.org/maven2/org/thymeleaf/thymeleaf-lib/3.1.2.RELEASE/thymeleaf-lib-3.1.2.RELEASE.pom
2025-04-30 22:13:48,183 [Worker-54: Building] INFO  o.e.m.c.i.e.AbstractTransferListenerAdapter - Downloaded https://repo.maven.apache.org/maven2/org/thymeleaf/thymeleaf-lib/3.1.2.RELEASE/thymeleaf-lib-3.1.2.RELEASE.pom
2025-04-30 22:13:48,263 [Worker-54: Building] INFO  o.e.m.c.i.e.AbstractTransferListenerAdapter - Downloading https://repo.maven.apache.org/maven2/org/thymeleaf/thymeleaf-parent/3.1.2.RELEASE/thymeleaf-parent-3.1.2.RELEASE.pom
2025-04-30 22:13:48,314 [Worker-54: Building] INFO  o.e.m.c.i.e.AbstractTransferListenerAdapter - Downloaded https://repo.maven.apache.org/maven2/org/thymeleaf/thymeleaf-parent/3.1.2.RELEASE/thymeleaf-parent-3.1.2.RELEASE.pom
2025-04-30 22:13:48,410 [Worker-54: Building] INFO  o.e.m.c.i.e.AbstractTransferListenerAdapter - Downloading https://repo.maven.apache.org/maven2/com/fasterxml/jackson/jackson-bom/2.15.2/jackson-bom-2.15.2.pom
2025-04-30 22:13:48,458 [Worker-54: Building] INFO  o.e.m.c.i.e.AbstractTransferListenerAdapter - Downloaded https://repo.maven.apache.org/maven2/com/fasterxml/jackson/jackson-bom/2.15.2/jackson-bom-2.15.2.pom
2025-04-30 22:13:48,583 [Worker-54: Building] INFO  o.e.m.c.i.e.AbstractTransferListenerAdapter - Downloading https://repo.maven.apache.org/maven2/io/projectreactor/reactor-bom/2022.0.9/reactor-bom-2022.0.9.pom
2025-04-30 22:13:48,623 [Worker-54: Building] INFO  o.e.m.c.i.e.AbstractTransferListenerAdapter - Downloaded https://repo.maven.apache.org/maven2/io/projectreactor/reactor-bom/2022.0.9/reactor-bom-2022.0.9.pom
2025-04-30 22:13:48,711 [Worker-54: Building] INFO  o.e.m.c.i.e.AbstractTransferListenerAdapter - Downloading https://repo.maven.apache.org/maven2/org/apache/logging/log4j/log4j-bom/2.20.0/log4j-bom-2.20.0.pom
2025-04-30 22:13:48,746 [Worker-54: Building] INFO  o.e.m.c.i.e.AbstractTransferListenerAdapter - Downloaded https://repo.maven.apache.org/maven2/org/apache/logging/log4j/log4j-bom/2.20.0/log4j-bom-2.20.0.pom
2025-04-30 22:13:48,836 [Worker-54: Building] INFO  o.e.m.c.i.e.AbstractTransferListenerAdapter - Downloading https://repo.maven.apache.org/maven2/org/apache/logging/logging-parent/7/logging-parent-7.pom
2025-04-30 22:13:48,873 [Worker-54: Building] INFO  o.e.m.c.i.e.AbstractTransferListenerAdapter - Downloaded https://repo.maven.apache.org/maven2/org/apache/logging/logging-parent/7/logging-parent-7.pom
2025-04-30 22:13:48,993 [Worker-54: Building] INFO  o.e.m.c.i.e.AbstractTransferListenerAdapter - Downloading https://repo.maven.apache.org/maven2/ognl/ognl/3.3.4/ognl-3.3.4.pom
2025-04-30 22:13:49,031 [Worker-54: Building] INFO  o.e.m.c.i.e.AbstractTransferListenerAdapter - Downloaded https://repo.maven.apache.org/maven2/ognl/ognl/3.3.4/ognl-3.3.4.pom
2025-04-30 22:13:49,131 [Worker-54: Building] INFO  o.e.m.c.i.e.AbstractTransferListenerAdapter - Downloading https://repo.maven.apache.org/maven2/org/javassist/javassist/3.29.0-GA/javassist-3.29.0-GA.pom
2025-04-30 22:13:49,186 [Worker-54: Building] INFO  o.e.m.c.i.e.AbstractTransferListenerAdapter - Downloaded https://repo.maven.apache.org/maven2/org/javassist/javassist/3.29.0-GA/javassist-3.29.0-GA.pom
2025-04-30 22:13:49,285 [Worker-54: Building] INFO  o.e.m.c.i.e.AbstractTransferListenerAdapter - Downloading https://repo.maven.apache.org/maven2/org/attoparser/attoparser/2.0.7.RELEASE/attoparser-2.0.7.RELEASE.pom
2025-04-30 22:13:49,321 [Worker-54: Building] INFO  o.e.m.c.i.e.AbstractTransferListenerAdapter - Downloaded https://repo.maven.apache.org/maven2/org/attoparser/attoparser/2.0.7.RELEASE/attoparser-2.0.7.RELEASE.pom
2025-04-30 22:13:49,428 [Worker-54: Building] INFO  o.e.m.c.i.e.AbstractTransferListenerAdapter - Downloading https://repo.maven.apache.org/maven2/org/slf4j/slf4j-api/2.0.7/slf4j-api-2.0.7.pom
2025-04-30 22:13:49,464 [Worker-54: Building] INFO  o.e.m.c.i.e.AbstractTransferListenerAdapter - Downloaded https://repo.maven.apache.org/maven2/org/slf4j/slf4j-api/2.0.7/slf4j-api-2.0.7.pom
2025-04-30 22:13:49,549 [Worker-54: Building] INFO  o.e.m.c.i.e.AbstractTransferListenerAdapter - Downloading https://repo.maven.apache.org/maven2/org/slf4j/slf4j-parent/2.0.7/slf4j-parent-2.0.7.pom
2025-04-30 22:13:49,602 [Worker-54: Building] INFO  o.e.m.c.i.e.AbstractTransferListenerAdapter - Downloaded https://repo.maven.apache.org/maven2/org/slf4j/slf4j-parent/2.0.7/slf4j-parent-2.0.7.pom
2025-04-30 22:13:49,688 [Worker-54: Building] INFO  o.e.m.c.i.e.AbstractTransferListenerAdapter - Downloading https://repo.maven.apache.org/maven2/com/linecorp/armeria/armeria/1.25.2/armeria-1.25.2.pom
2025-04-30 22:13:49,730 [Worker-54: Building] INFO  o.e.m.c.i.e.AbstractTransferListenerAdapter - Downloaded https://repo.maven.apache.org/maven2/com/linecorp/armeria/armeria/1.25.2/armeria-1.25.2.pom
2025-04-30 22:13:49,823 [Worker-54: Building] INFO  o.e.m.c.i.e.AbstractTransferListenerAdapter - Downloading https://repo.maven.apache.org/maven2/com/fasterxml/jackson/core/jackson-core/2.15.2/jackson-core-2.15.2.pom
2025-04-30 22:13:49,865 [Worker-54: Building] INFO  o.e.m.c.i.e.AbstractTransferListenerAdapter - Downloaded https://repo.maven.apache.org/maven2/com/fasterxml/jackson/core/jackson-core/2.15.2/jackson-core-2.15.2.pom
2025-04-30 22:13:49,970 [Worker-54: Building] INFO  o.e.m.c.i.e.AbstractTransferListenerAdapter - Downloading https://repo.maven.apache.org/maven2/com/fasterxml/jackson/jackson-base/2.15.2/jackson-base-2.15.2.pom
2025-04-30 22:13:50,021 [Worker-54: Building] INFO  o.e.m.c.i.e.AbstractTransferListenerAdapter - Downloaded https://repo.maven.apache.org/maven2/com/fasterxml/jackson/jackson-base/2.15.2/jackson-base-2.15.2.pom
2025-04-30 22:13:50,139 [Worker-54: Building] INFO  o.e.m.c.i.e.AbstractTransferListenerAdapter - Downloading https://repo.maven.apache.org/maven2/com/fasterxml/jackson/core/jackson-annotations/2.15.2/jackson-annotations-2.15.2.pom
2025-04-30 22:13:50,189 [Worker-54: Building] INFO  o.e.m.c.i.e.AbstractTransferListenerAdapter - Downloaded https://repo.maven.apache.org/maven2/com/fasterxml/jackson/core/jackson-annotations/2.15.2/jackson-annotations-2.15.2.pom
2025-04-30 22:13:50,295 [Worker-54: Building] INFO  o.e.m.c.i.e.AbstractTransferListenerAdapter - Downloading https://repo.maven.apache.org/maven2/com/fasterxml/jackson/core/jackson-databind/2.15.2/jackson-databind-2.15.2.pom
2025-04-30 22:13:50,381 [Worker-54: Building] INFO  o.e.m.c.i.e.AbstractTransferListenerAdapter - Downloaded https://repo.maven.apache.org/maven2/com/fasterxml/jackson/core/jackson-databind/2.15.2/jackson-databind-2.15.2.pom
2025-04-30 22:13:50,493 [Worker-54: Building] INFO  o.e.m.c.i.e.AbstractTransferListenerAdapter - Downloading https://repo.maven.apache.org/maven2/com/fasterxml/jackson/datatype/jackson-datatype-jdk8/2.15.2/jackson-datatype-jdk8-2.15.2.pom
2025-04-30 22:13:50,529 [Worker-54: Building] INFO  o.e.m.c.i.e.AbstractTransferListenerAdapter - Downloaded https://repo.maven.apache.org/maven2/com/fasterxml/jackson/datatype/jackson-datatype-jdk8/2.15.2/jackson-datatype-jdk8-2.15.2.pom
2025-04-30 22:13:50,601 [Worker-54: Building] INFO  o.e.m.c.i.e.AbstractTransferListenerAdapter - Downloading https://repo.maven.apache.org/maven2/com/fasterxml/jackson/module/jackson-modules-java8/2.15.2/jackson-modules-java8-2.15.2.pom
2025-04-30 22:13:50,641 [Worker-54: Building] INFO  o.e.m.c.i.e.AbstractTransferListenerAdapter - Downloaded https://repo.maven.apache.org/maven2/com/fasterxml/jackson/module/jackson-modules-java8/2.15.2/jackson-modules-java8-2.15.2.pom
2025-04-30 22:13:50,719 [Worker-54: Building] INFO  o.e.m.c.i.e.AbstractTransferListenerAdapter - Downloading https://repo.maven.apache.org/maven2/com/fasterxml/jackson/datatype/jackson-datatype-jsr310/2.15.2/jackson-datatype-jsr310-2.15.2.pom
2025-04-30 22:13:50,756 [Worker-54: Building] INFO  o.e.m.c.i.e.AbstractTransferListenerAdapter - Downloaded https://repo.maven.apache.org/maven2/com/fasterxml/jackson/datatype/jackson-datatype-jsr310/2.15.2/jackson-datatype-jsr310-2.15.2.pom
2025-04-30 22:13:50,835 [Worker-54: Building] INFO  o.e.m.c.i.e.AbstractTransferListenerAdapter - Downloading https://repo.maven.apache.org/maven2/io/micrometer/micrometer-core/1.11.3/micrometer-core-1.11.3.pom
2025-04-30 22:13:50,878 [Worker-54: Building] INFO  o.e.m.c.i.e.AbstractTransferListenerAdapter - Downloaded https://repo.maven.apache.org/maven2/io/micrometer/micrometer-core/1.11.3/micrometer-core-1.11.3.pom
2025-04-30 22:13:50,956 [Worker-54: Building] INFO  o.e.m.c.i.e.AbstractTransferListenerAdapter - Downloading https://repo.maven.apache.org/maven2/io/micrometer/micrometer-commons/1.11.3/micrometer-commons-1.11.3.pom
2025-04-30 22:13:50,992 [Worker-54: Building] INFO  o.e.m.c.i.e.AbstractTransferListenerAdapter - Downloaded https://repo.maven.apache.org/maven2/io/micrometer/micrometer-commons/1.11.3/micrometer-commons-1.11.3.pom
2025-04-30 22:13:51,068 [Worker-54: Building] INFO  o.e.m.c.i.e.AbstractTransferListenerAdapter - Downloading https://repo.maven.apache.org/maven2/io/micrometer/micrometer-observation/1.11.3/micrometer-observation-1.11.3.pom
2025-04-30 22:13:51,104 [Worker-54: Building] INFO  o.e.m.c.i.e.AbstractTransferListenerAdapter - Downloaded https://repo.maven.apache.org/maven2/io/micrometer/micrometer-observation/1.11.3/micrometer-observation-1.11.3.pom
2025-04-30 22:13:51,287 [Worker-54: Building] INFO  o.e.m.c.i.e.AbstractTransferListenerAdapter - Downloading https://repo.maven.apache.org/maven2/io/netty/netty-codec-haproxy/4.1.96.Final/netty-codec-haproxy-4.1.96.Final.pom
2025-04-30 22:13:51,318 [Worker-54: Building] INFO  o.e.m.c.i.e.AbstractTransferListenerAdapter - Downloaded https://repo.maven.apache.org/maven2/io/netty/netty-codec-haproxy/4.1.96.Final/netty-codec-haproxy-4.1.96.Final.pom
2025-04-30 22:13:51,452 [Worker-54: Building] INFO  o.e.m.c.i.e.AbstractTransferListenerAdapter - Downloading https://repo.maven.apache.org/maven2/io/netty/netty-codec-http2/4.1.96.Final/netty-codec-http2-4.1.96.Final.pom
2025-04-30 22:13:51,468 [Worker-54: Building] INFO  o.e.m.c.i.e.AbstractTransferListenerAdapter - Downloaded https://repo.maven.apache.org/maven2/io/netty/netty-codec-http2/4.1.96.Final/netty-codec-http2-4.1.96.Final.pom
2025-04-30 22:13:51,653 [Worker-54: Building] INFO  o.e.m.c.i.e.AbstractTransferListenerAdapter - Downloading https://repo.maven.apache.org/maven2/io/netty/netty-resolver-dns/4.1.96.Final/netty-resolver-dns-4.1.96.Final.pom
2025-04-30 22:13:51,703 [Worker-54: Building] INFO  o.e.m.c.i.e.AbstractTransferListenerAdapter - Downloaded https://repo.maven.apache.org/maven2/io/netty/netty-resolver-dns/4.1.96.Final/netty-resolver-dns-4.1.96.Final.pom
2025-04-30 22:13:51,842 [Worker-54: Building] INFO  o.e.m.c.i.e.AbstractTransferListenerAdapter - Downloading https://repo.maven.apache.org/maven2/io/netty/netty-codec-dns/4.1.96.Final/netty-codec-dns-4.1.96.Final.pom
2025-04-30 22:13:51,881 [Worker-54: Building] INFO  o.e.m.c.i.e.AbstractTransferListenerAdapter - Downloaded https://repo.maven.apache.org/maven2/io/netty/netty-codec-dns/4.1.96.Final/netty-codec-dns-4.1.96.Final.pom
2025-04-30 22:13:51,973 [Worker-54: Building] INFO  o.e.m.c.i.e.AbstractTransferListenerAdapter - Downloading https://repo.maven.apache.org/maven2/io/netty/netty-handler-proxy/4.1.96.Final/netty-handler-proxy-4.1.96.Final.pom
2025-04-30 22:13:52,007 [Worker-54: Building] INFO  o.e.m.c.i.e.AbstractTransferListenerAdapter - Downloaded https://repo.maven.apache.org/maven2/io/netty/netty-handler-proxy/4.1.96.Final/netty-handler-proxy-4.1.96.Final.pom
2025-04-30 22:13:52,126 [Worker-54: Building] INFO  o.e.m.c.i.e.AbstractTransferListenerAdapter - Downloading https://repo.maven.apache.org/maven2/io/netty/netty-codec-socks/4.1.96.Final/netty-codec-socks-4.1.96.Final.pom
2025-04-30 22:13:52,155 [Worker-54: Building] INFO  o.e.m.c.i.e.AbstractTransferListenerAdapter - Downloaded https://repo.maven.apache.org/maven2/io/netty/netty-codec-socks/4.1.96.Final/netty-codec-socks-4.1.96.Final.pom
2025-04-30 22:13:52,376 [Worker-54: Building] INFO  o.e.m.c.i.e.AbstractTransferListenerAdapter - Downloading https://repo.maven.apache.org/maven2/io/netty/netty-resolver-dns-native-macos/4.1.96.Final/netty-resolver-dns-native-macos-4.1.96.Final.pom
2025-04-30 22:13:52,453 [Worker-54: Building] INFO  o.e.m.c.i.e.AbstractTransferListenerAdapter - Downloaded https://repo.maven.apache.org/maven2/io/netty/netty-resolver-dns-native-macos/4.1.96.Final/netty-resolver-dns-native-macos-4.1.96.Final.pom
2025-04-30 22:13:52,668 [Worker-54: Building] INFO  o.e.m.c.i.e.AbstractTransferListenerAdapter - Downloading https://repo.maven.apache.org/maven2/io/netty/netty-resolver-dns-classes-macos/4.1.96.Final/netty-resolver-dns-classes-macos-4.1.96.Final.pom
2025-04-30 22:13:52,700 [Worker-54: Building] INFO  o.e.m.c.i.e.AbstractTransferListenerAdapter - Downloaded https://repo.maven.apache.org/maven2/io/netty/netty-resolver-dns-classes-macos/4.1.96.Final/netty-resolver-dns-classes-macos-4.1.96.Final.pom
2025-04-30 22:13:52,898 [Worker-54: Building] INFO  o.e.m.c.i.e.AbstractTransferListenerAdapter - Downloading https://repo.maven.apache.org/maven2/io/netty/netty-tcnative-boringssl-static/2.0.61.Final/netty-tcnative-boringssl-static-2.0.61.Final.pom
2025-04-30 22:13:52,939 [Worker-54: Building] INFO  o.e.m.c.i.e.AbstractTransferListenerAdapter - Downloaded https://repo.maven.apache.org/maven2/io/netty/netty-tcnative-boringssl-static/2.0.61.Final/netty-tcnative-boringssl-static-2.0.61.Final.pom
2025-04-30 22:13:53,118 [Worker-54: Building] INFO  o.e.m.c.i.e.AbstractTransferListenerAdapter - Downloading https://repo.maven.apache.org/maven2/io/netty/netty-tcnative-classes/2.0.61.Final/netty-tcnative-classes-2.0.61.Final.pom
2025-04-30 22:13:53,150 [Worker-54: Building] INFO  o.e.m.c.i.e.AbstractTransferListenerAdapter - Downloaded https://repo.maven.apache.org/maven2/io/netty/netty-tcnative-classes/2.0.61.Final/netty-tcnative-classes-2.0.61.Final.pom
2025-04-30 22:13:53,273 [Worker-54: Building] INFO  o.e.m.c.i.e.AbstractTransferListenerAdapter - Downloading https://repo.maven.apache.org/maven2/io/netty/netty-tcnative-parent/2.0.61.Final/netty-tcnative-parent-2.0.61.Final.pom
2025-04-30 22:13:53,388 [Worker-54: Building] INFO  o.e.m.c.i.e.AbstractTransferListenerAdapter - Downloaded https://repo.maven.apache.org/maven2/io/netty/netty-tcnative-parent/2.0.61.Final/netty-tcnative-parent-2.0.61.Final.pom
2025-04-30 22:13:53,566 [Worker-54: Building] INFO  o.e.m.c.i.e.AbstractTransferListenerAdapter - Downloading https://repo.maven.apache.org/maven2/com/aayushatharva/brotli4j/brotli4j/1.12.0/brotli4j-1.12.0.pom
2025-04-30 22:13:53,612 [Worker-54: Building] INFO  o.e.m.c.i.e.AbstractTransferListenerAdapter - Downloaded https://repo.maven.apache.org/maven2/com/aayushatharva/brotli4j/brotli4j/1.12.0/brotli4j-1.12.0.pom
2025-04-30 22:13:53,786 [Worker-54: Building] INFO  o.e.m.c.i.e.AbstractTransferListenerAdapter - Downloading https://repo.maven.apache.org/maven2/com/aayushatharva/brotli4j/brotli4j-parent/1.12.0/brotli4j-parent-1.12.0.pom
2025-04-30 22:13:53,831 [Worker-54: Building] INFO  o.e.m.c.i.e.AbstractTransferListenerAdapter - Downloaded https://repo.maven.apache.org/maven2/com/aayushatharva/brotli4j/brotli4j-parent/1.12.0/brotli4j-parent-1.12.0.pom
2025-04-30 22:13:54,068 [Worker-54: Building] INFO  o.e.m.c.i.e.AbstractTransferListenerAdapter - Downloading https://repo.maven.apache.org/maven2/com/aayushatharva/brotli4j/service/1.12.0/service-1.12.0.pom
2025-04-30 22:13:54,098 [Worker-54: Building] INFO  o.e.m.c.i.e.AbstractTransferListenerAdapter - Downloaded https://repo.maven.apache.org/maven2/com/aayushatharva/brotli4j/service/1.12.0/service-1.12.0.pom
2025-04-30 22:13:54,239 [Worker-54: Building] INFO  o.e.m.c.i.e.AbstractTransferListenerAdapter - Downloading https://repo.maven.apache.org/maven2/com/aayushatharva/brotli4j/native-windows-x86_64/1.12.0/native-windows-x86_64-1.12.0.pom
2025-04-30 22:13:54,276 [Worker-54: Building] INFO  o.e.m.c.i.e.AbstractTransferListenerAdapter - Downloaded https://repo.maven.apache.org/maven2/com/aayushatharva/brotli4j/native-windows-x86_64/1.12.0/native-windows-x86_64-1.12.0.pom
2025-04-30 22:13:54,491 [Worker-54: Building] INFO  o.e.m.c.i.e.AbstractTransferListenerAdapter - Downloading https://repo.maven.apache.org/maven2/com/aayushatharva/brotli4j/natives/1.12.0/natives-1.12.0.pom
2025-04-30 22:13:54,533 [Worker-54: Building] INFO  o.e.m.c.i.e.AbstractTransferListenerAdapter - Downloaded https://repo.maven.apache.org/maven2/com/aayushatharva/brotli4j/natives/1.12.0/natives-1.12.0.pom
2025-04-30 22:13:54,727 [Worker-54: Building] INFO  o.e.m.c.i.e.AbstractTransferListenerAdapter - Downloading https://repo.maven.apache.org/maven2/commons-codec/commons-codec/1.16.0/commons-codec-1.16.0.pom
2025-04-30 22:13:54,796 [Worker-54: Building] INFO  o.e.m.c.i.e.AbstractTransferListenerAdapter - Downloaded https://repo.maven.apache.org/maven2/commons-codec/commons-codec/1.16.0/commons-codec-1.16.0.pom
2025-04-30 22:13:55,059 [Worker-54: Building] INFO  o.e.m.c.i.e.AbstractTransferListenerAdapter - Downloading https://repo.maven.apache.org/maven2/ch/qos/logback/logback-classic/1.4.11/logback-classic-1.4.11.pom
2025-04-30 22:13:55,140 [Worker-54: Building] INFO  o.e.m.c.i.e.AbstractTransferListenerAdapter - Downloaded https://repo.maven.apache.org/maven2/ch/qos/logback/logback-classic/1.4.11/logback-classic-1.4.11.pom
2025-04-30 22:13:55,354 [Worker-54: Building] INFO  o.e.m.c.i.e.AbstractTransferListenerAdapter - Downloading https://repo.maven.apache.org/maven2/ch/qos/logback/logback-parent/1.4.11/logback-parent-1.4.11.pom
2025-04-30 22:13:55,453 [Worker-54: Building] INFO  o.e.m.c.i.e.AbstractTransferListenerAdapter - Downloaded https://repo.maven.apache.org/maven2/ch/qos/logback/logback-parent/1.4.11/logback-parent-1.4.11.pom
2025-04-30 22:13:55,652 [Worker-54: Building] INFO  o.e.m.c.i.e.AbstractTransferListenerAdapter - Downloading https://repo.maven.apache.org/maven2/ch/qos/logback/logback-core/1.4.11/logback-core-1.4.11.pom
2025-04-30 22:13:55,696 [Worker-54: Building] INFO  o.e.m.c.i.e.AbstractTransferListenerAdapter - Downloaded https://repo.maven.apache.org/maven2/ch/qos/logback/logback-core/1.4.11/logback-core-1.4.11.pom
2025-04-30 22:13:55,888 [Worker-54: Building] INFO  o.e.m.c.i.e.AbstractTransferListenerAdapter - Downloading https://repo.maven.apache.org/maven2/org/slf4j/jcl-over-slf4j/2.0.9/jcl-over-slf4j-2.0.9.pom
2025-04-30 22:13:55,919 [Worker-54: Building] INFO  o.e.m.c.i.e.AbstractTransferListenerAdapter - Downloaded https://repo.maven.apache.org/maven2/org/slf4j/jcl-over-slf4j/2.0.9/jcl-over-slf4j-2.0.9.pom
2025-04-30 22:13:56,157 [Worker-54: Building] INFO  o.e.m.c.i.e.AbstractTransferListenerAdapter - Downloading https://repo.maven.apache.org/maven2/io/github/classgraph/classgraph/4.8.160/classgraph-4.8.160.pom
2025-04-30 22:13:56,294 [Worker-54: Building] INFO  o.e.m.c.i.e.AbstractTransferListenerAdapter - Downloaded https://repo.maven.apache.org/maven2/io/github/classgraph/classgraph/4.8.160/classgraph-4.8.160.pom
2025-04-30 22:13:56,601 [Worker-54: Building] INFO  o.e.m.c.i.e.AbstractTransferListenerAdapter - Downloading https://repo.maven.apache.org/maven2/com/intuit/karate/karate-core/1.4.1/karate-core-1.4.1.jar
2025-04-30 22:14:02,621 [Worker-54: Building] INFO  o.e.m.c.i.e.AbstractTransferListenerAdapter - Downloaded https://repo.maven.apache.org/maven2/com/intuit/karate/karate-core/1.4.1/karate-core-1.4.1.jar
2025-04-30 22:14:02,816 [BasicRepositoryConnector-repo.maven.apache.org-0-3] INFO  o.e.m.c.i.e.AbstractTransferListenerAdapter - Downloading https://repo.maven.apache.org/maven2/org/graalvm/regex/regex/22.3.3/regex-22.3.3.jar
2025-04-30 22:14:03,647 [BasicRepositoryConnector-repo.maven.apache.org-0-4] INFO  o.e.m.c.i.e.AbstractTransferListenerAdapter - Downloading https://repo.maven.apache.org/maven2/org/graalvm/truffle/truffle-api/22.3.3/truffle-api-22.3.3.jar
2025-04-30 22:14:03,647 [BasicRepositoryConnector-repo.maven.apache.org-0-2] INFO  o.e.m.c.i.e.AbstractTransferListenerAdapter - Downloading https://repo.maven.apache.org/maven2/org/graalvm/js/js/22.3.3/js-22.3.3.jar
2025-04-30 22:14:03,650 [BasicRepositoryConnector-repo.maven.apache.org-0-0] INFO  o.e.m.c.i.e.AbstractTransferListenerAdapter - Downloading https://repo.maven.apache.org/maven2/org/graalvm/js/js-scriptengine/22.3.3/js-scriptengine-22.3.3.jar
2025-04-30 22:14:03,650 [BasicRepositoryConnector-repo.maven.apache.org-0-1] INFO  o.e.m.c.i.e.AbstractTransferListenerAdapter - Downloading https://repo.maven.apache.org/maven2/org/graalvm/sdk/graal-sdk/22.3.3/graal-sdk-22.3.3.jar
2025-04-30 22:14:04,139 [BasicRepositoryConnector-repo.maven.apache.org-0-0] INFO  o.e.m.c.i.e.AbstractTransferListenerAdapter - Downloaded https://repo.maven.apache.org/maven2/org/graalvm/js/js-scriptengine/22.3.3/js-scriptengine-22.3.3.jar
2025-04-30 22:14:04,723 [BasicRepositoryConnector-repo.maven.apache.org-0-0] INFO  o.e.m.c.i.e.AbstractTransferListenerAdapter - Downloading https://repo.maven.apache.org/maven2/org/thymeleaf/thymeleaf/3.1.2.RELEASE/thymeleaf-3.1.2.RELEASE.jar
2025-04-30 22:14:06,112 [BasicRepositoryConnector-repo.maven.apache.org-0-1] INFO  o.e.m.c.i.e.AbstractTransferListenerAdapter - Downloaded https://repo.maven.apache.org/maven2/org/graalvm/sdk/graal-sdk/22.3.3/graal-sdk-22.3.3.jar
2025-04-30 22:14:06,210 [BasicRepositoryConnector-repo.maven.apache.org-0-1] INFO  o.e.m.c.i.e.AbstractTransferListenerAdapter - Downloading https://repo.maven.apache.org/maven2/ognl/ognl/3.3.4/ognl-3.3.4.jar
2025-04-30 22:14:06,500 [BasicRepositoryConnector-repo.maven.apache.org-0-1] INFO  o.e.m.c.i.e.AbstractTransferListenerAdapter - Downloaded https://repo.maven.apache.org/maven2/ognl/ognl/3.3.4/ognl-3.3.4.jar
2025-04-30 22:14:06,503 [BasicRepositoryConnector-repo.maven.apache.org-0-0] INFO  o.e.m.c.i.e.AbstractTransferListenerAdapter - Downloaded https://repo.maven.apache.org/maven2/org/thymeleaf/thymeleaf/3.1.2.RELEASE/thymeleaf-3.1.2.RELEASE.jar
2025-04-30 22:14:06,581 [BasicRepositoryConnector-repo.maven.apache.org-0-1] INFO  o.e.m.c.i.e.AbstractTransferListenerAdapter - Downloading https://repo.maven.apache.org/maven2/org/javassist/javassist/3.29.0-GA/javassist-3.29.0-GA.jar
2025-04-30 22:14:06,594 [BasicRepositoryConnector-repo.maven.apache.org-0-0] INFO  o.e.m.c.i.e.AbstractTransferListenerAdapter - Downloading https://repo.maven.apache.org/maven2/org/attoparser/attoparser/2.0.7.RELEASE/attoparser-2.0.7.RELEASE.jar
2025-04-30 22:14:06,833 [BasicRepositoryConnector-repo.maven.apache.org-0-0] INFO  o.e.m.c.i.e.AbstractTransferListenerAdapter - Downloaded https://repo.maven.apache.org/maven2/org/attoparser/attoparser/2.0.7.RELEASE/attoparser-2.0.7.RELEASE.jar
2025-04-30 22:14:06,910 [BasicRepositoryConnector-repo.maven.apache.org-0-0] INFO  o.e.m.c.i.e.AbstractTransferListenerAdapter - Downloading https://repo.maven.apache.org/maven2/org/slf4j/slf4j-api/2.0.7/slf4j-api-2.0.7.jar
2025-04-30 22:14:06,985 [BasicRepositoryConnector-repo.maven.apache.org-0-0] INFO  o.e.m.c.i.e.AbstractTransferListenerAdapter - Downloaded https://repo.maven.apache.org/maven2/org/slf4j/slf4j-api/2.0.7/slf4j-api-2.0.7.jar
2025-04-30 22:14:07,082 [BasicRepositoryConnector-repo.maven.apache.org-0-0] INFO  o.e.m.c.i.e.AbstractTransferListenerAdapter - Downloading https://repo.maven.apache.org/maven2/com/linecorp/armeria/armeria/1.25.2/armeria-1.25.2.jar
2025-04-30 22:14:07,417 [BasicRepositoryConnector-repo.maven.apache.org-0-1] INFO  o.e.m.c.i.e.AbstractTransferListenerAdapter - Downloaded https://repo.maven.apache.org/maven2/org/javassist/javassist/3.29.0-GA/javassist-3.29.0-GA.jar
2025-04-30 22:14:07,550 [BasicRepositoryConnector-repo.maven.apache.org-0-1] INFO  o.e.m.c.i.e.AbstractTransferListenerAdapter - Downloading https://repo.maven.apache.org/maven2/com/fasterxml/jackson/core/jackson-core/2.15.2/jackson-core-2.15.2.jar
2025-04-30 22:14:08,239 [BasicRepositoryConnector-repo.maven.apache.org-0-1] INFO  o.e.m.c.i.e.AbstractTransferListenerAdapter - Downloaded https://repo.maven.apache.org/maven2/com/fasterxml/jackson/core/jackson-core/2.15.2/jackson-core-2.15.2.jar
2025-04-30 22:14:08,341 [BasicRepositoryConnector-repo.maven.apache.org-0-1] INFO  o.e.m.c.i.e.AbstractTransferListenerAdapter - Downloading https://repo.maven.apache.org/maven2/com/fasterxml/jackson/core/jackson-annotations/2.15.2/jackson-annotations-2.15.2.jar
2025-04-30 22:14:08,426 [BasicRepositoryConnector-repo.maven.apache.org-0-1] INFO  o.e.m.c.i.e.AbstractTransferListenerAdapter - Downloaded https://repo.maven.apache.org/maven2/com/fasterxml/jackson/core/jackson-annotations/2.15.2/jackson-annotations-2.15.2.jar
2025-04-30 22:14:08,541 [BasicRepositoryConnector-repo.maven.apache.org-0-3] INFO  o.e.m.c.i.e.AbstractTransferListenerAdapter - Downloaded https://repo.maven.apache.org/maven2/org/graalvm/regex/regex/22.3.3/regex-22.3.3.jar
2025-04-30 22:14:08,571 [BasicRepositoryConnector-repo.maven.apache.org-0-1] INFO  o.e.m.c.i.e.AbstractTransferListenerAdapter - Downloading https://repo.maven.apache.org/maven2/com/fasterxml/jackson/core/jackson-databind/2.15.2/jackson-databind-2.15.2.jar
2025-04-30 22:14:08,668 [BasicRepositoryConnector-repo.maven.apache.org-0-3] INFO  o.e.m.c.i.e.AbstractTransferListenerAdapter - Downloading https://repo.maven.apache.org/maven2/com/fasterxml/jackson/datatype/jackson-datatype-jdk8/2.15.2/jackson-datatype-jdk8-2.15.2.jar
2025-04-30 22:14:09,348 [BasicRepositoryConnector-repo.maven.apache.org-0-3] INFO  o.e.m.c.i.e.AbstractTransferListenerAdapter - Downloaded https://repo.maven.apache.org/maven2/com/fasterxml/jackson/datatype/jackson-datatype-jdk8/2.15.2/jackson-datatype-jdk8-2.15.2.jar
2025-04-30 22:14:09,504 [BasicRepositoryConnector-repo.maven.apache.org-0-3] INFO  o.e.m.c.i.e.AbstractTransferListenerAdapter - Downloading https://repo.maven.apache.org/maven2/com/fasterxml/jackson/datatype/jackson-datatype-jsr310/2.15.2/jackson-datatype-jsr310-2.15.2.jar
2025-04-30 22:14:09,637 [BasicRepositoryConnector-repo.maven.apache.org-0-3] INFO  o.e.m.c.i.e.AbstractTransferListenerAdapter - Downloaded https://repo.maven.apache.org/maven2/com/fasterxml/jackson/datatype/jackson-datatype-jsr310/2.15.2/jackson-datatype-jsr310-2.15.2.jar
2025-04-30 22:14:09,676 [BasicRepositoryConnector-repo.maven.apache.org-0-1] INFO  o.e.m.c.i.e.AbstractTransferListenerAdapter - Downloaded https://repo.maven.apache.org/maven2/com/fasterxml/jackson/core/jackson-databind/2.15.2/jackson-databind-2.15.2.jar
2025-04-30 22:14:09,751 [BasicRepositoryConnector-repo.maven.apache.org-0-3] INFO  o.e.m.c.i.e.AbstractTransferListenerAdapter - Downloading https://repo.maven.apache.org/maven2/io/micrometer/micrometer-core/1.11.3/micrometer-core-1.11.3.jar
2025-04-30 22:14:09,760 [BasicRepositoryConnector-repo.maven.apache.org-0-1] INFO  o.e.m.c.i.e.AbstractTransferListenerAdapter - Downloading https://repo.maven.apache.org/maven2/io/micrometer/micrometer-commons/1.11.3/micrometer-commons-1.11.3.jar
2025-04-30 22:14:10,586 [BasicRepositoryConnector-repo.maven.apache.org-0-3] INFO  o.e.m.c.i.e.AbstractTransferListenerAdapter - Downloaded https://repo.maven.apache.org/maven2/io/micrometer/micrometer-core/1.11.3/micrometer-core-1.11.3.jar
2025-04-30 22:14:10,716 [BasicRepositoryConnector-repo.maven.apache.org-0-3] INFO  o.e.m.c.i.e.AbstractTransferListenerAdapter - Downloading https://repo.maven.apache.org/maven2/io/micrometer/micrometer-observation/1.11.3/micrometer-observation-1.11.3.jar
2025-04-30 22:14:10,737 [BasicRepositoryConnector-repo.maven.apache.org-0-1] INFO  o.e.m.c.i.e.AbstractTransferListenerAdapter - Downloaded https://repo.maven.apache.org/maven2/io/micrometer/micrometer-commons/1.11.3/micrometer-commons-1.11.3.jar
2025-04-30 22:14:10,823 [BasicRepositoryConnector-repo.maven.apache.org-0-3] INFO  o.e.m.c.i.e.AbstractTransferListenerAdapter - Downloaded https://repo.maven.apache.org/maven2/io/micrometer/micrometer-observation/1.11.3/micrometer-observation-1.11.3.jar
2025-04-30 22:14:10,851 [BasicRepositoryConnector-repo.maven.apache.org-0-1] INFO  o.e.m.c.i.e.AbstractTransferListenerAdapter - Downloading https://repo.maven.apache.org/maven2/io/netty/netty-transport/4.1.96.Final/netty-transport-4.1.96.Final.jar
2025-04-30 22:14:10,953 [BasicRepositoryConnector-repo.maven.apache.org-0-3] INFO  o.e.m.c.i.e.AbstractTransferListenerAdapter - Downloading https://repo.maven.apache.org/maven2/io/netty/netty-common/4.1.96.Final/netty-common-4.1.96.Final.jar
2025-04-30 22:14:11,624 [BasicRepositoryConnector-repo.maven.apache.org-0-1] INFO  o.e.m.c.i.e.AbstractTransferListenerAdapter - Downloaded https://repo.maven.apache.org/maven2/io/netty/netty-transport/4.1.96.Final/netty-transport-4.1.96.Final.jar
2025-04-30 22:14:11,779 [BasicRepositoryConnector-repo.maven.apache.org-0-3] INFO  o.e.m.c.i.e.AbstractTransferListenerAdapter - Downloaded https://repo.maven.apache.org/maven2/io/netty/netty-common/4.1.96.Final/netty-common-4.1.96.Final.jar
2025-04-30 22:14:11,865 [BasicRepositoryConnector-repo.maven.apache.org-0-1] INFO  o.e.m.c.i.e.AbstractTransferListenerAdapter - Downloading https://repo.maven.apache.org/maven2/io/netty/netty-buffer/4.1.96.Final/netty-buffer-4.1.96.Final.jar
2025-04-30 22:14:11,944 [BasicRepositoryConnector-repo.maven.apache.org-0-3] INFO  o.e.m.c.i.e.AbstractTransferListenerAdapter - Downloading https://repo.maven.apache.org/maven2/io/netty/netty-resolver/4.1.96.Final/netty-resolver-4.1.96.Final.jar
2025-04-30 22:14:12,480 [BasicRepositoryConnector-repo.maven.apache.org-0-1] INFO  o.e.m.c.i.e.AbstractTransferListenerAdapter - Downloaded https://repo.maven.apache.org/maven2/io/netty/netty-buffer/4.1.96.Final/netty-buffer-4.1.96.Final.jar
2025-04-30 22:14:12,562 [BasicRepositoryConnector-repo.maven.apache.org-0-3] INFO  o.e.m.c.i.e.AbstractTransferListenerAdapter - Downloaded https://repo.maven.apache.org/maven2/io/netty/netty-resolver/4.1.96.Final/netty-resolver-4.1.96.Final.jar
2025-04-30 22:14:12,660 [BasicRepositoryConnector-repo.maven.apache.org-0-1] INFO  o.e.m.c.i.e.AbstractTransferListenerAdapter - Downloading https://repo.maven.apache.org/maven2/io/netty/netty-codec-haproxy/4.1.96.Final/netty-codec-haproxy-4.1.96.Final.jar
2025-04-30 22:14:12,783 [BasicRepositoryConnector-repo.maven.apache.org-0-3] INFO  o.e.m.c.i.e.AbstractTransferListenerAdapter - Downloading https://repo.maven.apache.org/maven2/io/netty/netty-codec/4.1.96.Final/netty-codec-4.1.96.Final.jar
2025-04-30 22:14:13,153 [BasicRepositoryConnector-repo.maven.apache.org-0-3] INFO  o.e.m.c.i.e.AbstractTransferListenerAdapter - Downloaded https://repo.maven.apache.org/maven2/io/netty/netty-codec/4.1.96.Final/netty-codec-4.1.96.Final.jar
2025-04-30 22:14:13,255 [BasicRepositoryConnector-repo.maven.apache.org-0-1] INFO  o.e.m.c.i.e.AbstractTransferListenerAdapter - Downloaded https://repo.maven.apache.org/maven2/io/netty/netty-codec-haproxy/4.1.96.Final/netty-codec-haproxy-4.1.96.Final.jar
2025-04-30 22:14:13,288 [BasicRepositoryConnector-repo.maven.apache.org-0-3] INFO  o.e.m.c.i.e.AbstractTransferListenerAdapter - Downloading https://repo.maven.apache.org/maven2/io/netty/netty-codec-http2/4.1.96.Final/netty-codec-http2-4.1.96.Final.jar
2025-04-30 22:14:13,424 [BasicRepositoryConnector-repo.maven.apache.org-0-1] INFO  o.e.m.c.i.e.AbstractTransferListenerAdapter - Downloading https://repo.maven.apache.org/maven2/io/netty/netty-handler/4.1.96.Final/netty-handler-4.1.96.Final.jar
2025-04-30 22:14:13,811 [BasicRepositoryConnector-repo.maven.apache.org-0-3] INFO  o.e.m.c.i.e.AbstractTransferListenerAdapter - Downloaded https://repo.maven.apache.org/maven2/io/netty/netty-codec-http2/4.1.96.Final/netty-codec-http2-4.1.96.Final.jar
2025-04-30 22:14:14,140 [BasicRepositoryConnector-repo.maven.apache.org-0-3] INFO  o.e.m.c.i.e.AbstractTransferListenerAdapter - Downloading https://repo.maven.apache.org/maven2/io/netty/netty-codec-http/4.1.96.Final/netty-codec-http-4.1.96.Final.jar
2025-04-30 22:14:14,737 [BasicRepositoryConnector-repo.maven.apache.org-0-1] INFO  o.e.m.c.i.e.AbstractTransferListenerAdapter - Downloaded https://repo.maven.apache.org/maven2/io/netty/netty-handler/4.1.96.Final/netty-handler-4.1.96.Final.jar
2025-04-30 22:14:14,911 [BasicRepositoryConnector-repo.maven.apache.org-0-1] INFO  o.e.m.c.i.e.AbstractTransferListenerAdapter - Downloading https://repo.maven.apache.org/maven2/io/netty/netty-resolver-dns/4.1.96.Final/netty-resolver-dns-4.1.96.Final.jar
2025-04-30 22:14:14,993 [BasicRepositoryConnector-repo.maven.apache.org-0-2] INFO  o.e.m.c.i.e.AbstractTransferListenerAdapter - Downloaded https://repo.maven.apache.org/maven2/org/graalvm/js/js/22.3.3/js-22.3.3.jar
2025-04-30 22:14:15,039 [BasicRepositoryConnector-repo.maven.apache.org-0-3] INFO  o.e.m.c.i.e.AbstractTransferListenerAdapter - Downloaded https://repo.maven.apache.org/maven2/io/netty/netty-codec-http/4.1.96.Final/netty-codec-http-4.1.96.Final.jar
2025-04-30 22:14:15,107 [BasicRepositoryConnector-repo.maven.apache.org-0-2] INFO  o.e.m.c.i.e.AbstractTransferListenerAdapter - Downloading https://repo.maven.apache.org/maven2/io/netty/netty-codec-dns/4.1.96.Final/netty-codec-dns-4.1.96.Final.jar
2025-04-30 22:14:15,122 [BasicRepositoryConnector-repo.maven.apache.org-0-3] INFO  o.e.m.c.i.e.AbstractTransferListenerAdapter - Downloading https://repo.maven.apache.org/maven2/io/netty/netty-handler-proxy/4.1.96.Final/netty-handler-proxy-4.1.96.Final.jar
2025-04-30 22:14:15,165 [BasicRepositoryConnector-repo.maven.apache.org-0-1] INFO  o.e.m.c.i.e.AbstractTransferListenerAdapter - Downloaded https://repo.maven.apache.org/maven2/io/netty/netty-resolver-dns/4.1.96.Final/netty-resolver-dns-4.1.96.Final.jar
2025-04-30 22:14:15,193 [BasicRepositoryConnector-repo.maven.apache.org-0-2] INFO  o.e.m.c.i.e.AbstractTransferListenerAdapter - Downloaded https://repo.maven.apache.org/maven2/io/netty/netty-codec-dns/4.1.96.Final/netty-codec-dns-4.1.96.Final.jar
2025-04-30 22:14:15,250 [BasicRepositoryConnector-repo.maven.apache.org-0-1] INFO  o.e.m.c.i.e.AbstractTransferListenerAdapter - Downloading https://repo.maven.apache.org/maven2/io/netty/netty-codec-socks/4.1.96.Final/netty-codec-socks-4.1.96.Final.jar
2025-04-30 22:14:15,272 [BasicRepositoryConnector-repo.maven.apache.org-0-2] INFO  o.e.m.c.i.e.AbstractTransferListenerAdapter - Downloading https://repo.maven.apache.org/maven2/io/netty/netty-transport-native-unix-common/4.1.96.Final/netty-transport-native-unix-common-4.1.96.Final-linux-x86_64.jar
2025-04-30 22:14:15,323 [BasicRepositoryConnector-repo.maven.apache.org-0-2] INFO  o.e.m.c.i.e.AbstractTransferListenerAdapter - Downloaded https://repo.maven.apache.org/maven2/io/netty/netty-transport-native-unix-common/4.1.96.Final/netty-transport-native-unix-common-4.1.96.Final-linux-x86_64.jar
2025-04-30 22:14:15,356 [BasicRepositoryConnector-repo.maven.apache.org-0-1] INFO  o.e.m.c.i.e.AbstractTransferListenerAdapter - Downloaded https://repo.maven.apache.org/maven2/io/netty/netty-codec-socks/4.1.96.Final/netty-codec-socks-4.1.96.Final.jar
2025-04-30 22:14:15,399 [BasicRepositoryConnector-repo.maven.apache.org-0-2] INFO  o.e.m.c.i.e.AbstractTransferListenerAdapter - Downloading https://repo.maven.apache.org/maven2/io/netty/netty-transport-native-epoll/4.1.96.Final/netty-transport-native-epoll-4.1.96.Final-linux-x86_64.jar
2025-04-30 22:14:15,432 [BasicRepositoryConnector-repo.maven.apache.org-0-1] INFO  o.e.m.c.i.e.AbstractTransferListenerAdapter - Downloading https://repo.maven.apache.org/maven2/io/netty/netty-transport-native-unix-common/4.1.96.Final/netty-transport-native-unix-common-4.1.96.Final.jar
2025-04-30 22:14:15,532 [BasicRepositoryConnector-repo.maven.apache.org-0-3] INFO  o.e.m.c.i.e.AbstractTransferListenerAdapter - Downloaded https://repo.maven.apache.org/maven2/io/netty/netty-handler-proxy/4.1.96.Final/netty-handler-proxy-4.1.96.Final.jar
2025-04-30 22:14:15,573 [BasicRepositoryConnector-repo.maven.apache.org-0-2] INFO  o.e.m.c.i.e.AbstractTransferListenerAdapter - Downloaded https://repo.maven.apache.org/maven2/io/netty/netty-transport-native-epoll/4.1.96.Final/netty-transport-native-epoll-4.1.96.Final-linux-x86_64.jar
2025-04-30 22:14:15,613 [BasicRepositoryConnector-repo.maven.apache.org-0-3] INFO  o.e.m.c.i.e.AbstractTransferListenerAdapter - Downloading https://repo.maven.apache.org/maven2/io/netty/netty-transport-classes-epoll/4.1.96.Final/netty-transport-classes-epoll-4.1.96.Final.jar
2025-04-30 22:14:15,655 [BasicRepositoryConnector-repo.maven.apache.org-0-2] INFO  o.e.m.c.i.e.AbstractTransferListenerAdapter - Downloading https://repo.maven.apache.org/maven2/io/netty/netty-transport-native-unix-common/4.1.96.Final/netty-transport-native-unix-common-4.1.96.Final-linux-aarch_64.jar
2025-04-30 22:14:15,695 [BasicRepositoryConnector-repo.maven.apache.org-0-3] INFO  o.e.m.c.i.e.AbstractTransferListenerAdapter - Downloaded https://repo.maven.apache.org/maven2/io/netty/netty-transport-classes-epoll/4.1.96.Final/netty-transport-classes-epoll-4.1.96.Final.jar
2025-04-30 22:14:15,737 [BasicRepositoryConnector-repo.maven.apache.org-0-2] INFO  o.e.m.c.i.e.AbstractTransferListenerAdapter - Downloaded https://repo.maven.apache.org/maven2/io/netty/netty-transport-native-unix-common/4.1.96.Final/netty-transport-native-unix-common-4.1.96.Final-linux-aarch_64.jar
2025-04-30 22:14:15,788 [BasicRepositoryConnector-repo.maven.apache.org-0-3] INFO  o.e.m.c.i.e.AbstractTransferListenerAdapter - Downloading https://repo.maven.apache.org/maven2/io/netty/netty-transport-native-epoll/4.1.96.Final/netty-transport-native-epoll-4.1.96.Final-linux-aarch_64.jar
2025-04-30 22:14:15,846 [BasicRepositoryConnector-repo.maven.apache.org-0-2] INFO  o.e.m.c.i.e.AbstractTransferListenerAdapter - Downloading https://repo.maven.apache.org/maven2/io/netty/netty-transport-native-unix-common/4.1.96.Final/netty-transport-native-unix-common-4.1.96.Final-osx-x86_64.jar
2025-04-30 22:14:15,903 [BasicRepositoryConnector-repo.maven.apache.org-0-2] INFO  o.e.m.c.i.e.AbstractTransferListenerAdapter - Downloaded https://repo.maven.apache.org/maven2/io/netty/netty-transport-native-unix-common/4.1.96.Final/netty-transport-native-unix-common-4.1.96.Final-osx-x86_64.jar
2025-04-30 22:14:15,948 [BasicRepositoryConnector-repo.maven.apache.org-0-3] INFO  o.e.m.c.i.e.AbstractTransferListenerAdapter - Downloaded https://repo.maven.apache.org/maven2/io/netty/netty-transport-native-epoll/4.1.96.Final/netty-transport-native-epoll-4.1.96.Final-linux-aarch_64.jar
2025-04-30 22:14:15,998 [BasicRepositoryConnector-repo.maven.apache.org-0-2] INFO  o.e.m.c.i.e.AbstractTransferListenerAdapter - Downloading https://repo.maven.apache.org/maven2/io/netty/netty-transport-native-kqueue/4.1.96.Final/netty-transport-native-kqueue-4.1.96.Final-osx-x86_64.jar
2025-04-30 22:14:16,048 [BasicRepositoryConnector-repo.maven.apache.org-0-3] INFO  o.e.m.c.i.e.AbstractTransferListenerAdapter - Downloading https://repo.maven.apache.org/maven2/io/netty/netty-transport-classes-kqueue/4.1.96.Final/netty-transport-classes-kqueue-4.1.96.Final.jar
2025-04-30 22:14:16,135 [BasicRepositoryConnector-repo.maven.apache.org-0-3] INFO  o.e.m.c.i.e.AbstractTransferListenerAdapter - Downloaded https://repo.maven.apache.org/maven2/io/netty/netty-transport-classes-kqueue/4.1.96.Final/netty-transport-classes-kqueue-4.1.96.Final.jar
2025-04-30 22:14:16,144 [BasicRepositoryConnector-repo.maven.apache.org-0-2] INFO  o.e.m.c.i.e.AbstractTransferListenerAdapter - Downloaded https://repo.maven.apache.org/maven2/io/netty/netty-transport-native-kqueue/4.1.96.Final/netty-transport-native-kqueue-4.1.96.Final-osx-x86_64.jar
2025-04-30 22:14:16,183 [BasicRepositoryConnector-repo.maven.apache.org-0-1] INFO  o.e.m.c.i.e.AbstractTransferListenerAdapter - Downloaded https://repo.maven.apache.org/maven2/io/netty/netty-transport-native-unix-common/4.1.96.Final/netty-transport-native-unix-common-4.1.96.Final.jar
2025-04-30 22:14:16,223 [BasicRepositoryConnector-repo.maven.apache.org-0-3] INFO  o.e.m.c.i.e.AbstractTransferListenerAdapter - Downloading https://repo.maven.apache.org/maven2/io/netty/netty-resolver-dns-native-macos/4.1.96.Final/netty-resolver-dns-native-macos-4.1.96.Final-osx-x86_64.jar
2025-04-30 22:14:16,245 [BasicRepositoryConnector-repo.maven.apache.org-0-1] INFO  o.e.m.c.i.e.AbstractTransferListenerAdapter - Downloading https://repo.maven.apache.org/maven2/io/netty/netty-transport-native-unix-common/4.1.96.Final/netty-transport-native-unix-common-4.1.96.Final-osx-aarch_64.jar
2025-04-30 22:14:16,245 [BasicRepositoryConnector-repo.maven.apache.org-0-2] INFO  o.e.m.c.i.e.AbstractTransferListenerAdapter - Downloading https://repo.maven.apache.org/maven2/io/netty/netty-resolver-dns-classes-macos/4.1.96.Final/netty-resolver-dns-classes-macos-4.1.96.Final.jar
2025-04-30 22:14:16,352 [BasicRepositoryConnector-repo.maven.apache.org-0-1] INFO  o.e.m.c.i.e.AbstractTransferListenerAdapter - Downloaded https://repo.maven.apache.org/maven2/io/netty/netty-transport-native-unix-common/4.1.96.Final/netty-transport-native-unix-common-4.1.96.Final-osx-aarch_64.jar
2025-04-30 22:14:16,391 [BasicRepositoryConnector-repo.maven.apache.org-0-3] INFO  o.e.m.c.i.e.AbstractTransferListenerAdapter - Downloaded https://repo.maven.apache.org/maven2/io/netty/netty-resolver-dns-native-macos/4.1.96.Final/netty-resolver-dns-native-macos-4.1.96.Final-osx-x86_64.jar
2025-04-30 22:14:16,441 [BasicRepositoryConnector-repo.maven.apache.org-0-1] INFO  o.e.m.c.i.e.AbstractTransferListenerAdapter - Downloading https://repo.maven.apache.org/maven2/io/netty/netty-transport-native-kqueue/4.1.96.Final/netty-transport-native-kqueue-4.1.96.Final-osx-aarch_64.jar
2025-04-30 22:14:16,460 [BasicRepositoryConnector-repo.maven.apache.org-0-3] INFO  o.e.m.c.i.e.AbstractTransferListenerAdapter - Downloading https://repo.maven.apache.org/maven2/io/netty/netty-resolver-dns-native-macos/4.1.96.Final/netty-resolver-dns-native-macos-4.1.96.Final-osx-aarch_64.jar
2025-04-30 22:14:16,503 [BasicRepositoryConnector-repo.maven.apache.org-0-2] INFO  o.e.m.c.i.e.AbstractTransferListenerAdapter - Downloaded https://repo.maven.apache.org/maven2/io/netty/netty-resolver-dns-classes-macos/4.1.96.Final/netty-resolver-dns-classes-macos-4.1.96.Final.jar
2025-04-30 22:14:16,606 [BasicRepositoryConnector-repo.maven.apache.org-0-2] INFO  o.e.m.c.i.e.AbstractTransferListenerAdapter - Downloading https://repo.maven.apache.org/maven2/io/netty/netty-tcnative-boringssl-static/2.0.61.Final/netty-tcnative-boringssl-static-2.0.61.Final-linux-x86_64.jar
2025-04-30 22:14:16,665 [BasicRepositoryConnector-repo.maven.apache.org-0-1] INFO  o.e.m.c.i.e.AbstractTransferListenerAdapter - Downloaded https://repo.maven.apache.org/maven2/io/netty/netty-transport-native-kqueue/4.1.96.Final/netty-transport-native-kqueue-4.1.96.Final-osx-aarch_64.jar
2025-04-30 22:14:16,678 [BasicRepositoryConnector-repo.maven.apache.org-0-3] INFO  o.e.m.c.i.e.AbstractTransferListenerAdapter - Downloaded https://repo.maven.apache.org/maven2/io/netty/netty-resolver-dns-native-macos/4.1.96.Final/netty-resolver-dns-native-macos-4.1.96.Final-osx-aarch_64.jar
2025-04-30 22:14:16,768 [BasicRepositoryConnector-repo.maven.apache.org-0-1] INFO  o.e.m.c.i.e.AbstractTransferListenerAdapter - Downloading https://repo.maven.apache.org/maven2/io/netty/netty-tcnative-classes/2.0.61.Final/netty-tcnative-classes-2.0.61.Final.jar
2025-04-30 22:14:16,792 [BasicRepositoryConnector-repo.maven.apache.org-0-3] INFO  o.e.m.c.i.e.AbstractTransferListenerAdapter - Downloading https://repo.maven.apache.org/maven2/io/netty/netty-tcnative-boringssl-static/2.0.61.Final/netty-tcnative-boringssl-static-2.0.61.Final-linux-aarch_64.jar
2025-04-30 22:14:17,048 [BasicRepositoryConnector-repo.maven.apache.org-0-3] INFO  o.e.m.c.i.e.AbstractTransferListenerAdapter - Downloaded https://repo.maven.apache.org/maven2/io/netty/netty-tcnative-boringssl-static/2.0.61.Final/netty-tcnative-boringssl-static-2.0.61.Final-linux-aarch_64.jar
2025-04-30 22:14:17,132 [BasicRepositoryConnector-repo.maven.apache.org-0-3] INFO  o.e.m.c.i.e.AbstractTransferListenerAdapter - Downloading https://repo.maven.apache.org/maven2/io/netty/netty-tcnative-boringssl-static/2.0.61.Final/netty-tcnative-boringssl-static-2.0.61.Final-osx-x86_64.jar
2025-04-30 22:14:17,338 [BasicRepositoryConnector-repo.maven.apache.org-0-2] INFO  o.e.m.c.i.e.AbstractTransferListenerAdapter - Downloaded https://repo.maven.apache.org/maven2/io/netty/netty-tcnative-boringssl-static/2.0.61.Final/netty-tcnative-boringssl-static-2.0.61.Final-linux-x86_64.jar
2025-04-30 22:14:17,454 [BasicRepositoryConnector-repo.maven.apache.org-0-2] INFO  o.e.m.c.i.e.AbstractTransferListenerAdapter - Downloading https://repo.maven.apache.org/maven2/io/netty/netty-tcnative-boringssl-static/2.0.61.Final/netty-tcnative-boringssl-static-2.0.61.Final-osx-aarch_64.jar
2025-04-30 22:14:17,454 [BasicRepositoryConnector-repo.maven.apache.org-0-3] INFO  o.e.m.c.i.e.AbstractTransferListenerAdapter - Downloaded https://repo.maven.apache.org/maven2/io/netty/netty-tcnative-boringssl-static/2.0.61.Final/netty-tcnative-boringssl-static-2.0.61.Final-osx-x86_64.jar
2025-04-30 22:14:17,533 [BasicRepositoryConnector-repo.maven.apache.org-0-3] INFO  o.e.m.c.i.e.AbstractTransferListenerAdapter - Downloading https://repo.maven.apache.org/maven2/io/netty/netty-tcnative-boringssl-static/2.0.61.Final/netty-tcnative-boringssl-static-2.0.61.Final-windows-x86_64.jar
2025-04-30 22:14:17,790 [BasicRepositoryConnector-repo.maven.apache.org-0-1] INFO  o.e.m.c.i.e.AbstractTransferListenerAdapter - Downloaded https://repo.maven.apache.org/maven2/io/netty/netty-tcnative-classes/2.0.61.Final/netty-tcnative-classes-2.0.61.Final.jar
2025-04-30 22:14:17,834 [BasicRepositoryConnector-repo.maven.apache.org-0-3] INFO  o.e.m.c.i.e.AbstractTransferListenerAdapter - Downloaded https://repo.maven.apache.org/maven2/io/netty/netty-tcnative-boringssl-static/2.0.61.Final/netty-tcnative-boringssl-static-2.0.61.Final-windows-x86_64.jar
2025-04-30 22:14:17,897 [BasicRepositoryConnector-repo.maven.apache.org-0-1] INFO  o.e.m.c.i.e.AbstractTransferListenerAdapter - Downloading https://repo.maven.apache.org/maven2/com/aayushatharva/brotli4j/brotli4j/1.12.0/brotli4j-1.12.0.jar
2025-04-30 22:14:17,938 [BasicRepositoryConnector-repo.maven.apache.org-0-3] INFO  o.e.m.c.i.e.AbstractTransferListenerAdapter - Downloading https://repo.maven.apache.org/maven2/com/aayushatharva/brotli4j/service/1.12.0/service-1.12.0.jar
2025-04-30 22:14:18,029 [BasicRepositoryConnector-repo.maven.apache.org-0-3] INFO  o.e.m.c.i.e.AbstractTransferListenerAdapter - Downloaded https://repo.maven.apache.org/maven2/com/aayushatharva/brotli4j/service/1.12.0/service-1.12.0.jar
2025-04-30 22:14:18,083 [BasicRepositoryConnector-repo.maven.apache.org-0-2] INFO  o.e.m.c.i.e.AbstractTransferListenerAdapter - Downloaded https://repo.maven.apache.org/maven2/io/netty/netty-tcnative-boringssl-static/2.0.61.Final/netty-tcnative-boringssl-static-2.0.61.Final-osx-aarch_64.jar
2025-04-30 22:14:18,117 [BasicRepositoryConnector-repo.maven.apache.org-0-3] INFO  o.e.m.c.i.e.AbstractTransferListenerAdapter - Downloading https://repo.maven.apache.org/maven2/com/aayushatharva/brotli4j/native-windows-x86_64/1.12.0/native-windows-x86_64-1.12.0.jar
2025-04-30 22:14:18,154 [BasicRepositoryConnector-repo.maven.apache.org-0-2] INFO  o.e.m.c.i.e.AbstractTransferListenerAdapter - Downloading https://repo.maven.apache.org/maven2/commons-codec/commons-codec/1.16.0/commons-codec-1.16.0.jar
2025-04-30 22:14:18,348 [BasicRepositoryConnector-repo.maven.apache.org-0-2] INFO  o.e.m.c.i.e.AbstractTransferListenerAdapter - Downloaded https://repo.maven.apache.org/maven2/commons-codec/commons-codec/1.16.0/commons-codec-1.16.0.jar
2025-04-30 22:14:18,429 [BasicRepositoryConnector-repo.maven.apache.org-0-2] INFO  o.e.m.c.i.e.AbstractTransferListenerAdapter - Downloading https://repo.maven.apache.org/maven2/ch/qos/logback/logback-classic/1.4.11/logback-classic-1.4.11.jar
2025-04-30 22:14:18,622 [BasicRepositoryConnector-repo.maven.apache.org-0-2] INFO  o.e.m.c.i.e.AbstractTransferListenerAdapter - Downloaded https://repo.maven.apache.org/maven2/ch/qos/logback/logback-classic/1.4.11/logback-classic-1.4.11.jar
2025-04-30 22:14:18,725 [BasicRepositoryConnector-repo.maven.apache.org-0-2] INFO  o.e.m.c.i.e.AbstractTransferListenerAdapter - Downloading https://repo.maven.apache.org/maven2/ch/qos/logback/logback-core/1.4.11/logback-core-1.4.11.jar
2025-04-30 22:14:18,970 [BasicRepositoryConnector-repo.maven.apache.org-0-1] INFO  o.e.m.c.i.e.AbstractTransferListenerAdapter - Downloaded https://repo.maven.apache.org/maven2/com/aayushatharva/brotli4j/brotli4j/1.12.0/brotli4j-1.12.0.jar
2025-04-30 22:14:19,016 [BasicRepositoryConnector-repo.maven.apache.org-0-2] INFO  o.e.m.c.i.e.AbstractTransferListenerAdapter - Downloaded https://repo.maven.apache.org/maven2/ch/qos/logback/logback-core/1.4.11/logback-core-1.4.11.jar
2025-04-30 22:14:19,074 [BasicRepositoryConnector-repo.maven.apache.org-0-1] INFO  o.e.m.c.i.e.AbstractTransferListenerAdapter - Downloading https://repo.maven.apache.org/maven2/org/slf4j/jcl-over-slf4j/2.0.9/jcl-over-slf4j-2.0.9.jar
2025-04-30 22:14:19,075 [BasicRepositoryConnector-repo.maven.apache.org-0-2] INFO  o.e.m.c.i.e.AbstractTransferListenerAdapter - Downloading https://repo.maven.apache.org/maven2/io/github/classgraph/classgraph/4.8.160/classgraph-4.8.160.jar
2025-04-30 22:14:19,254 [BasicRepositoryConnector-repo.maven.apache.org-0-2] INFO  o.e.m.c.i.e.AbstractTransferListenerAdapter - Downloaded https://repo.maven.apache.org/maven2/io/github/classgraph/classgraph/4.8.160/classgraph-4.8.160.jar
2025-04-30 22:14:19,393 [BasicRepositoryConnector-repo.maven.apache.org-0-0] INFO  o.e.m.c.i.e.AbstractTransferListenerAdapter - Downloaded https://repo.maven.apache.org/maven2/com/linecorp/armeria/armeria/1.25.2/armeria-1.25.2.jar
2025-04-30 22:14:19,605 [BasicRepositoryConnector-repo.maven.apache.org-0-1] INFO  o.e.m.c.i.e.AbstractTransferListenerAdapter - Downloaded https://repo.maven.apache.org/maven2/org/slf4j/jcl-over-slf4j/2.0.9/jcl-over-slf4j-2.0.9.jar
2025-04-30 22:14:20,019 [BasicRepositoryConnector-repo.maven.apache.org-0-3] INFO  o.e.m.c.i.e.AbstractTransferListenerAdapter - Downloaded https://repo.maven.apache.org/maven2/com/aayushatharva/brotli4j/native-windows-x86_64/1.12.0/native-windows-x86_64-1.12.0.jar
2025-04-30 22:14:36,523 [BasicRepositoryConnector-repo.maven.apache.org-0-4] INFO  o.e.m.c.i.e.AbstractTransferListenerAdapter - Downloaded https://repo.maven.apache.org/maven2/org/graalvm/truffle/truffle-api/22.3.3/truffle-api-22.3.3.jar
2025-04-30 22:14:37,725 [Worker-54: Building] WARN  o.a.m.s.f.DefaultMavenResourcesFiltering - Using platform encoding (UTF-8 actually) to copy filtered resources, i.e. build is platform dependent!
2025-04-30 22:14:37,744 [Worker-54: Building] INFO  o.a.m.s.f.DefaultMavenResourcesFiltering - Copying 0 resource from src\main\resources to target\classes
2025-04-30 22:14:37,760 [Worker-54: Building] WARN  o.a.m.s.f.DefaultMavenResourcesFiltering - Using platform encoding (UTF-8 actually) to copy filtered resources, i.e. build is platform dependent!
2025-04-30 22:14:37,774 [Worker-54: Building] INFO  o.a.m.s.f.DefaultMavenResourcesFiltering - Copying 0 resource from src\test\resources to target\test-classes
2025-04-30 22:14:38,537 [Worker-51: Download sources and javadoc] INFO  o.e.m.c.i.e.AbstractTransferListenerAdapter - Downloading https://repo.maven.apache.org/maven2/com/intuit/karate/karate-core/1.4.1/karate-core-1.4.1-sources.jar
2025-04-30 22:14:39,371 [Worker-51: Download sources and javadoc] INFO  o.e.m.c.i.e.AbstractTransferListenerAdapter - Downloaded https://repo.maven.apache.org/maven2/com/intuit/karate/karate-core/1.4.1/karate-core-1.4.1-sources.jar
2025-04-30 22:14:39,386 [Worker-51: Download sources and javadoc] INFO  o.e.m.j.internal.DownloadSourcesJob - Downloaded sources for com.intuit.karate:karate-core:1.4.1
2025-04-30 22:14:39,592 [Worker-51: Download sources and javadoc] INFO  o.e.m.c.i.e.AbstractTransferListenerAdapter - Downloading https://repo.maven.apache.org/maven2/org/graalvm/js/js-scriptengine/22.3.3/js-scriptengine-22.3.3-sources.jar
2025-04-30 22:14:39,641 [Worker-51: Download sources and javadoc] INFO  o.e.m.c.i.e.AbstractTransferListenerAdapter - Downloaded https://repo.maven.apache.org/maven2/org/graalvm/js/js-scriptengine/22.3.3/js-scriptengine-22.3.3-sources.jar
2025-04-30 22:14:39,685 [Worker-51: Download sources and javadoc] INFO  o.e.m.j.internal.DownloadSourcesJob - Downloaded sources for org.graalvm.js:js-scriptengine:22.3.3
2025-04-30 22:14:39,964 [Worker-51: Download sources and javadoc] INFO  o.e.m.c.i.e.AbstractTransferListenerAdapter - Downloading https://repo.maven.apache.org/maven2/org/graalvm/sdk/graal-sdk/22.3.3/graal-sdk-22.3.3-sources.jar
2025-04-30 22:14:40,351 [Worker-51: Download sources and javadoc] INFO  o.e.m.c.i.e.AbstractTransferListenerAdapter - Downloaded https://repo.maven.apache.org/maven2/org/graalvm/sdk/graal-sdk/22.3.3/graal-sdk-22.3.3-sources.jar
2025-04-30 22:14:40,370 [Worker-51: Download sources and javadoc] INFO  o.e.m.j.internal.DownloadSourcesJob - Downloaded sources for org.graalvm.sdk:graal-sdk:22.3.3
2025-04-30 22:14:40,621 [Worker-55: Building] INFO  o.e.m.c.i.l.LifecycleMappingFactory - Using org.eclipse.m2e.jdt.JarLifecycleMapping lifecycle mapping for MavenProject: com.demo:test-api:0.0.1-SNAPSHOT @ D:\pradeep\Automation\KarateAPI\test-api\pom.xml.
2025-04-30 22:14:40,671 [Worker-51: Download sources and javadoc] INFO  o.e.m.c.i.e.AbstractTransferListenerAdapter - Downloading https://repo.maven.apache.org/maven2/org/graalvm/js/js/22.3.3/js-22.3.3-sources.jar
2025-04-30 22:14:42,219 [Worker-51: Download sources and javadoc] INFO  o.e.m.c.i.e.AbstractTransferListenerAdapter - Downloaded https://repo.maven.apache.org/maven2/org/graalvm/js/js/22.3.3/js-22.3.3-sources.jar
2025-04-30 22:14:42,245 [Worker-51: Download sources and javadoc] INFO  o.e.m.j.internal.DownloadSourcesJob - Downloaded sources for org.graalvm.js:js:22.3.3
2025-04-30 22:14:42,525 [Worker-51: Download sources and javadoc] INFO  o.e.m.c.i.e.AbstractTransferListenerAdapter - Downloading https://repo.maven.apache.org/maven2/org/graalvm/regex/regex/22.3.3/regex-22.3.3-sources.jar
2025-04-30 22:14:43,044 [Worker-51: Download sources and javadoc] INFO  o.e.m.c.i.e.AbstractTransferListenerAdapter - Downloaded https://repo.maven.apache.org/maven2/org/graalvm/regex/regex/22.3.3/regex-22.3.3-sources.jar
2025-04-30 22:14:43,057 [Worker-51: Download sources and javadoc] INFO  o.e.m.j.internal.DownloadSourcesJob - Downloaded sources for org.graalvm.regex:regex:22.3.3
2025-04-30 22:14:43,306 [Worker-51: Download sources and javadoc] INFO  o.e.m.c.i.e.AbstractTransferListenerAdapter - Downloading https://repo.maven.apache.org/maven2/org/graalvm/truffle/truffle-api/22.3.3/truffle-api-22.3.3-sources.jar
2025-04-30 22:14:44,835 [Worker-51: Download sources and javadoc] INFO  o.e.m.c.i.e.AbstractTransferListenerAdapter - Downloaded https://repo.maven.apache.org/maven2/org/graalvm/truffle/truffle-api/22.3.3/truffle-api-22.3.3-sources.jar
2025-04-30 22:14:44,843 [Worker-51: Download sources and javadoc] INFO  o.e.m.j.internal.DownloadSourcesJob - Downloaded sources for org.graalvm.truffle:truffle-api:22.3.3
2025-04-30 22:14:45,057 [Worker-51: Download sources and javadoc] INFO  o.e.m.c.i.e.AbstractTransferListenerAdapter - Downloading https://repo.maven.apache.org/maven2/org/thymeleaf/thymeleaf/3.1.2.RELEASE/thymeleaf-3.1.2.RELEASE-sources.jar
2025-04-30 22:14:45,537 [Worker-51: Download sources and javadoc] INFO  o.e.m.c.i.e.AbstractTransferListenerAdapter - Downloaded https://repo.maven.apache.org/maven2/org/thymeleaf/thymeleaf/3.1.2.RELEASE/thymeleaf-3.1.2.RELEASE-sources.jar
2025-04-30 22:14:45,547 [Worker-51: Download sources and javadoc] INFO  o.e.m.j.internal.DownloadSourcesJob - Downloaded sources for org.thymeleaf:thymeleaf:3.1.2.RELEASE
2025-04-30 22:14:45,772 [Worker-51: Download sources and javadoc] INFO  o.e.m.c.i.e.AbstractTransferListenerAdapter - Downloading https://repo.maven.apache.org/maven2/ognl/ognl/3.3.4/ognl-3.3.4-sources.jar
2025-04-30 22:14:46,107 [Worker-51: Download sources and javadoc] INFO  o.e.m.c.i.e.AbstractTransferListenerAdapter - Downloaded https://repo.maven.apache.org/maven2/ognl/ognl/3.3.4/ognl-3.3.4-sources.jar
2025-04-30 22:14:46,116 [Worker-51: Download sources and javadoc] INFO  o.e.m.j.internal.DownloadSourcesJob - Downloaded sources for ognl:ognl:3.3.4
2025-04-30 22:14:46,338 [Worker-51: Download sources and javadoc] INFO  o.e.m.c.i.e.AbstractTransferListenerAdapter - Downloading https://repo.maven.apache.org/maven2/org/javassist/javassist/3.29.0-GA/javassist-3.29.0-GA-sources.jar
2025-04-30 22:14:46,979 [Worker-51: Download sources and javadoc] INFO  o.e.m.c.i.e.AbstractTransferListenerAdapter - Downloaded https://repo.maven.apache.org/maven2/org/javassist/javassist/3.29.0-GA/javassist-3.29.0-GA-sources.jar
2025-04-30 22:14:46,988 [Worker-51: Download sources and javadoc] INFO  o.e.m.j.internal.DownloadSourcesJob - Downloaded sources for org.javassist:javassist:3.29.0-GA
2025-04-30 22:14:47,210 [Worker-51: Download sources and javadoc] INFO  o.e.m.c.i.e.AbstractTransferListenerAdapter - Downloading https://repo.maven.apache.org/maven2/org/attoparser/attoparser/2.0.7.RELEASE/attoparser-2.0.7.RELEASE-sources.jar
2025-04-30 22:14:47,427 [Worker-51: Download sources and javadoc] INFO  o.e.m.c.i.e.AbstractTransferListenerAdapter - Downloaded https://repo.maven.apache.org/maven2/org/attoparser/attoparser/2.0.7.RELEASE/attoparser-2.0.7.RELEASE-sources.jar
2025-04-30 22:14:47,433 [Worker-51: Download sources and javadoc] INFO  o.e.m.j.internal.DownloadSourcesJob - Downloaded sources for org.attoparser:attoparser:2.0.7.RELEASE
2025-04-30 22:14:47,655 [Worker-51: Download sources and javadoc] INFO  o.e.m.c.i.e.AbstractTransferListenerAdapter - Downloading https://repo.maven.apache.org/maven2/org/slf4j/slf4j-api/2.0.7/slf4j-api-2.0.7-sources.jar
2025-04-30 22:14:47,777 [Worker-51: Download sources and javadoc] INFO  o.e.m.c.i.e.AbstractTransferListenerAdapter - Downloaded https://repo.maven.apache.org/maven2/org/slf4j/slf4j-api/2.0.7/slf4j-api-2.0.7-sources.jar
2025-04-30 22:14:47,793 [Worker-51: Download sources and javadoc] INFO  o.e.m.j.internal.DownloadSourcesJob - Downloaded sources for org.slf4j:slf4j-api:2.0.7
2025-04-30 22:14:48,010 [Worker-51: Download sources and javadoc] INFO  o.e.m.c.i.e.AbstractTransferListenerAdapter - Downloading https://repo.maven.apache.org/maven2/com/linecorp/armeria/armeria/1.25.2/armeria-1.25.2-sources.jar
2025-04-30 22:14:48,842 [Worker-51: Download sources and javadoc] INFO  o.e.m.c.i.e.AbstractTransferListenerAdapter - Downloaded https://repo.maven.apache.org/maven2/com/linecorp/armeria/armeria/1.25.2/armeria-1.25.2-sources.jar
2025-04-30 22:14:48,852 [Worker-51: Download sources and javadoc] INFO  o.e.m.j.internal.DownloadSourcesJob - Downloaded sources for com.linecorp.armeria:armeria:1.25.2
2025-04-30 22:14:49,079 [Worker-51: Download sources and javadoc] INFO  o.e.m.c.i.e.AbstractTransferListenerAdapter - Downloading https://repo.maven.apache.org/maven2/com/fasterxml/jackson/core/jackson-core/2.15.2/jackson-core-2.15.2-sources.jar
2025-04-30 22:14:49,643 [Worker-51: Download sources and javadoc] INFO  o.e.m.c.i.e.AbstractTransferListenerAdapter - Downloaded https://repo.maven.apache.org/maven2/com/fasterxml/jackson/core/jackson-core/2.15.2/jackson-core-2.15.2-sources.jar
2025-04-30 22:14:49,651 [Worker-51: Download sources and javadoc] INFO  o.e.m.j.internal.DownloadSourcesJob - Downloaded sources for com.fasterxml.jackson.core:jackson-core:2.15.2
2025-04-30 22:14:49,848 [Worker-51: Download sources and javadoc] INFO  o.e.m.c.i.e.AbstractTransferListenerAdapter - Downloading https://repo.maven.apache.org/maven2/com/fasterxml/jackson/core/jackson-annotations/2.15.2/jackson-annotations-2.15.2-sources.jar
2025-04-30 22:14:50,000 [Worker-51: Download sources and javadoc] INFO  o.e.m.c.i.e.AbstractTransferListenerAdapter - Downloaded https://repo.maven.apache.org/maven2/com/fasterxml/jackson/core/jackson-annotations/2.15.2/jackson-annotations-2.15.2-sources.jar
2025-04-30 22:14:50,012 [Worker-51: Download sources and javadoc] INFO  o.e.m.j.internal.DownloadSourcesJob - Downloaded sources for com.fasterxml.jackson.core:jackson-annotations:2.15.2
2025-04-30 22:14:50,225 [Worker-51: Download sources and javadoc] INFO  o.e.m.c.i.e.AbstractTransferListenerAdapter - Downloading https://repo.maven.apache.org/maven2/com/fasterxml/jackson/core/jackson-databind/2.15.2/jackson-databind-2.15.2-sources.jar
2025-04-30 22:14:51,236 [Worker-51: Download sources and javadoc] INFO  o.e.m.c.i.e.AbstractTransferListenerAdapter - Downloaded https://repo.maven.apache.org/maven2/com/fasterxml/jackson/core/jackson-databind/2.15.2/jackson-databind-2.15.2-sources.jar
2025-04-30 22:14:51,243 [Worker-51: Download sources and javadoc] INFO  o.e.m.j.internal.DownloadSourcesJob - Downloaded sources for com.fasterxml.jackson.core:jackson-databind:2.15.2
2025-04-30 22:14:51,460 [Worker-51: Download sources and javadoc] INFO  o.e.m.c.i.e.AbstractTransferListenerAdapter - Downloading https://repo.maven.apache.org/maven2/com/fasterxml/jackson/datatype/jackson-datatype-jdk8/2.15.2/jackson-datatype-jdk8-2.15.2-sources.jar
2025-04-30 22:14:52,146 [Worker-51: Download sources and javadoc] INFO  o.e.m.c.i.e.AbstractTransferListenerAdapter - Downloaded https://repo.maven.apache.org/maven2/com/fasterxml/jackson/datatype/jackson-datatype-jdk8/2.15.2/jackson-datatype-jdk8-2.15.2-sources.jar
2025-04-30 22:14:52,152 [Worker-51: Download sources and javadoc] INFO  o.e.m.j.internal.DownloadSourcesJob - Downloaded sources for com.fasterxml.jackson.datatype:jackson-datatype-jdk8:2.15.2
2025-04-30 22:14:52,407 [Worker-51: Download sources and javadoc] INFO  o.e.m.c.i.e.AbstractTransferListenerAdapter - Downloading https://repo.maven.apache.org/maven2/com/fasterxml/jackson/datatype/jackson-datatype-jsr310/2.15.2/jackson-datatype-jsr310-2.15.2-sources.jar
2025-04-30 22:14:52,536 [Worker-51: Download sources and javadoc] INFO  o.e.m.c.i.e.AbstractTransferListenerAdapter - Downloaded https://repo.maven.apache.org/maven2/com/fasterxml/jackson/datatype/jackson-datatype-jsr310/2.15.2/jackson-datatype-jsr310-2.15.2-sources.jar
2025-04-30 22:14:52,546 [Worker-51: Download sources and javadoc] INFO  o.e.m.j.internal.DownloadSourcesJob - Downloaded sources for com.fasterxml.jackson.datatype:jackson-datatype-jsr310:2.15.2
2025-04-30 22:14:52,748 [Worker-51: Download sources and javadoc] INFO  o.e.m.c.i.e.AbstractTransferListenerAdapter - Downloading https://repo.maven.apache.org/maven2/io/micrometer/micrometer-core/1.11.3/micrometer-core-1.11.3-sources.jar
2025-04-30 22:14:53,284 [Worker-51: Download sources and javadoc] INFO  o.e.m.c.i.e.AbstractTransferListenerAdapter - Downloaded https://repo.maven.apache.org/maven2/io/micrometer/micrometer-core/1.11.3/micrometer-core-1.11.3-sources.jar
2025-04-30 22:14:53,298 [Worker-51: Download sources and javadoc] INFO  o.e.m.j.internal.DownloadSourcesJob - Downloaded sources for io.micrometer:micrometer-core:1.11.3
2025-04-30 22:14:53,513 [Worker-51: Download sources and javadoc] INFO  o.e.m.c.i.e.AbstractTransferListenerAdapter - Downloading https://repo.maven.apache.org/maven2/io/micrometer/micrometer-commons/1.11.3/micrometer-commons-1.11.3-sources.jar
2025-04-30 22:14:54,476 [Worker-51: Download sources and javadoc] INFO  o.e.m.c.i.e.AbstractTransferListenerAdapter - Downloaded https://repo.maven.apache.org/maven2/io/micrometer/micrometer-commons/1.11.3/micrometer-commons-1.11.3-sources.jar
2025-04-30 22:14:54,484 [Worker-51: Download sources and javadoc] INFO  o.e.m.j.internal.DownloadSourcesJob - Downloaded sources for io.micrometer:micrometer-commons:1.11.3
2025-04-30 22:14:54,713 [Worker-51: Download sources and javadoc] INFO  o.e.m.c.i.e.AbstractTransferListenerAdapter - Downloading https://repo.maven.apache.org/maven2/io/micrometer/micrometer-observation/1.11.3/micrometer-observation-1.11.3-sources.jar
2025-04-30 22:14:54,823 [Worker-51: Download sources and javadoc] INFO  o.e.m.c.i.e.AbstractTransferListenerAdapter - Downloaded https://repo.maven.apache.org/maven2/io/micrometer/micrometer-observation/1.11.3/micrometer-observation-1.11.3-sources.jar
2025-04-30 22:14:54,833 [Worker-51: Download sources and javadoc] INFO  o.e.m.j.internal.DownloadSourcesJob - Downloaded sources for io.micrometer:micrometer-observation:1.11.3
2025-04-30 22:14:55,029 [Worker-51: Download sources and javadoc] INFO  o.e.m.c.i.e.AbstractTransferListenerAdapter - Downloading https://repo.maven.apache.org/maven2/io/netty/netty-transport/4.1.96.Final/netty-transport-4.1.96.Final-sources.jar
2025-04-30 22:14:55,412 [Worker-51: Download sources and javadoc] INFO  o.e.m.c.i.e.AbstractTransferListenerAdapter - Downloaded https://repo.maven.apache.org/maven2/io/netty/netty-transport/4.1.96.Final/netty-transport-4.1.96.Final-sources.jar
2025-04-30 22:14:55,425 [Worker-51: Download sources and javadoc] INFO  o.e.m.j.internal.DownloadSourcesJob - Downloaded sources for io.netty:netty-transport:4.1.96.Final
2025-04-30 22:14:55,632 [Worker-51: Download sources and javadoc] INFO  o.e.m.c.i.e.AbstractTransferListenerAdapter - Downloading https://repo.maven.apache.org/maven2/io/netty/netty-common/4.1.96.Final/netty-common-4.1.96.Final-sources.jar
2025-04-30 22:14:56,130 [Worker-51: Download sources and javadoc] INFO  o.e.m.c.i.e.AbstractTransferListenerAdapter - Downloaded https://repo.maven.apache.org/maven2/io/netty/netty-common/4.1.96.Final/netty-common-4.1.96.Final-sources.jar
2025-04-30 22:14:56,137 [Worker-51: Download sources and javadoc] INFO  o.e.m.j.internal.DownloadSourcesJob - Downloaded sources for io.netty:netty-common:4.1.96.Final
2025-04-30 22:14:56,328 [Worker-51: Download sources and javadoc] INFO  o.e.m.c.i.e.AbstractTransferListenerAdapter - Downloading https://repo.maven.apache.org/maven2/io/netty/netty-buffer/4.1.96.Final/netty-buffer-4.1.96.Final-sources.jar
2025-04-30 22:14:56,542 [Worker-51: Download sources and javadoc] INFO  o.e.m.c.i.e.AbstractTransferListenerAdapter - Downloaded https://repo.maven.apache.org/maven2/io/netty/netty-buffer/4.1.96.Final/netty-buffer-4.1.96.Final-sources.jar
2025-04-30 22:14:56,542 [Worker-51: Download sources and javadoc] INFO  o.e.m.j.internal.DownloadSourcesJob - Downloaded sources for io.netty:netty-buffer:4.1.96.Final
2025-04-30 22:14:56,769 [Worker-51: Download sources and javadoc] INFO  o.e.m.c.i.e.AbstractTransferListenerAdapter - Downloading https://repo.maven.apache.org/maven2/io/netty/netty-resolver/4.1.96.Final/netty-resolver-4.1.96.Final-sources.jar
2025-04-30 22:14:57,355 [Worker-51: Download sources and javadoc] INFO  o.e.m.c.i.e.AbstractTransferListenerAdapter - Downloaded https://repo.maven.apache.org/maven2/io/netty/netty-resolver/4.1.96.Final/netty-resolver-4.1.96.Final-sources.jar
2025-04-30 22:14:57,369 [Worker-51: Download sources and javadoc] INFO  o.e.m.j.internal.DownloadSourcesJob - Downloaded sources for io.netty:netty-resolver:4.1.96.Final
2025-04-30 22:14:57,567 [Worker-51: Download sources and javadoc] INFO  o.e.m.c.i.e.AbstractTransferListenerAdapter - Downloading https://repo.maven.apache.org/maven2/io/netty/netty-codec-haproxy/4.1.96.Final/netty-codec-haproxy-4.1.96.Final-sources.jar
2025-04-30 22:14:57,996 [Worker-51: Download sources and javadoc] INFO  o.e.m.c.i.e.AbstractTransferListenerAdapter - Downloaded https://repo.maven.apache.org/maven2/io/netty/netty-codec-haproxy/4.1.96.Final/netty-codec-haproxy-4.1.96.Final-sources.jar
2025-04-30 22:14:58,002 [Worker-51: Download sources and javadoc] INFO  o.e.m.j.internal.DownloadSourcesJob - Downloaded sources for io.netty:netty-codec-haproxy:4.1.96.Final
2025-04-30 22:14:58,230 [Worker-51: Download sources and javadoc] INFO  o.e.m.c.i.e.AbstractTransferListenerAdapter - Downloading https://repo.maven.apache.org/maven2/io/netty/netty-codec/4.1.96.Final/netty-codec-4.1.96.Final-sources.jar
2025-04-30 22:14:58,486 [Worker-51: Download sources and javadoc] INFO  o.e.m.c.i.e.AbstractTransferListenerAdapter - Downloaded https://repo.maven.apache.org/maven2/io/netty/netty-codec/4.1.96.Final/netty-codec-4.1.96.Final-sources.jar
2025-04-30 22:14:58,496 [Worker-51: Download sources and javadoc] INFO  o.e.m.j.internal.DownloadSourcesJob - Downloaded sources for io.netty:netty-codec:4.1.96.Final
2025-04-30 22:14:58,739 [Worker-51: Download sources and javadoc] INFO  o.e.m.c.i.e.AbstractTransferListenerAdapter - Downloading https://repo.maven.apache.org/maven2/io/netty/netty-codec-http2/4.1.96.Final/netty-codec-http2-4.1.96.Final-sources.jar
2025-04-30 22:14:59,017 [Worker-51: Download sources and javadoc] INFO  o.e.m.c.i.e.AbstractTransferListenerAdapter - Downloaded https://repo.maven.apache.org/maven2/io/netty/netty-codec-http2/4.1.96.Final/netty-codec-http2-4.1.96.Final-sources.jar
2025-04-30 22:14:59,017 [Worker-51: Download sources and javadoc] INFO  o.e.m.j.internal.DownloadSourcesJob - Downloaded sources for io.netty:netty-codec-http2:4.1.96.Final
2025-04-30 22:14:59,264 [Worker-51: Download sources and javadoc] INFO  o.e.m.c.i.e.AbstractTransferListenerAdapter - Downloading https://repo.maven.apache.org/maven2/io/netty/netty-handler/4.1.96.Final/netty-handler-4.1.96.Final-sources.jar
2025-04-30 22:14:59,609 [Worker-51: Download sources and javadoc] INFO  o.e.m.c.i.e.AbstractTransferListenerAdapter - Downloaded https://repo.maven.apache.org/maven2/io/netty/netty-handler/4.1.96.Final/netty-handler-4.1.96.Final-sources.jar
2025-04-30 22:14:59,614 [Worker-51: Download sources and javadoc] INFO  o.e.m.j.internal.DownloadSourcesJob - Downloaded sources for io.netty:netty-handler:4.1.96.Final
2025-04-30 22:14:59,836 [Worker-51: Download sources and javadoc] INFO  o.e.m.c.i.e.AbstractTransferListenerAdapter - Downloading https://repo.maven.apache.org/maven2/io/netty/netty-codec-http/4.1.96.Final/netty-codec-http-4.1.96.Final-sources.jar
2025-04-30 22:15:00,312 [Worker-51: Download sources and javadoc] INFO  o.e.m.c.i.e.AbstractTransferListenerAdapter - Downloaded https://repo.maven.apache.org/maven2/io/netty/netty-codec-http/4.1.96.Final/netty-codec-http-4.1.96.Final-sources.jar
2025-04-30 22:15:00,321 [Worker-51: Download sources and javadoc] INFO  o.e.m.j.internal.DownloadSourcesJob - Downloaded sources for io.netty:netty-codec-http:4.1.96.Final
2025-04-30 22:15:00,569 [Worker-51: Download sources and javadoc] INFO  o.e.m.c.i.e.AbstractTransferListenerAdapter - Downloading https://repo.maven.apache.org/maven2/io/netty/netty-resolver-dns/4.1.96.Final/netty-resolver-dns-4.1.96.Final-sources.jar
2025-04-30 22:15:00,726 [Worker-51: Download sources and javadoc] INFO  o.e.m.c.i.e.AbstractTransferListenerAdapter - Downloaded https://repo.maven.apache.org/maven2/io/netty/netty-resolver-dns/4.1.96.Final/netty-resolver-dns-4.1.96.Final-sources.jar
2025-04-30 22:15:00,733 [Worker-51: Download sources and javadoc] INFO  o.e.m.j.internal.DownloadSourcesJob - Downloaded sources for io.netty:netty-resolver-dns:4.1.96.Final
2025-04-30 22:15:00,931 [Worker-51: Download sources and javadoc] INFO  o.e.m.c.i.e.AbstractTransferListenerAdapter - Downloading https://repo.maven.apache.org/maven2/io/netty/netty-codec-dns/4.1.96.Final/netty-codec-dns-4.1.96.Final-sources.jar
2025-04-30 22:15:01,052 [Worker-51: Download sources and javadoc] INFO  o.e.m.c.i.e.AbstractTransferListenerAdapter - Downloaded https://repo.maven.apache.org/maven2/io/netty/netty-codec-dns/4.1.96.Final/netty-codec-dns-4.1.96.Final-sources.jar
2025-04-30 22:15:01,058 [Worker-51: Download sources and javadoc] INFO  o.e.m.j.internal.DownloadSourcesJob - Downloaded sources for io.netty:netty-codec-dns:4.1.96.Final
2025-04-30 22:15:01,266 [Worker-51: Download sources and javadoc] INFO  o.e.m.c.i.e.AbstractTransferListenerAdapter - Downloading https://repo.maven.apache.org/maven2/io/netty/netty-handler-proxy/4.1.96.Final/netty-handler-proxy-4.1.96.Final-sources.jar
2025-04-30 22:15:01,619 [Worker-51: Download sources and javadoc] INFO  o.e.m.c.i.e.AbstractTransferListenerAdapter - Downloaded https://repo.maven.apache.org/maven2/io/netty/netty-handler-proxy/4.1.96.Final/netty-handler-proxy-4.1.96.Final-sources.jar
2025-04-30 22:15:01,639 [Worker-51: Download sources and javadoc] INFO  o.e.m.j.internal.DownloadSourcesJob - Downloaded sources for io.netty:netty-handler-proxy:4.1.96.Final
2025-04-30 22:15:01,882 [Worker-51: Download sources and javadoc] INFO  o.e.m.c.i.e.AbstractTransferListenerAdapter - Downloading https://repo.maven.apache.org/maven2/io/netty/netty-codec-socks/4.1.96.Final/netty-codec-socks-4.1.96.Final-sources.jar
2025-04-30 22:15:02,004 [Worker-51: Download sources and javadoc] INFO  o.e.m.c.i.e.AbstractTransferListenerAdapter - Downloaded https://repo.maven.apache.org/maven2/io/netty/netty-codec-socks/4.1.96.Final/netty-codec-socks-4.1.96.Final-sources.jar
2025-04-30 22:15:02,013 [Worker-51: Download sources and javadoc] INFO  o.e.m.j.internal.DownloadSourcesJob - Downloaded sources for io.netty:netty-codec-socks:4.1.96.Final
2025-04-30 22:15:02,227 [Worker-51: Download sources and javadoc] INFO  o.e.m.c.i.e.AbstractTransferListenerAdapter - Downloading https://repo.maven.apache.org/maven2/io/netty/netty-transport-native-unix-common/4.1.96.Final/netty-transport-native-unix-common-4.1.96.Final-sources.jar
2025-04-30 22:15:02,344 [Worker-51: Download sources and javadoc] INFO  o.e.m.c.i.e.AbstractTransferListenerAdapter - Downloaded https://repo.maven.apache.org/maven2/io/netty/netty-transport-native-unix-common/4.1.96.Final/netty-transport-native-unix-common-4.1.96.Final-sources.jar
2025-04-30 22:15:02,356 [Worker-51: Download sources and javadoc] INFO  o.e.m.j.internal.DownloadSourcesJob - Downloaded sources for io.netty:netty-transport-native-unix-common:4.1.96.Finallinux-x86_64
2025-04-30 22:15:02,571 [Worker-51: Download sources and javadoc] INFO  o.e.m.c.i.e.AbstractTransferListenerAdapter - Downloading https://repo.maven.apache.org/maven2/io/netty/netty-transport-native-epoll/4.1.96.Final/netty-transport-native-epoll-4.1.96.Final-sources.jar
2025-04-30 22:15:02,787 [Worker-51: Download sources and javadoc] INFO  o.e.m.c.i.e.AbstractTransferListenerAdapter - Downloaded https://repo.maven.apache.org/maven2/io/netty/netty-transport-native-epoll/4.1.96.Final/netty-transport-native-epoll-4.1.96.Final-sources.jar
2025-04-30 22:15:02,809 [Worker-51: Download sources and javadoc] INFO  o.e.m.j.internal.DownloadSourcesJob - Downloaded sources for io.netty:netty-transport-native-epoll:4.1.96.Finallinux-x86_64
2025-04-30 22:15:02,819 [Worker-51: Download sources and javadoc] INFO  o.e.m.j.internal.DownloadSourcesJob - Downloaded sources for io.netty:netty-transport-native-unix-common:4.1.96.Final
2025-04-30 22:15:03,049 [Worker-51: Download sources and javadoc] INFO  o.e.m.c.i.e.AbstractTransferListenerAdapter - Downloading https://repo.maven.apache.org/maven2/io/netty/netty-transport-classes-epoll/4.1.96.Final/netty-transport-classes-epoll-4.1.96.Final-sources.jar
2025-04-30 22:15:03,176 [Worker-51: Download sources and javadoc] INFO  o.e.m.c.i.e.AbstractTransferListenerAdapter - Downloaded https://repo.maven.apache.org/maven2/io/netty/netty-transport-classes-epoll/4.1.96.Final/netty-transport-classes-epoll-4.1.96.Final-sources.jar
2025-04-30 22:15:03,185 [Worker-51: Download sources and javadoc] INFO  o.e.m.j.internal.DownloadSourcesJob - Downloaded sources for io.netty:netty-transport-classes-epoll:4.1.96.Final
2025-04-30 22:15:03,191 [Worker-51: Download sources and javadoc] INFO  o.e.m.j.internal.DownloadSourcesJob - Downloaded sources for io.netty:netty-transport-native-unix-common:4.1.96.Finallinux-aarch_64
2025-04-30 22:15:03,199 [Worker-51: Download sources and javadoc] INFO  o.e.m.j.internal.DownloadSourcesJob - Downloaded sources for io.netty:netty-transport-native-epoll:4.1.96.Finallinux-aarch_64
2025-04-30 22:15:03,206 [Worker-51: Download sources and javadoc] INFO  o.e.m.j.internal.DownloadSourcesJob - Downloaded sources for io.netty:netty-transport-native-unix-common:4.1.96.Finalosx-x86_64
2025-04-30 22:15:03,431 [Worker-51: Download sources and javadoc] INFO  o.e.m.c.i.e.AbstractTransferListenerAdapter - Downloading https://repo.maven.apache.org/maven2/io/netty/netty-transport-native-kqueue/4.1.96.Final/netty-transport-native-kqueue-4.1.96.Final-sources.jar
2025-04-30 22:15:03,671 [Worker-51: Download sources and javadoc] INFO  o.e.m.c.i.e.AbstractTransferListenerAdapter - Downloaded https://repo.maven.apache.org/maven2/io/netty/netty-transport-native-kqueue/4.1.96.Final/netty-transport-native-kqueue-4.1.96.Final-sources.jar
2025-04-30 22:15:03,690 [Worker-51: Download sources and javadoc] INFO  o.e.m.j.internal.DownloadSourcesJob - Downloaded sources for io.netty:netty-transport-native-kqueue:4.1.96.Finalosx-x86_64
2025-04-30 22:15:03,905 [Worker-51: Download sources and javadoc] INFO  o.e.m.c.i.e.AbstractTransferListenerAdapter - Downloading https://repo.maven.apache.org/maven2/io/netty/netty-transport-classes-kqueue/4.1.96.Final/netty-transport-classes-kqueue-4.1.96.Final-sources.jar
2025-04-30 22:15:04,035 [Worker-51: Download sources and javadoc] INFO  o.e.m.c.i.e.AbstractTransferListenerAdapter - Downloaded https://repo.maven.apache.org/maven2/io/netty/netty-transport-classes-kqueue/4.1.96.Final/netty-transport-classes-kqueue-4.1.96.Final-sources.jar
2025-04-30 22:15:04,040 [Worker-51: Download sources and javadoc] INFO  o.e.m.j.internal.DownloadSourcesJob - Downloaded sources for io.netty:netty-transport-classes-kqueue:4.1.96.Final
2025-04-30 22:15:04,535 [Worker-51: Download sources and javadoc] INFO  o.e.m.c.i.e.AbstractTransferListenerAdapter - Downloaded https://repo.maven.apache.org/maven2/io/netty/netty-resolver-dns-native-macos/4.1.96.Final/netty-resolver-dns-native-macos-4.1.96.Final-sources.jar
2025-04-30 22:15:04,557 [Worker-51: Download sources and javadoc] ERROR o.e.m.j.internal.DownloadSourcesJob - Could not download sources for io.netty:netty-resolver-dns-native-macos:4.1.96.Finalosx-x86_64
org.eclipse.core.runtime.CoreException: Could not resolve artifact io.netty:netty-resolver-dns-native-macos:jar:sources:4.1.96.Final
	at org.eclipse.m2e.core.internal.embedder.MavenImpl.lambda$7(MavenImpl.java:540)
	at org.eclipse.m2e.core.internal.embedder.MavenExecutionContext.executeBare(MavenExecutionContext.java:458)
	at org.eclipse.m2e.core.internal.embedder.MavenExecutionContext.execute(MavenExecutionContext.java:292)
	at org.eclipse.m2e.core.internal.embedder.MavenExecutionContext.execute(MavenExecutionContext.java:278)
	at org.eclipse.m2e.core.internal.embedder.MavenImpl.resolve(MavenImpl.java:509)
	at org.eclipse.m2e.core.internal.embedder.MavenImpl.resolve(MavenImpl.java:494)
	at org.eclipse.m2e.jdt.internal.DownloadSourcesJob.download(DownloadSourcesJob.java:308)
	at org.eclipse.m2e.jdt.internal.DownloadSourcesJob.downloadAttachments(DownloadSourcesJob.java:282)
	at org.eclipse.m2e.jdt.internal.DownloadSourcesJob.downloadMaven(DownloadSourcesJob.java:252)
	at org.eclipse.m2e.jdt.internal.DownloadSourcesJob.downloadFilesAndPopulateToUpdate(DownloadSourcesJob.java:220)
	at org.eclipse.m2e.jdt.internal.DownloadSourcesJob.lambda$0(DownloadSourcesJob.java:149)
	at org.eclipse.m2e.core.internal.embedder.MavenExecutionContext.executeBare(MavenExecutionContext.java:458)
	at org.eclipse.m2e.core.internal.embedder.MavenExecutionContext.execute(MavenExecutionContext.java:339)
	at org.eclipse.m2e.core.internal.embedder.MavenExecutionContext.execute(MavenExecutionContext.java:278)
	at org.eclipse.m2e.core.embedder.IMaven.execute(IMaven.java:300)
	at org.eclipse.m2e.jdt.internal.DownloadSourcesJob.run(DownloadSourcesJob.java:149)
	at org.eclipse.core.internal.jobs.Worker.run(Worker.java:63)
2025-04-30 22:15:04,804 [Worker-51: Download sources and javadoc] INFO  o.e.m.c.i.e.AbstractTransferListenerAdapter - Downloading https://repo.maven.apache.org/maven2/io/netty/netty-resolver-dns-classes-macos/4.1.96.Final/netty-resolver-dns-classes-macos-4.1.96.Final-sources.jar
2025-04-30 22:15:04,972 [Worker-51: Download sources and javadoc] INFO  o.e.m.c.i.e.AbstractTransferListenerAdapter - Downloaded https://repo.maven.apache.org/maven2/io/netty/netty-resolver-dns-classes-macos/4.1.96.Final/netty-resolver-dns-classes-macos-4.1.96.Final-sources.jar
2025-04-30 22:15:04,984 [Worker-51: Download sources and javadoc] INFO  o.e.m.j.internal.DownloadSourcesJob - Downloaded sources for io.netty:netty-resolver-dns-classes-macos:4.1.96.Final
2025-04-30 22:15:04,991 [Worker-51: Download sources and javadoc] INFO  o.e.m.j.internal.DownloadSourcesJob - Downloaded sources for io.netty:netty-transport-native-unix-common:4.1.96.Finalosx-aarch_64
2025-04-30 22:15:04,997 [Worker-51: Download sources and javadoc] INFO  o.e.m.j.internal.DownloadSourcesJob - Downloaded sources for io.netty:netty-transport-native-kqueue:4.1.96.Finalosx-aarch_64
2025-04-30 22:15:05,871 [Worker-51: Download sources and javadoc] INFO  o.e.m.c.i.e.AbstractTransferListenerAdapter - Downloaded https://repo.maven.apache.org/maven2/io/netty/netty-resolver-dns-native-macos/4.1.96.Final/netty-resolver-dns-native-macos-4.1.96.Final-javadoc.jar
2025-04-30 22:15:05,871 [Worker-55: Building] WARN  o.a.m.s.f.DefaultMavenResourcesFiltering - Using platform encoding (UTF-8 actually) to copy filtered resources, i.e. build is platform dependent!
2025-04-30 22:15:05,876 [Worker-55: Building] INFO  o.a.m.s.f.DefaultMavenResourcesFiltering - Copying 0 resource from src\main\resources to target\classes
2025-04-30 22:15:05,878 [Worker-51: Download sources and javadoc] ERROR o.e.m.j.internal.DownloadSourcesJob - Could not download javadoc for io.netty:netty-resolver-dns-native-macos:4.1.96.Finalosx-aarch_64
org.eclipse.core.runtime.CoreException: Could not resolve artifact io.netty:netty-resolver-dns-native-macos:jar:javadoc:4.1.96.Final
	at org.eclipse.m2e.core.internal.embedder.MavenImpl.lambda$7(MavenImpl.java:540)
	at org.eclipse.m2e.core.internal.embedder.MavenExecutionContext.executeBare(MavenExecutionContext.java:458)
	at org.eclipse.m2e.core.internal.embedder.MavenExecutionContext.execute(MavenExecutionContext.java:292)
	at org.eclipse.m2e.core.internal.embedder.MavenExecutionContext.execute(MavenExecutionContext.java:278)
	at org.eclipse.m2e.core.internal.embedder.MavenImpl.resolve(MavenImpl.java:509)
	at org.eclipse.m2e.core.internal.embedder.MavenImpl.resolve(MavenImpl.java:494)
	at org.eclipse.m2e.jdt.internal.DownloadSourcesJob.download(DownloadSourcesJob.java:308)
	at org.eclipse.m2e.jdt.internal.DownloadSourcesJob.downloadAttachments(DownloadSourcesJob.java:294)
	at org.eclipse.m2e.jdt.internal.DownloadSourcesJob.downloadMaven(DownloadSourcesJob.java:252)
	at org.eclipse.m2e.jdt.internal.DownloadSourcesJob.downloadFilesAndPopulateToUpdate(DownloadSourcesJob.java:220)
	at org.eclipse.m2e.jdt.internal.DownloadSourcesJob.lambda$0(DownloadSourcesJob.java:149)
	at org.eclipse.m2e.core.internal.embedder.MavenExecutionContext.executeBare(MavenExecutionContext.java:458)
	at org.eclipse.m2e.core.internal.embedder.MavenExecutionContext.execute(MavenExecutionContext.java:339)
	at org.eclipse.m2e.core.internal.embedder.MavenExecutionContext.execute(MavenExecutionContext.java:278)
	at org.eclipse.m2e.core.embedder.IMaven.execute(IMaven.java:300)
	at org.eclipse.m2e.jdt.internal.DownloadSourcesJob.run(DownloadSourcesJob.java:149)
	at org.eclipse.core.internal.jobs.Worker.run(Worker.java:63)
2025-04-30 22:15:05,882 [Worker-55: Building] WARN  o.a.m.s.f.DefaultMavenResourcesFiltering - Using platform encoding (UTF-8 actually) to copy filtered resources, i.e. build is platform dependent!
2025-04-30 22:15:05,884 [Worker-55: Building] INFO  o.a.m.s.f.DefaultMavenResourcesFiltering - Copying 0 resource from src\test\resources to target\test-classes
2025-04-30 22:15:06,342 [Worker-51: Download sources and javadoc] INFO  o.e.m.c.i.e.AbstractTransferListenerAdapter - Downloaded https://repo.maven.apache.org/maven2/io/netty/netty-tcnative-boringssl-static/2.0.61.Final/netty-tcnative-boringssl-static-2.0.61.Final-sources.jar
2025-04-30 22:15:06,358 [Worker-51: Download sources and javadoc] ERROR o.e.m.j.internal.DownloadSourcesJob - Could not download sources for io.netty:netty-tcnative-boringssl-static:2.0.61.Finallinux-x86_64
org.eclipse.core.runtime.CoreException: Could not resolve artifact io.netty:netty-tcnative-boringssl-static:jar:sources:2.0.61.Final
	at org.eclipse.m2e.core.internal.embedder.MavenImpl.lambda$7(MavenImpl.java:540)
	at org.eclipse.m2e.core.internal.embedder.MavenExecutionContext.executeBare(MavenExecutionContext.java:458)
	at org.eclipse.m2e.core.internal.embedder.MavenExecutionContext.execute(MavenExecutionContext.java:292)
	at org.eclipse.m2e.core.internal.embedder.MavenExecutionContext.execute(MavenExecutionContext.java:278)
	at org.eclipse.m2e.core.internal.embedder.MavenImpl.resolve(MavenImpl.java:509)
	at org.eclipse.m2e.core.internal.embedder.MavenImpl.resolve(MavenImpl.java:494)
	at org.eclipse.m2e.jdt.internal.DownloadSourcesJob.download(DownloadSourcesJob.java:308)
	at org.eclipse.m2e.jdt.internal.DownloadSourcesJob.downloadAttachments(DownloadSourcesJob.java:282)
	at org.eclipse.m2e.jdt.internal.DownloadSourcesJob.downloadMaven(DownloadSourcesJob.java:252)
	at org.eclipse.m2e.jdt.internal.DownloadSourcesJob.downloadFilesAndPopulateToUpdate(DownloadSourcesJob.java:220)
	at org.eclipse.m2e.jdt.internal.DownloadSourcesJob.lambda$0(DownloadSourcesJob.java:149)
	at org.eclipse.m2e.core.internal.embedder.MavenExecutionContext.executeBare(MavenExecutionContext.java:458)
	at org.eclipse.m2e.core.internal.embedder.MavenExecutionContext.execute(MavenExecutionContext.java:339)
	at org.eclipse.m2e.core.internal.embedder.MavenExecutionContext.execute(MavenExecutionContext.java:278)
	at org.eclipse.m2e.core.embedder.IMaven.execute(IMaven.java:300)
	at org.eclipse.m2e.jdt.internal.DownloadSourcesJob.run(DownloadSourcesJob.java:149)
	at org.eclipse.core.internal.jobs.Worker.run(Worker.java:63)
2025-04-30 22:15:06,582 [Worker-51: Download sources and javadoc] INFO  o.e.m.c.i.e.AbstractTransferListenerAdapter - Downloading https://repo.maven.apache.org/maven2/io/netty/netty-tcnative-classes/2.0.61.Final/netty-tcnative-classes-2.0.61.Final-sources.jar
2025-04-30 22:15:07,324 [Worker-51: Download sources and javadoc] INFO  o.e.m.c.i.e.AbstractTransferListenerAdapter - Downloaded https://repo.maven.apache.org/maven2/io/netty/netty-tcnative-classes/2.0.61.Final/netty-tcnative-classes-2.0.61.Final-sources.jar
2025-04-30 22:15:07,335 [Worker-51: Download sources and javadoc] INFO  o.e.m.j.internal.DownloadSourcesJob - Downloaded sources for io.netty:netty-tcnative-classes:2.0.61.Final
2025-04-30 22:15:07,820 [Worker-51: Download sources and javadoc] INFO  o.e.m.c.i.e.AbstractTransferListenerAdapter - Downloaded https://repo.maven.apache.org/maven2/io/netty/netty-tcnative-boringssl-static/2.0.61.Final/netty-tcnative-boringssl-static-2.0.61.Final-javadoc.jar
2025-04-30 22:15:07,825 [Worker-51: Download sources and javadoc] ERROR o.e.m.j.internal.DownloadSourcesJob - Could not download javadoc for io.netty:netty-tcnative-boringssl-static:2.0.61.Finallinux-aarch_64
org.eclipse.core.runtime.CoreException: Could not resolve artifact io.netty:netty-tcnative-boringssl-static:jar:javadoc:2.0.61.Final
	at org.eclipse.m2e.core.internal.embedder.MavenImpl.lambda$7(MavenImpl.java:540)
	at org.eclipse.m2e.core.internal.embedder.MavenExecutionContext.executeBare(MavenExecutionContext.java:458)
	at org.eclipse.m2e.core.internal.embedder.MavenExecutionContext.execute(MavenExecutionContext.java:292)
	at org.eclipse.m2e.core.internal.embedder.MavenExecutionContext.execute(MavenExecutionContext.java:278)
	at org.eclipse.m2e.core.internal.embedder.MavenImpl.resolve(MavenImpl.java:509)
	at org.eclipse.m2e.core.internal.embedder.MavenImpl.resolve(MavenImpl.java:494)
	at org.eclipse.m2e.jdt.internal.DownloadSourcesJob.download(DownloadSourcesJob.java:308)
	at org.eclipse.m2e.jdt.internal.DownloadSourcesJob.downloadAttachments(DownloadSourcesJob.java:294)
	at org.eclipse.m2e.jdt.internal.DownloadSourcesJob.downloadMaven(DownloadSourcesJob.java:252)
	at org.eclipse.m2e.jdt.internal.DownloadSourcesJob.downloadFilesAndPopulateToUpdate(DownloadSourcesJob.java:220)
	at org.eclipse.m2e.jdt.internal.DownloadSourcesJob.lambda$0(DownloadSourcesJob.java:149)
	at org.eclipse.m2e.core.internal.embedder.MavenExecutionContext.executeBare(MavenExecutionContext.java:458)
	at org.eclipse.m2e.core.internal.embedder.MavenExecutionContext.execute(MavenExecutionContext.java:339)
	at org.eclipse.m2e.core.internal.embedder.MavenExecutionContext.execute(MavenExecutionContext.java:278)
	at org.eclipse.m2e.core.embedder.IMaven.execute(IMaven.java:300)
	at org.eclipse.m2e.jdt.internal.DownloadSourcesJob.run(DownloadSourcesJob.java:149)
	at org.eclipse.core.internal.jobs.Worker.run(Worker.java:63)
2025-04-30 22:15:08,066 [Worker-51: Download sources and javadoc] INFO  o.e.m.c.i.e.AbstractTransferListenerAdapter - Downloading https://repo.maven.apache.org/maven2/com/aayushatharva/brotli4j/brotli4j/1.12.0/brotli4j-1.12.0-sources.jar
2025-04-30 22:15:08,611 [Worker-51: Download sources and javadoc] INFO  o.e.m.c.i.e.AbstractTransferListenerAdapter - Downloaded https://repo.maven.apache.org/maven2/com/aayushatharva/brotli4j/brotli4j/1.12.0/brotli4j-1.12.0-sources.jar
2025-04-30 22:15:08,620 [Worker-51: Download sources and javadoc] INFO  o.e.m.j.internal.DownloadSourcesJob - Downloaded sources for com.aayushatharva.brotli4j:brotli4j:1.12.0
2025-04-30 22:15:09,072 [Worker-51: Download sources and javadoc] INFO  o.e.m.c.i.e.AbstractTransferListenerAdapter - Downloading https://repo.maven.apache.org/maven2/com/aayushatharva/brotli4j/service/1.12.0/service-1.12.0-sources.jar
2025-04-30 22:15:09,126 [Worker-51: Download sources and javadoc] INFO  o.e.m.c.i.e.AbstractTransferListenerAdapter - Downloaded https://repo.maven.apache.org/maven2/com/aayushatharva/brotli4j/service/1.12.0/service-1.12.0-sources.jar
2025-04-30 22:15:09,142 [Worker-51: Download sources and javadoc] INFO  o.e.m.j.internal.DownloadSourcesJob - Downloaded sources for com.aayushatharva.brotli4j:service:1.12.0
2025-04-30 22:15:09,343 [Worker-51: Download sources and javadoc] INFO  o.e.m.c.i.e.AbstractTransferListenerAdapter - Downloading https://repo.maven.apache.org/maven2/com/aayushatharva/brotli4j/native-windows-x86_64/1.12.0/native-windows-x86_64-1.12.0-sources.jar
2025-04-30 22:15:09,451 [Worker-51: Download sources and javadoc] INFO  o.e.m.c.i.e.AbstractTransferListenerAdapter - Downloaded https://repo.maven.apache.org/maven2/com/aayushatharva/brotli4j/native-windows-x86_64/1.12.0/native-windows-x86_64-1.12.0-sources.jar
2025-04-30 22:15:09,457 [Worker-51: Download sources and javadoc] INFO  o.e.m.j.internal.DownloadSourcesJob - Downloaded sources for com.aayushatharva.brotli4j:native-windows-x86_64:1.12.0
2025-04-30 22:15:09,655 [Worker-51: Download sources and javadoc] INFO  o.e.m.c.i.e.AbstractTransferListenerAdapter - Downloading https://repo.maven.apache.org/maven2/commons-codec/commons-codec/1.16.0/commons-codec-1.16.0-sources.jar
2025-04-30 22:15:10,155 [Worker-51: Download sources and javadoc] INFO  o.e.m.c.i.e.AbstractTransferListenerAdapter - Downloaded https://repo.maven.apache.org/maven2/commons-codec/commons-codec/1.16.0/commons-codec-1.16.0-sources.jar
2025-04-30 22:15:10,161 [Worker-51: Download sources and javadoc] INFO  o.e.m.j.internal.DownloadSourcesJob - Downloaded sources for commons-codec:commons-codec:1.16.0
2025-04-30 22:15:10,386 [Worker-51: Download sources and javadoc] INFO  o.e.m.c.i.e.AbstractTransferListenerAdapter - Downloading https://repo.maven.apache.org/maven2/ch/qos/logback/logback-classic/1.4.11/logback-classic-1.4.11-sources.jar
2025-04-30 22:15:10,620 [Worker-51: Download sources and javadoc] INFO  o.e.m.c.i.e.AbstractTransferListenerAdapter - Downloaded https://repo.maven.apache.org/maven2/ch/qos/logback/logback-classic/1.4.11/logback-classic-1.4.11-sources.jar
2025-04-30 22:15:10,627 [Worker-51: Download sources and javadoc] INFO  o.e.m.j.internal.DownloadSourcesJob - Downloaded sources for ch.qos.logback:logback-classic:1.4.11
2025-04-30 22:15:10,855 [Worker-51: Download sources and javadoc] INFO  o.e.m.c.i.e.AbstractTransferListenerAdapter - Downloading https://repo.maven.apache.org/maven2/ch/qos/logback/logback-core/1.4.11/logback-core-1.4.11-sources.jar
2025-04-30 22:15:11,375 [Worker-51: Download sources and javadoc] INFO  o.e.m.c.i.e.AbstractTransferListenerAdapter - Downloaded https://repo.maven.apache.org/maven2/ch/qos/logback/logback-core/1.4.11/logback-core-1.4.11-sources.jar
2025-04-30 22:15:11,375 [Worker-51: Download sources and javadoc] INFO  o.e.m.j.internal.DownloadSourcesJob - Downloaded sources for ch.qos.logback:logback-core:1.4.11
2025-04-30 22:15:11,565 [Worker-51: Download sources and javadoc] INFO  o.e.m.c.i.e.AbstractTransferListenerAdapter - Downloading https://repo.maven.apache.org/maven2/org/slf4j/jcl-over-slf4j/2.0.9/jcl-over-slf4j-2.0.9-sources.jar
2025-04-30 22:15:12,157 [Worker-51: Download sources and javadoc] INFO  o.e.m.c.i.e.AbstractTransferListenerAdapter - Downloaded https://repo.maven.apache.org/maven2/org/slf4j/jcl-over-slf4j/2.0.9/jcl-over-slf4j-2.0.9-sources.jar
2025-04-30 22:15:12,162 [Worker-51: Download sources and javadoc] INFO  o.e.m.j.internal.DownloadSourcesJob - Downloaded sources for org.slf4j:jcl-over-slf4j:2.0.9
2025-04-30 22:15:12,387 [Worker-51: Download sources and javadoc] INFO  o.e.m.c.i.e.AbstractTransferListenerAdapter - Downloading https://repo.maven.apache.org/maven2/io/github/classgraph/classgraph/4.8.160/classgraph-4.8.160-sources.jar
2025-04-30 22:15:12,779 [Worker-51: Download sources and javadoc] INFO  o.e.m.c.i.e.AbstractTransferListenerAdapter - Downloaded https://repo.maven.apache.org/maven2/io/github/classgraph/classgraph/4.8.160/classgraph-4.8.160-sources.jar
2025-04-30 22:15:12,787 [Worker-51: Download sources and javadoc] INFO  o.e.m.j.internal.DownloadSourcesJob - Downloaded sources for io.github.classgraph:classgraph:4.8.160
2025-04-30 22:18:49,956 [Worker-57: Launching Executing clean in D__pradeep_Automation_KarateAPI_test-api] INFO  o.eclipse.m2e.core.internal.Bundles - getClasspathEntries(Bundle=org.eclipse.m2e.maven.runtime_3.9.900.20240824-1409 [642])
2025-04-30 22:18:49,963 [Worker-57: Launching Executing clean in D__pradeep_Automation_KarateAPI_test-api] INFO  o.eclipse.m2e.core.internal.Bundles - 	Entry: C:\Users\Dell\.p2\pool\plugins\org.eclipse.m2e.maven.runtime_3.9.900.20240824-1409
2025-04-30 22:18:49,964 [Worker-57: Launching Executing clean in D__pradeep_Automation_KarateAPI_test-api] INFO  o.eclipse.m2e.core.internal.Bundles - 	Entry: C:\Users\Dell\.p2\pool\plugins\org.eclipse.m2e.maven.runtime_3.9.900.20240824-1409\jars\aopalliance-1.0.jar
2025-04-30 22:18:49,964 [Worker-57: Launching Executing clean in D__pradeep_Automation_KarateAPI_test-api] INFO  o.eclipse.m2e.core.internal.Bundles - 	Entry: C:\Users\Dell\.p2\pool\plugins\org.eclipse.m2e.maven.runtime_3.9.900.20240824-1409\jars\guice-5.1.0.jar
2025-04-30 22:18:49,965 [Worker-57: Launching Executing clean in D__pradeep_Automation_KarateAPI_test-api] INFO  o.eclipse.m2e.core.internal.Bundles - 	Entry: C:\Users\Dell\.p2\pool\plugins\org.eclipse.m2e.maven.runtime_3.9.900.20240824-1409\jars\httpclient-4.5.14.jar
2025-04-30 22:18:49,965 [Worker-57: Launching Executing clean in D__pradeep_Automation_KarateAPI_test-api] INFO  o.eclipse.m2e.core.internal.Bundles - 	Entry: C:\Users\Dell\.p2\pool\plugins\org.eclipse.m2e.maven.runtime_3.9.900.20240824-1409\jars\httpcore-4.4.16.jar
2025-04-30 22:18:49,965 [Worker-57: Launching Executing clean in D__pradeep_Automation_KarateAPI_test-api] INFO  o.eclipse.m2e.core.internal.Bundles - 	Entry: C:\Users\Dell\.p2\pool\plugins\org.eclipse.m2e.maven.runtime_3.9.900.20240824-1409\jars\jansi-2.4.1.jar
2025-04-30 22:18:49,965 [Worker-57: Launching Executing clean in D__pradeep_Automation_KarateAPI_test-api] INFO  o.eclipse.m2e.core.internal.Bundles - 	Entry: C:\Users\Dell\.p2\pool\plugins\org.eclipse.m2e.maven.runtime_3.9.900.20240824-1409\jars\jcl-over-slf4j-1.7.36.jar
2025-04-30 22:18:49,965 [Worker-57: Launching Executing clean in D__pradeep_Automation_KarateAPI_test-api] INFO  o.eclipse.m2e.core.internal.Bundles - 	Entry: C:\Users\Dell\.p2\pool\plugins\org.eclipse.m2e.maven.runtime_3.9.900.20240824-1409\jars\maven-artifact-3.9.9.jar
2025-04-30 22:18:49,966 [Worker-57: Launching Executing clean in D__pradeep_Automation_KarateAPI_test-api] INFO  o.eclipse.m2e.core.internal.Bundles - 	Entry: C:\Users\Dell\.p2\pool\plugins\org.eclipse.m2e.maven.runtime_3.9.900.20240824-1409\jars\maven-builder-support-3.9.9.jar
2025-04-30 22:18:49,966 [Worker-57: Launching Executing clean in D__pradeep_Automation_KarateAPI_test-api] INFO  o.eclipse.m2e.core.internal.Bundles - 	Entry: C:\Users\Dell\.p2\pool\plugins\org.eclipse.m2e.maven.runtime_3.9.900.20240824-1409\jars\maven-compat-3.9.9.jar
2025-04-30 22:18:49,966 [Worker-57: Launching Executing clean in D__pradeep_Automation_KarateAPI_test-api] INFO  o.eclipse.m2e.core.internal.Bundles - 	Entry: C:\Users\Dell\.p2\pool\plugins\org.eclipse.m2e.maven.runtime_3.9.900.20240824-1409\jars\maven-core-3.9.9.jar
2025-04-30 22:18:49,966 [Worker-57: Launching Executing clean in D__pradeep_Automation_KarateAPI_test-api] INFO  o.eclipse.m2e.core.internal.Bundles - 	Entry: C:\Users\Dell\.p2\pool\plugins\org.eclipse.m2e.maven.runtime_3.9.900.20240824-1409\jars\maven-embedder-3.9.9.jar
2025-04-30 22:18:49,966 [Worker-57: Launching Executing clean in D__pradeep_Automation_KarateAPI_test-api] INFO  o.eclipse.m2e.core.internal.Bundles - 	Entry: C:\Users\Dell\.p2\pool\plugins\org.eclipse.m2e.maven.runtime_3.9.900.20240824-1409\jars\maven-model-3.9.9.jar
2025-04-30 22:18:49,966 [Worker-57: Launching Executing clean in D__pradeep_Automation_KarateAPI_test-api] INFO  o.eclipse.m2e.core.internal.Bundles - 	Entry: C:\Users\Dell\.p2\pool\plugins\org.eclipse.m2e.maven.runtime_3.9.900.20240824-1409\jars\maven-model-builder-3.9.9.jar
2025-04-30 22:18:49,967 [Worker-57: Launching Executing clean in D__pradeep_Automation_KarateAPI_test-api] INFO  o.eclipse.m2e.core.internal.Bundles - 	Entry: C:\Users\Dell\.p2\pool\plugins\org.eclipse.m2e.maven.runtime_3.9.900.20240824-1409\jars\maven-plugin-api-3.9.9.jar
2025-04-30 22:18:49,967 [Worker-57: Launching Executing clean in D__pradeep_Automation_KarateAPI_test-api] INFO  o.eclipse.m2e.core.internal.Bundles - 	Entry: C:\Users\Dell\.p2\pool\plugins\org.eclipse.m2e.maven.runtime_3.9.900.20240824-1409\jars\maven-repository-metadata-3.9.9.jar
2025-04-30 22:18:49,967 [Worker-57: Launching Executing clean in D__pradeep_Automation_KarateAPI_test-api] INFO  o.eclipse.m2e.core.internal.Bundles - 	Entry: C:\Users\Dell\.p2\pool\plugins\org.eclipse.m2e.maven.runtime_3.9.900.20240824-1409\jars\maven-resolver-api-1.9.22.jar
2025-04-30 22:18:49,967 [Worker-57: Launching Executing clean in D__pradeep_Automation_KarateAPI_test-api] INFO  o.eclipse.m2e.core.internal.Bundles - 	Entry: C:\Users\Dell\.p2\pool\plugins\org.eclipse.m2e.maven.runtime_3.9.900.20240824-1409\jars\maven-resolver-connector-basic-1.9.22.jar
2025-04-30 22:18:49,967 [Worker-57: Launching Executing clean in D__pradeep_Automation_KarateAPI_test-api] INFO  o.eclipse.m2e.core.internal.Bundles - 	Entry: C:\Users\Dell\.p2\pool\plugins\org.eclipse.m2e.maven.runtime_3.9.900.20240824-1409\jars\maven-resolver-impl-1.9.22.jar
2025-04-30 22:18:49,968 [Worker-57: Launching Executing clean in D__pradeep_Automation_KarateAPI_test-api] INFO  o.eclipse.m2e.core.internal.Bundles - 	Entry: C:\Users\Dell\.p2\pool\plugins\org.eclipse.m2e.maven.runtime_3.9.900.20240824-1409\jars\maven-resolver-named-locks-1.9.22.jar
2025-04-30 22:18:49,968 [Worker-57: Launching Executing clean in D__pradeep_Automation_KarateAPI_test-api] INFO  o.eclipse.m2e.core.internal.Bundles - 	Entry: C:\Users\Dell\.p2\pool\plugins\org.eclipse.m2e.maven.runtime_3.9.900.20240824-1409\jars\maven-resolver-provider-3.9.9.jar
2025-04-30 22:18:49,968 [Worker-57: Launching Executing clean in D__pradeep_Automation_KarateAPI_test-api] INFO  o.eclipse.m2e.core.internal.Bundles - 	Entry: C:\Users\Dell\.p2\pool\plugins\org.eclipse.m2e.maven.runtime_3.9.900.20240824-1409\jars\maven-resolver-spi-1.9.22.jar
2025-04-30 22:18:49,968 [Worker-57: Launching Executing clean in D__pradeep_Automation_KarateAPI_test-api] INFO  o.eclipse.m2e.core.internal.Bundles - 	Entry: C:\Users\Dell\.p2\pool\plugins\org.eclipse.m2e.maven.runtime_3.9.900.20240824-1409\jars\maven-resolver-transport-file-1.9.22.jar
2025-04-30 22:18:49,968 [Worker-57: Launching Executing clean in D__pradeep_Automation_KarateAPI_test-api] INFO  o.eclipse.m2e.core.internal.Bundles - 	Entry: C:\Users\Dell\.p2\pool\plugins\org.eclipse.m2e.maven.runtime_3.9.900.20240824-1409\jars\maven-resolver-transport-http-1.9.22.jar
2025-04-30 22:18:49,968 [Worker-57: Launching Executing clean in D__pradeep_Automation_KarateAPI_test-api] INFO  o.eclipse.m2e.core.internal.Bundles - 	Entry: C:\Users\Dell\.p2\pool\plugins\org.eclipse.m2e.maven.runtime_3.9.900.20240824-1409\jars\maven-resolver-transport-wagon-1.9.22.jar
2025-04-30 22:18:49,969 [Worker-57: Launching Executing clean in D__pradeep_Automation_KarateAPI_test-api] INFO  o.eclipse.m2e.core.internal.Bundles - 	Entry: C:\Users\Dell\.p2\pool\plugins\org.eclipse.m2e.maven.runtime_3.9.900.20240824-1409\jars\maven-resolver-util-1.9.22.jar
2025-04-30 22:18:49,969 [Worker-57: Launching Executing clean in D__pradeep_Automation_KarateAPI_test-api] INFO  o.eclipse.m2e.core.internal.Bundles - 	Entry: C:\Users\Dell\.p2\pool\plugins\org.eclipse.m2e.maven.runtime_3.9.900.20240824-1409\jars\maven-settings-3.9.9.jar
2025-04-30 22:18:49,969 [Worker-57: Launching Executing clean in D__pradeep_Automation_KarateAPI_test-api] INFO  o.eclipse.m2e.core.internal.Bundles - 	Entry: C:\Users\Dell\.p2\pool\plugins\org.eclipse.m2e.maven.runtime_3.9.900.20240824-1409\jars\maven-settings-builder-3.9.9.jar
2025-04-30 22:18:49,969 [Worker-57: Launching Executing clean in D__pradeep_Automation_KarateAPI_test-api] INFO  o.eclipse.m2e.core.internal.Bundles - 	Entry: C:\Users\Dell\.p2\pool\plugins\org.eclipse.m2e.maven.runtime_3.9.900.20240824-1409\jars\maven-shared-utils-3.4.2.jar
2025-04-30 22:18:49,970 [Worker-57: Launching Executing clean in D__pradeep_Automation_KarateAPI_test-api] INFO  o.eclipse.m2e.core.internal.Bundles - 	Entry: C:\Users\Dell\.p2\pool\plugins\org.eclipse.m2e.maven.runtime_3.9.900.20240824-1409\jars\org.eclipse.sisu.inject-0.9.0.M3.jar
2025-04-30 22:18:49,970 [Worker-57: Launching Executing clean in D__pradeep_Automation_KarateAPI_test-api] INFO  o.eclipse.m2e.core.internal.Bundles - 	Entry: C:\Users\Dell\.p2\pool\plugins\org.eclipse.m2e.maven.runtime_3.9.900.20240824-1409\jars\org.eclipse.sisu.plexus-0.9.0.M3.jar
2025-04-30 22:18:49,970 [Worker-57: Launching Executing clean in D__pradeep_Automation_KarateAPI_test-api] INFO  o.eclipse.m2e.core.internal.Bundles - 	Entry: C:\Users\Dell\.p2\pool\plugins\org.eclipse.m2e.maven.runtime_3.9.900.20240824-1409\jars\plexus-build-api-0.0.7.jar
2025-04-30 22:18:49,970 [Worker-57: Launching Executing clean in D__pradeep_Automation_KarateAPI_test-api] INFO  o.eclipse.m2e.core.internal.Bundles - 	Entry: C:\Users\Dell\.p2\pool\plugins\org.eclipse.m2e.maven.runtime_3.9.900.20240824-1409\jars\plexus-build-api-1.2.0.jar
2025-04-30 22:18:49,970 [Worker-57: Launching Executing clean in D__pradeep_Automation_KarateAPI_test-api] INFO  o.eclipse.m2e.core.internal.Bundles - 	Entry: C:\Users\Dell\.p2\pool\plugins\org.eclipse.m2e.maven.runtime_3.9.900.20240824-1409\jars\plexus-cipher-2.0.jar
2025-04-30 22:18:49,970 [Worker-57: Launching Executing clean in D__pradeep_Automation_KarateAPI_test-api] INFO  o.eclipse.m2e.core.internal.Bundles - 	Entry: C:\Users\Dell\.p2\pool\plugins\org.eclipse.m2e.maven.runtime_3.9.900.20240824-1409\jars\plexus-classworlds-2.8.0.jar
2025-04-30 22:18:49,971 [Worker-57: Launching Executing clean in D__pradeep_Automation_KarateAPI_test-api] INFO  o.eclipse.m2e.core.internal.Bundles - 	Entry: C:\Users\Dell\.p2\pool\plugins\org.eclipse.m2e.maven.runtime_3.9.900.20240824-1409\jars\plexus-component-annotations-2.1.0.jar
2025-04-30 22:18:49,971 [Worker-57: Launching Executing clean in D__pradeep_Automation_KarateAPI_test-api] INFO  o.eclipse.m2e.core.internal.Bundles - 	Entry: C:\Users\Dell\.p2\pool\plugins\org.eclipse.m2e.maven.runtime_3.9.900.20240824-1409\jars\plexus-interpolation-1.27.jar
2025-04-30 22:18:49,971 [Worker-57: Launching Executing clean in D__pradeep_Automation_KarateAPI_test-api] INFO  o.eclipse.m2e.core.internal.Bundles - 	Entry: C:\Users\Dell\.p2\pool\plugins\org.eclipse.m2e.maven.runtime_3.9.900.20240824-1409\jars\plexus-sec-dispatcher-2.0.jar
2025-04-30 22:18:49,971 [Worker-57: Launching Executing clean in D__pradeep_Automation_KarateAPI_test-api] INFO  o.eclipse.m2e.core.internal.Bundles - 	Entry: C:\Users\Dell\.p2\pool\plugins\org.eclipse.m2e.maven.runtime_3.9.900.20240824-1409\jars\plexus-utils-3.5.1.jar
2025-04-30 22:18:49,971 [Worker-57: Launching Executing clean in D__pradeep_Automation_KarateAPI_test-api] INFO  o.eclipse.m2e.core.internal.Bundles - 	Entry: C:\Users\Dell\.p2\pool\plugins\org.eclipse.m2e.maven.runtime_3.9.900.20240824-1409\jars\plexus-xml-3.0.1.jar
2025-04-30 22:18:49,972 [Worker-57: Launching Executing clean in D__pradeep_Automation_KarateAPI_test-api] INFO  o.eclipse.m2e.core.internal.Bundles - 	Entry: C:\Users\Dell\.p2\pool\plugins\org.eclipse.m2e.maven.runtime_3.9.900.20240824-1409\jars\wagon-file-3.5.3.jar
2025-04-30 22:18:49,972 [Worker-57: Launching Executing clean in D__pradeep_Automation_KarateAPI_test-api] INFO  o.eclipse.m2e.core.internal.Bundles - 	Entry: C:\Users\Dell\.p2\pool\plugins\org.eclipse.m2e.maven.runtime_3.9.900.20240824-1409\jars\wagon-http-3.5.3.jar
2025-04-30 22:18:49,972 [Worker-57: Launching Executing clean in D__pradeep_Automation_KarateAPI_test-api] INFO  o.eclipse.m2e.core.internal.Bundles - 	Entry: C:\Users\Dell\.p2\pool\plugins\org.eclipse.m2e.maven.runtime_3.9.900.20240824-1409\jars\wagon-http-shared-3.5.3.jar
2025-04-30 22:18:49,973 [Worker-57: Launching Executing clean in D__pradeep_Automation_KarateAPI_test-api] INFO  o.eclipse.m2e.core.internal.Bundles - 	Entry: C:\Users\Dell\.p2\pool\plugins\org.eclipse.m2e.maven.runtime_3.9.900.20240824-1409\jars\wagon-provider-api-3.5.3.jar
2025-04-30 22:18:49,977 [Worker-57: Launching Executing clean in D__pradeep_Automation_KarateAPI_test-api] INFO  o.eclipse.m2e.core.internal.Bundles - getClasspathEntries(Bundle=com.google.guava_33.3.1.jre [1017])
2025-04-30 22:18:49,978 [Worker-57: Launching Executing clean in D__pradeep_Automation_KarateAPI_test-api] INFO  o.eclipse.m2e.core.internal.Bundles - 	Entry: C:\Users\Dell\.p2\pool\plugins\com.google.guava_33.3.1.jre.jar
2025-04-30 22:18:49,978 [Worker-57: Launching Executing clean in D__pradeep_Automation_KarateAPI_test-api] INFO  o.eclipse.m2e.core.internal.Bundles - getClasspathEntries(Bundle=slf4j.api_2.0.16 [1007])
2025-04-30 22:18:49,979 [Worker-57: Launching Executing clean in D__pradeep_Automation_KarateAPI_test-api] INFO  o.eclipse.m2e.core.internal.Bundles - 	Entry: C:\Users\Dell\.p2\pool\plugins\slf4j.api_2.0.16.jar
2025-04-30 22:18:49,980 [Worker-57: Launching Executing clean in D__pradeep_Automation_KarateAPI_test-api] INFO  o.eclipse.m2e.core.internal.Bundles - getClasspathEntries(Bundle=javax.inject_1.0.0.v20220405-0441 [1026])
2025-04-30 22:18:49,981 [Worker-57: Launching Executing clean in D__pradeep_Automation_KarateAPI_test-api] INFO  o.eclipse.m2e.core.internal.Bundles - 	Entry: C:\Users\Dell\.p2\pool\plugins\javax.inject_1.0.0.v20220405-0441.jar
2025-04-30 22:18:49,981 [Worker-57: Launching Executing clean in D__pradeep_Automation_KarateAPI_test-api] INFO  o.eclipse.m2e.core.internal.Bundles - getClasspathEntries(Bundle=javax.annotation_1.3.5.v20230504-0748 [1025])
2025-04-30 22:18:49,982 [Worker-57: Launching Executing clean in D__pradeep_Automation_KarateAPI_test-api] INFO  o.eclipse.m2e.core.internal.Bundles - 	Entry: C:\Users\Dell\.p2\pool\plugins\javax.annotation_1.3.5.v20230504-0748.jar
2025-04-30 22:18:49,982 [Worker-57: Launching Executing clean in D__pradeep_Automation_KarateAPI_test-api] INFO  o.eclipse.m2e.core.internal.Bundles - getClasspathEntries(Bundle=org.apache.commons.cli_1.9.0 [78])
2025-04-30 22:18:49,983 [Worker-57: Launching Executing clean in D__pradeep_Automation_KarateAPI_test-api] INFO  o.eclipse.m2e.core.internal.Bundles - 	Entry: C:\Users\Dell\.p2\pool\plugins\org.apache.commons.cli_1.9.0.jar
2025-04-30 22:18:49,983 [Worker-57: Launching Executing clean in D__pradeep_Automation_KarateAPI_test-api] INFO  o.eclipse.m2e.core.internal.Bundles - getClasspathEntries(Bundle=org.apache.commons.commons-codec_1.16.0 [81])
2025-04-30 22:18:49,984 [Worker-57: Launching Executing clean in D__pradeep_Automation_KarateAPI_test-api] INFO  o.eclipse.m2e.core.internal.Bundles - 	Entry: C:\Users\Dell\.p2\pool\plugins\org.apache.commons.commons-codec_1.16.0.jar
2025-04-30 22:18:49,984 [Worker-57: Launching Executing clean in D__pradeep_Automation_KarateAPI_test-api] INFO  o.eclipse.m2e.core.internal.Bundles - getClasspathEntries(Bundle=com.google.guava.failureaccess_1.0.2 [17])
2025-04-30 22:18:49,985 [Worker-57: Launching Executing clean in D__pradeep_Automation_KarateAPI_test-api] INFO  o.eclipse.m2e.core.internal.Bundles - 	Entry: C:\Users\Dell\.p2\pool\plugins\com.google.guava.failureaccess_1.0.2.jar
2025-04-30 22:18:50,001 [Worker-57: Launching Executing clean in D__pradeep_Automation_KarateAPI_test-api] INFO  o.e.m.i.launch.MavenLaunchDelegate - Run build in "D:\pradeep\Automation\KarateAPI\test-api":
2025-04-30 22:18:50,003 [Worker-57: Launching Executing clean in D__pradeep_Automation_KarateAPI_test-api] INFO  o.e.m.i.launch.MavenLaunchDelegate -  mvn  -B -Dstyle.color=always clean
2025-04-30 22:18:53,524 [Worker-60: Building] WARN  o.a.m.s.f.DefaultMavenResourcesFiltering - Using platform encoding (UTF-8 actually) to copy filtered resources, i.e. build is platform dependent!
2025-04-30 22:18:53,530 [Worker-60: Building] INFO  o.a.m.s.f.DefaultMavenResourcesFiltering - Copying 0 resource from src\main\resources to target\classes
2025-04-30 22:18:53,532 [Worker-60: Building] WARN  o.a.m.s.f.DefaultMavenResourcesFiltering - Using platform encoding (UTF-8 actually) to copy filtered resources, i.e. build is platform dependent!
2025-04-30 22:18:53,563 [Worker-60: Building] INFO  o.a.m.s.f.DefaultMavenResourcesFiltering - Copying 0 resource from src\test\resources to target\test-classes
2025-04-30 22:19:16,536 [Worker-57: Launching Executing install in D__pradeep_Automation_KarateAPI_test-api] INFO  o.eclipse.m2e.core.internal.Bundles - getClasspathEntries(Bundle=org.eclipse.m2e.maven.runtime_3.9.900.20240824-1409 [642])
2025-04-30 22:19:16,538 [Worker-57: Launching Executing install in D__pradeep_Automation_KarateAPI_test-api] INFO  o.eclipse.m2e.core.internal.Bundles - 	Entry: C:\Users\Dell\.p2\pool\plugins\org.eclipse.m2e.maven.runtime_3.9.900.20240824-1409
2025-04-30 22:19:16,538 [Worker-57: Launching Executing install in D__pradeep_Automation_KarateAPI_test-api] INFO  o.eclipse.m2e.core.internal.Bundles - 	Entry: C:\Users\Dell\.p2\pool\plugins\org.eclipse.m2e.maven.runtime_3.9.900.20240824-1409\jars\aopalliance-1.0.jar
2025-04-30 22:19:16,538 [Worker-57: Launching Executing install in D__pradeep_Automation_KarateAPI_test-api] INFO  o.eclipse.m2e.core.internal.Bundles - 	Entry: C:\Users\Dell\.p2\pool\plugins\org.eclipse.m2e.maven.runtime_3.9.900.20240824-1409\jars\guice-5.1.0.jar
2025-04-30 22:19:16,538 [Worker-57: Launching Executing install in D__pradeep_Automation_KarateAPI_test-api] INFO  o.eclipse.m2e.core.internal.Bundles - 	Entry: C:\Users\Dell\.p2\pool\plugins\org.eclipse.m2e.maven.runtime_3.9.900.20240824-1409\jars\httpclient-4.5.14.jar
2025-04-30 22:19:16,539 [Worker-57: Launching Executing install in D__pradeep_Automation_KarateAPI_test-api] INFO  o.eclipse.m2e.core.internal.Bundles - 	Entry: C:\Users\Dell\.p2\pool\plugins\org.eclipse.m2e.maven.runtime_3.9.900.20240824-1409\jars\httpcore-4.4.16.jar
2025-04-30 22:19:16,539 [Worker-57: Launching Executing install in D__pradeep_Automation_KarateAPI_test-api] INFO  o.eclipse.m2e.core.internal.Bundles - 	Entry: C:\Users\Dell\.p2\pool\plugins\org.eclipse.m2e.maven.runtime_3.9.900.20240824-1409\jars\jansi-2.4.1.jar
2025-04-30 22:19:16,539 [Worker-57: Launching Executing install in D__pradeep_Automation_KarateAPI_test-api] INFO  o.eclipse.m2e.core.internal.Bundles - 	Entry: C:\Users\Dell\.p2\pool\plugins\org.eclipse.m2e.maven.runtime_3.9.900.20240824-1409\jars\jcl-over-slf4j-1.7.36.jar
2025-04-30 22:19:16,539 [Worker-57: Launching Executing install in D__pradeep_Automation_KarateAPI_test-api] INFO  o.eclipse.m2e.core.internal.Bundles - 	Entry: C:\Users\Dell\.p2\pool\plugins\org.eclipse.m2e.maven.runtime_3.9.900.20240824-1409\jars\maven-artifact-3.9.9.jar
2025-04-30 22:19:16,539 [Worker-57: Launching Executing install in D__pradeep_Automation_KarateAPI_test-api] INFO  o.eclipse.m2e.core.internal.Bundles - 	Entry: C:\Users\Dell\.p2\pool\plugins\org.eclipse.m2e.maven.runtime_3.9.900.20240824-1409\jars\maven-builder-support-3.9.9.jar
2025-04-30 22:19:16,539 [Worker-57: Launching Executing install in D__pradeep_Automation_KarateAPI_test-api] INFO  o.eclipse.m2e.core.internal.Bundles - 	Entry: C:\Users\Dell\.p2\pool\plugins\org.eclipse.m2e.maven.runtime_3.9.900.20240824-1409\jars\maven-compat-3.9.9.jar
2025-04-30 22:19:16,539 [Worker-57: Launching Executing install in D__pradeep_Automation_KarateAPI_test-api] INFO  o.eclipse.m2e.core.internal.Bundles - 	Entry: C:\Users\Dell\.p2\pool\plugins\org.eclipse.m2e.maven.runtime_3.9.900.20240824-1409\jars\maven-core-3.9.9.jar
2025-04-30 22:19:16,540 [Worker-57: Launching Executing install in D__pradeep_Automation_KarateAPI_test-api] INFO  o.eclipse.m2e.core.internal.Bundles - 	Entry: C:\Users\Dell\.p2\pool\plugins\org.eclipse.m2e.maven.runtime_3.9.900.20240824-1409\jars\maven-embedder-3.9.9.jar
2025-04-30 22:19:16,540 [Worker-57: Launching Executing install in D__pradeep_Automation_KarateAPI_test-api] INFO  o.eclipse.m2e.core.internal.Bundles - 	Entry: C:\Users\Dell\.p2\pool\plugins\org.eclipse.m2e.maven.runtime_3.9.900.20240824-1409\jars\maven-model-3.9.9.jar
2025-04-30 22:19:16,540 [Worker-57: Launching Executing install in D__pradeep_Automation_KarateAPI_test-api] INFO  o.eclipse.m2e.core.internal.Bundles - 	Entry: C:\Users\Dell\.p2\pool\plugins\org.eclipse.m2e.maven.runtime_3.9.900.20240824-1409\jars\maven-model-builder-3.9.9.jar
2025-04-30 22:19:16,540 [Worker-57: Launching Executing install in D__pradeep_Automation_KarateAPI_test-api] INFO  o.eclipse.m2e.core.internal.Bundles - 	Entry: C:\Users\Dell\.p2\pool\plugins\org.eclipse.m2e.maven.runtime_3.9.900.20240824-1409\jars\maven-plugin-api-3.9.9.jar
2025-04-30 22:19:16,540 [Worker-57: Launching Executing install in D__pradeep_Automation_KarateAPI_test-api] INFO  o.eclipse.m2e.core.internal.Bundles - 	Entry: C:\Users\Dell\.p2\pool\plugins\org.eclipse.m2e.maven.runtime_3.9.900.20240824-1409\jars\maven-repository-metadata-3.9.9.jar
2025-04-30 22:19:16,540 [Worker-57: Launching Executing install in D__pradeep_Automation_KarateAPI_test-api] INFO  o.eclipse.m2e.core.internal.Bundles - 	Entry: C:\Users\Dell\.p2\pool\plugins\org.eclipse.m2e.maven.runtime_3.9.900.20240824-1409\jars\maven-resolver-api-1.9.22.jar
2025-04-30 22:19:16,540 [Worker-57: Launching Executing install in D__pradeep_Automation_KarateAPI_test-api] INFO  o.eclipse.m2e.core.internal.Bundles - 	Entry: C:\Users\Dell\.p2\pool\plugins\org.eclipse.m2e.maven.runtime_3.9.900.20240824-1409\jars\maven-resolver-connector-basic-1.9.22.jar
2025-04-30 22:19:16,541 [Worker-57: Launching Executing install in D__pradeep_Automation_KarateAPI_test-api] INFO  o.eclipse.m2e.core.internal.Bundles - 	Entry: C:\Users\Dell\.p2\pool\plugins\org.eclipse.m2e.maven.runtime_3.9.900.20240824-1409\jars\maven-resolver-impl-1.9.22.jar
2025-04-30 22:19:16,541 [Worker-57: Launching Executing install in D__pradeep_Automation_KarateAPI_test-api] INFO  o.eclipse.m2e.core.internal.Bundles - 	Entry: C:\Users\Dell\.p2\pool\plugins\org.eclipse.m2e.maven.runtime_3.9.900.20240824-1409\jars\maven-resolver-named-locks-1.9.22.jar
2025-04-30 22:19:16,541 [Worker-57: Launching Executing install in D__pradeep_Automation_KarateAPI_test-api] INFO  o.eclipse.m2e.core.internal.Bundles - 	Entry: C:\Users\Dell\.p2\pool\plugins\org.eclipse.m2e.maven.runtime_3.9.900.20240824-1409\jars\maven-resolver-provider-3.9.9.jar
2025-04-30 22:19:16,541 [Worker-57: Launching Executing install in D__pradeep_Automation_KarateAPI_test-api] INFO  o.eclipse.m2e.core.internal.Bundles - 	Entry: C:\Users\Dell\.p2\pool\plugins\org.eclipse.m2e.maven.runtime_3.9.900.20240824-1409\jars\maven-resolver-spi-1.9.22.jar
2025-04-30 22:19:16,541 [Worker-57: Launching Executing install in D__pradeep_Automation_KarateAPI_test-api] INFO  o.eclipse.m2e.core.internal.Bundles - 	Entry: C:\Users\Dell\.p2\pool\plugins\org.eclipse.m2e.maven.runtime_3.9.900.20240824-1409\jars\maven-resolver-transport-file-1.9.22.jar
2025-04-30 22:19:16,541 [Worker-57: Launching Executing install in D__pradeep_Automation_KarateAPI_test-api] INFO  o.eclipse.m2e.core.internal.Bundles - 	Entry: C:\Users\Dell\.p2\pool\plugins\org.eclipse.m2e.maven.runtime_3.9.900.20240824-1409\jars\maven-resolver-transport-http-1.9.22.jar
2025-04-30 22:19:16,541 [Worker-57: Launching Executing install in D__pradeep_Automation_KarateAPI_test-api] INFO  o.eclipse.m2e.core.internal.Bundles - 	Entry: C:\Users\Dell\.p2\pool\plugins\org.eclipse.m2e.maven.runtime_3.9.900.20240824-1409\jars\maven-resolver-transport-wagon-1.9.22.jar
2025-04-30 22:19:16,541 [Worker-57: Launching Executing install in D__pradeep_Automation_KarateAPI_test-api] INFO  o.eclipse.m2e.core.internal.Bundles - 	Entry: C:\Users\Dell\.p2\pool\plugins\org.eclipse.m2e.maven.runtime_3.9.900.20240824-1409\jars\maven-resolver-util-1.9.22.jar
2025-04-30 22:19:16,543 [Worker-57: Launching Executing install in D__pradeep_Automation_KarateAPI_test-api] INFO  o.eclipse.m2e.core.internal.Bundles - 	Entry: C:\Users\Dell\.p2\pool\plugins\org.eclipse.m2e.maven.runtime_3.9.900.20240824-1409\jars\maven-settings-3.9.9.jar
2025-04-30 22:19:16,543 [Worker-57: Launching Executing install in D__pradeep_Automation_KarateAPI_test-api] INFO  o.eclipse.m2e.core.internal.Bundles - 	Entry: C:\Users\Dell\.p2\pool\plugins\org.eclipse.m2e.maven.runtime_3.9.900.20240824-1409\jars\maven-settings-builder-3.9.9.jar
2025-04-30 22:19:16,543 [Worker-57: Launching Executing install in D__pradeep_Automation_KarateAPI_test-api] INFO  o.eclipse.m2e.core.internal.Bundles - 	Entry: C:\Users\Dell\.p2\pool\plugins\org.eclipse.m2e.maven.runtime_3.9.900.20240824-1409\jars\maven-shared-utils-3.4.2.jar
2025-04-30 22:19:16,543 [Worker-57: Launching Executing install in D__pradeep_Automation_KarateAPI_test-api] INFO  o.eclipse.m2e.core.internal.Bundles - 	Entry: C:\Users\Dell\.p2\pool\plugins\org.eclipse.m2e.maven.runtime_3.9.900.20240824-1409\jars\org.eclipse.sisu.inject-0.9.0.M3.jar
2025-04-30 22:19:16,543 [Worker-57: Launching Executing install in D__pradeep_Automation_KarateAPI_test-api] INFO  o.eclipse.m2e.core.internal.Bundles - 	Entry: C:\Users\Dell\.p2\pool\plugins\org.eclipse.m2e.maven.runtime_3.9.900.20240824-1409\jars\org.eclipse.sisu.plexus-0.9.0.M3.jar
2025-04-30 22:19:16,544 [Worker-57: Launching Executing install in D__pradeep_Automation_KarateAPI_test-api] INFO  o.eclipse.m2e.core.internal.Bundles - 	Entry: C:\Users\Dell\.p2\pool\plugins\org.eclipse.m2e.maven.runtime_3.9.900.20240824-1409\jars\plexus-build-api-0.0.7.jar
2025-04-30 22:19:16,544 [Worker-57: Launching Executing install in D__pradeep_Automation_KarateAPI_test-api] INFO  o.eclipse.m2e.core.internal.Bundles - 	Entry: C:\Users\Dell\.p2\pool\plugins\org.eclipse.m2e.maven.runtime_3.9.900.20240824-1409\jars\plexus-build-api-1.2.0.jar
2025-04-30 22:19:16,544 [Worker-57: Launching Executing install in D__pradeep_Automation_KarateAPI_test-api] INFO  o.eclipse.m2e.core.internal.Bundles - 	Entry: C:\Users\Dell\.p2\pool\plugins\org.eclipse.m2e.maven.runtime_3.9.900.20240824-1409\jars\plexus-cipher-2.0.jar
2025-04-30 22:19:16,544 [Worker-57: Launching Executing install in D__pradeep_Automation_KarateAPI_test-api] INFO  o.eclipse.m2e.core.internal.Bundles - 	Entry: C:\Users\Dell\.p2\pool\plugins\org.eclipse.m2e.maven.runtime_3.9.900.20240824-1409\jars\plexus-classworlds-2.8.0.jar
2025-04-30 22:19:16,544 [Worker-57: Launching Executing install in D__pradeep_Automation_KarateAPI_test-api] INFO  o.eclipse.m2e.core.internal.Bundles - 	Entry: C:\Users\Dell\.p2\pool\plugins\org.eclipse.m2e.maven.runtime_3.9.900.20240824-1409\jars\plexus-component-annotations-2.1.0.jar
2025-04-30 22:19:16,544 [Worker-57: Launching Executing install in D__pradeep_Automation_KarateAPI_test-api] INFO  o.eclipse.m2e.core.internal.Bundles - 	Entry: C:\Users\Dell\.p2\pool\plugins\org.eclipse.m2e.maven.runtime_3.9.900.20240824-1409\jars\plexus-interpolation-1.27.jar
2025-04-30 22:19:16,545 [Worker-57: Launching Executing install in D__pradeep_Automation_KarateAPI_test-api] INFO  o.eclipse.m2e.core.internal.Bundles - 	Entry: C:\Users\Dell\.p2\pool\plugins\org.eclipse.m2e.maven.runtime_3.9.900.20240824-1409\jars\plexus-sec-dispatcher-2.0.jar
2025-04-30 22:19:16,545 [Worker-57: Launching Executing install in D__pradeep_Automation_KarateAPI_test-api] INFO  o.eclipse.m2e.core.internal.Bundles - 	Entry: C:\Users\Dell\.p2\pool\plugins\org.eclipse.m2e.maven.runtime_3.9.900.20240824-1409\jars\plexus-utils-3.5.1.jar
2025-04-30 22:19:16,545 [Worker-57: Launching Executing install in D__pradeep_Automation_KarateAPI_test-api] INFO  o.eclipse.m2e.core.internal.Bundles - 	Entry: C:\Users\Dell\.p2\pool\plugins\org.eclipse.m2e.maven.runtime_3.9.900.20240824-1409\jars\plexus-xml-3.0.1.jar
2025-04-30 22:19:16,545 [Worker-57: Launching Executing install in D__pradeep_Automation_KarateAPI_test-api] INFO  o.eclipse.m2e.core.internal.Bundles - 	Entry: C:\Users\Dell\.p2\pool\plugins\org.eclipse.m2e.maven.runtime_3.9.900.20240824-1409\jars\wagon-file-3.5.3.jar
2025-04-30 22:19:16,545 [Worker-57: Launching Executing install in D__pradeep_Automation_KarateAPI_test-api] INFO  o.eclipse.m2e.core.internal.Bundles - 	Entry: C:\Users\Dell\.p2\pool\plugins\org.eclipse.m2e.maven.runtime_3.9.900.20240824-1409\jars\wagon-http-3.5.3.jar
2025-04-30 22:19:16,545 [Worker-57: Launching Executing install in D__pradeep_Automation_KarateAPI_test-api] INFO  o.eclipse.m2e.core.internal.Bundles - 	Entry: C:\Users\Dell\.p2\pool\plugins\org.eclipse.m2e.maven.runtime_3.9.900.20240824-1409\jars\wagon-http-shared-3.5.3.jar
2025-04-30 22:19:16,546 [Worker-57: Launching Executing install in D__pradeep_Automation_KarateAPI_test-api] INFO  o.eclipse.m2e.core.internal.Bundles - 	Entry: C:\Users\Dell\.p2\pool\plugins\org.eclipse.m2e.maven.runtime_3.9.900.20240824-1409\jars\wagon-provider-api-3.5.3.jar
2025-04-30 22:19:16,546 [Worker-57: Launching Executing install in D__pradeep_Automation_KarateAPI_test-api] INFO  o.eclipse.m2e.core.internal.Bundles - getClasspathEntries(Bundle=com.google.guava_33.3.1.jre [1017])
2025-04-30 22:19:16,546 [Worker-57: Launching Executing install in D__pradeep_Automation_KarateAPI_test-api] INFO  o.eclipse.m2e.core.internal.Bundles - 	Entry: C:\Users\Dell\.p2\pool\plugins\com.google.guava_33.3.1.jre.jar
2025-04-30 22:19:16,546 [Worker-57: Launching Executing install in D__pradeep_Automation_KarateAPI_test-api] INFO  o.eclipse.m2e.core.internal.Bundles - getClasspathEntries(Bundle=slf4j.api_2.0.16 [1007])
2025-04-30 22:19:16,546 [Worker-57: Launching Executing install in D__pradeep_Automation_KarateAPI_test-api] INFO  o.eclipse.m2e.core.internal.Bundles - 	Entry: C:\Users\Dell\.p2\pool\plugins\slf4j.api_2.0.16.jar
2025-04-30 22:19:16,546 [Worker-57: Launching Executing install in D__pradeep_Automation_KarateAPI_test-api] INFO  o.eclipse.m2e.core.internal.Bundles - getClasspathEntries(Bundle=javax.inject_1.0.0.v20220405-0441 [1026])
2025-04-30 22:19:16,547 [Worker-57: Launching Executing install in D__pradeep_Automation_KarateAPI_test-api] INFO  o.eclipse.m2e.core.internal.Bundles - 	Entry: C:\Users\Dell\.p2\pool\plugins\javax.inject_1.0.0.v20220405-0441.jar
2025-04-30 22:19:16,547 [Worker-57: Launching Executing install in D__pradeep_Automation_KarateAPI_test-api] INFO  o.eclipse.m2e.core.internal.Bundles - getClasspathEntries(Bundle=javax.annotation_1.3.5.v20230504-0748 [1025])
2025-04-30 22:19:16,547 [Worker-57: Launching Executing install in D__pradeep_Automation_KarateAPI_test-api] INFO  o.eclipse.m2e.core.internal.Bundles - 	Entry: C:\Users\Dell\.p2\pool\plugins\javax.annotation_1.3.5.v20230504-0748.jar
2025-04-30 22:19:16,547 [Worker-57: Launching Executing install in D__pradeep_Automation_KarateAPI_test-api] INFO  o.eclipse.m2e.core.internal.Bundles - getClasspathEntries(Bundle=org.apache.commons.cli_1.9.0 [78])
2025-04-30 22:19:16,548 [Worker-57: Launching Executing install in D__pradeep_Automation_KarateAPI_test-api] INFO  o.eclipse.m2e.core.internal.Bundles - 	Entry: C:\Users\Dell\.p2\pool\plugins\org.apache.commons.cli_1.9.0.jar
2025-04-30 22:19:16,548 [Worker-57: Launching Executing install in D__pradeep_Automation_KarateAPI_test-api] INFO  o.eclipse.m2e.core.internal.Bundles - getClasspathEntries(Bundle=org.apache.commons.commons-codec_1.16.0 [81])
2025-04-30 22:19:16,548 [Worker-57: Launching Executing install in D__pradeep_Automation_KarateAPI_test-api] INFO  o.eclipse.m2e.core.internal.Bundles - 	Entry: C:\Users\Dell\.p2\pool\plugins\org.apache.commons.commons-codec_1.16.0.jar
2025-04-30 22:19:16,548 [Worker-57: Launching Executing install in D__pradeep_Automation_KarateAPI_test-api] INFO  o.eclipse.m2e.core.internal.Bundles - getClasspathEntries(Bundle=com.google.guava.failureaccess_1.0.2 [17])
2025-04-30 22:19:16,548 [Worker-57: Launching Executing install in D__pradeep_Automation_KarateAPI_test-api] INFO  o.eclipse.m2e.core.internal.Bundles - 	Entry: C:\Users\Dell\.p2\pool\plugins\com.google.guava.failureaccess_1.0.2.jar
2025-04-30 22:19:16,550 [Worker-57: Launching Executing install in D__pradeep_Automation_KarateAPI_test-api] INFO  o.e.m.i.launch.MavenLaunchDelegate - Run build in "D:\pradeep\Automation\KarateAPI\test-api":
2025-04-30 22:19:16,550 [Worker-57: Launching Executing install in D__pradeep_Automation_KarateAPI_test-api] INFO  o.e.m.i.launch.MavenLaunchDelegate -  mvn  -B -Dstyle.color=always install
2025-04-30 22:19:31,367 [Worker-60: Launching Executing clean in D__pradeep_Automation_KarateAPI_test-api] INFO  o.eclipse.m2e.core.internal.Bundles - getClasspathEntries(Bundle=org.eclipse.m2e.maven.runtime_3.9.900.20240824-1409 [642])
2025-04-30 22:19:31,368 [Worker-60: Launching Executing clean in D__pradeep_Automation_KarateAPI_test-api] INFO  o.eclipse.m2e.core.internal.Bundles - 	Entry: C:\Users\Dell\.p2\pool\plugins\org.eclipse.m2e.maven.runtime_3.9.900.20240824-1409
2025-04-30 22:19:31,369 [Worker-60: Launching Executing clean in D__pradeep_Automation_KarateAPI_test-api] INFO  o.eclipse.m2e.core.internal.Bundles - 	Entry: C:\Users\Dell\.p2\pool\plugins\org.eclipse.m2e.maven.runtime_3.9.900.20240824-1409\jars\aopalliance-1.0.jar
2025-04-30 22:19:31,369 [Worker-60: Launching Executing clean in D__pradeep_Automation_KarateAPI_test-api] INFO  o.eclipse.m2e.core.internal.Bundles - 	Entry: C:\Users\Dell\.p2\pool\plugins\org.eclipse.m2e.maven.runtime_3.9.900.20240824-1409\jars\guice-5.1.0.jar
2025-04-30 22:19:31,370 [Worker-60: Launching Executing clean in D__pradeep_Automation_KarateAPI_test-api] INFO  o.eclipse.m2e.core.internal.Bundles - 	Entry: C:\Users\Dell\.p2\pool\plugins\org.eclipse.m2e.maven.runtime_3.9.900.20240824-1409\jars\httpclient-4.5.14.jar
2025-04-30 22:19:31,370 [Worker-60: Launching Executing clean in D__pradeep_Automation_KarateAPI_test-api] INFO  o.eclipse.m2e.core.internal.Bundles - 	Entry: C:\Users\Dell\.p2\pool\plugins\org.eclipse.m2e.maven.runtime_3.9.900.20240824-1409\jars\httpcore-4.4.16.jar
2025-04-30 22:19:31,370 [Worker-60: Launching Executing clean in D__pradeep_Automation_KarateAPI_test-api] INFO  o.eclipse.m2e.core.internal.Bundles - 	Entry: C:\Users\Dell\.p2\pool\plugins\org.eclipse.m2e.maven.runtime_3.9.900.20240824-1409\jars\jansi-2.4.1.jar
2025-04-30 22:19:31,371 [Worker-60: Launching Executing clean in D__pradeep_Automation_KarateAPI_test-api] INFO  o.eclipse.m2e.core.internal.Bundles - 	Entry: C:\Users\Dell\.p2\pool\plugins\org.eclipse.m2e.maven.runtime_3.9.900.20240824-1409\jars\jcl-over-slf4j-1.7.36.jar
2025-04-30 22:19:31,371 [Worker-60: Launching Executing clean in D__pradeep_Automation_KarateAPI_test-api] INFO  o.eclipse.m2e.core.internal.Bundles - 	Entry: C:\Users\Dell\.p2\pool\plugins\org.eclipse.m2e.maven.runtime_3.9.900.20240824-1409\jars\maven-artifact-3.9.9.jar
2025-04-30 22:19:31,371 [Worker-60: Launching Executing clean in D__pradeep_Automation_KarateAPI_test-api] INFO  o.eclipse.m2e.core.internal.Bundles - 	Entry: C:\Users\Dell\.p2\pool\plugins\org.eclipse.m2e.maven.runtime_3.9.900.20240824-1409\jars\maven-builder-support-3.9.9.jar
2025-04-30 22:19:31,371 [Worker-60: Launching Executing clean in D__pradeep_Automation_KarateAPI_test-api] INFO  o.eclipse.m2e.core.internal.Bundles - 	Entry: C:\Users\Dell\.p2\pool\plugins\org.eclipse.m2e.maven.runtime_3.9.900.20240824-1409\jars\maven-compat-3.9.9.jar
2025-04-30 22:19:31,371 [Worker-60: Launching Executing clean in D__pradeep_Automation_KarateAPI_test-api] INFO  o.eclipse.m2e.core.internal.Bundles - 	Entry: C:\Users\Dell\.p2\pool\plugins\org.eclipse.m2e.maven.runtime_3.9.900.20240824-1409\jars\maven-core-3.9.9.jar
2025-04-30 22:19:31,371 [Worker-60: Launching Executing clean in D__pradeep_Automation_KarateAPI_test-api] INFO  o.eclipse.m2e.core.internal.Bundles - 	Entry: C:\Users\Dell\.p2\pool\plugins\org.eclipse.m2e.maven.runtime_3.9.900.20240824-1409\jars\maven-embedder-3.9.9.jar
2025-04-30 22:19:31,371 [Worker-60: Launching Executing clean in D__pradeep_Automation_KarateAPI_test-api] INFO  o.eclipse.m2e.core.internal.Bundles - 	Entry: C:\Users\Dell\.p2\pool\plugins\org.eclipse.m2e.maven.runtime_3.9.900.20240824-1409\jars\maven-model-3.9.9.jar
2025-04-30 22:19:31,372 [Worker-60: Launching Executing clean in D__pradeep_Automation_KarateAPI_test-api] INFO  o.eclipse.m2e.core.internal.Bundles - 	Entry: C:\Users\Dell\.p2\pool\plugins\org.eclipse.m2e.maven.runtime_3.9.900.20240824-1409\jars\maven-model-builder-3.9.9.jar
2025-04-30 22:19:31,372 [Worker-60: Launching Executing clean in D__pradeep_Automation_KarateAPI_test-api] INFO  o.eclipse.m2e.core.internal.Bundles - 	Entry: C:\Users\Dell\.p2\pool\plugins\org.eclipse.m2e.maven.runtime_3.9.900.20240824-1409\jars\maven-plugin-api-3.9.9.jar
2025-04-30 22:19:31,372 [Worker-60: Launching Executing clean in D__pradeep_Automation_KarateAPI_test-api] INFO  o.eclipse.m2e.core.internal.Bundles - 	Entry: C:\Users\Dell\.p2\pool\plugins\org.eclipse.m2e.maven.runtime_3.9.900.20240824-1409\jars\maven-repository-metadata-3.9.9.jar
2025-04-30 22:19:31,372 [Worker-60: Launching Executing clean in D__pradeep_Automation_KarateAPI_test-api] INFO  o.eclipse.m2e.core.internal.Bundles - 	Entry: C:\Users\Dell\.p2\pool\plugins\org.eclipse.m2e.maven.runtime_3.9.900.20240824-1409\jars\maven-resolver-api-1.9.22.jar
2025-04-30 22:19:31,372 [Worker-60: Launching Executing clean in D__pradeep_Automation_KarateAPI_test-api] INFO  o.eclipse.m2e.core.internal.Bundles - 	Entry: C:\Users\Dell\.p2\pool\plugins\org.eclipse.m2e.maven.runtime_3.9.900.20240824-1409\jars\maven-resolver-connector-basic-1.9.22.jar
2025-04-30 22:19:31,372 [Worker-60: Launching Executing clean in D__pradeep_Automation_KarateAPI_test-api] INFO  o.eclipse.m2e.core.internal.Bundles - 	Entry: C:\Users\Dell\.p2\pool\plugins\org.eclipse.m2e.maven.runtime_3.9.900.20240824-1409\jars\maven-resolver-impl-1.9.22.jar
2025-04-30 22:19:31,373 [Worker-60: Launching Executing clean in D__pradeep_Automation_KarateAPI_test-api] INFO  o.eclipse.m2e.core.internal.Bundles - 	Entry: C:\Users\Dell\.p2\pool\plugins\org.eclipse.m2e.maven.runtime_3.9.900.20240824-1409\jars\maven-resolver-named-locks-1.9.22.jar
2025-04-30 22:19:31,373 [Worker-60: Launching Executing clean in D__pradeep_Automation_KarateAPI_test-api] INFO  o.eclipse.m2e.core.internal.Bundles - 	Entry: C:\Users\Dell\.p2\pool\plugins\org.eclipse.m2e.maven.runtime_3.9.900.20240824-1409\jars\maven-resolver-provider-3.9.9.jar
2025-04-30 22:19:31,373 [Worker-60: Launching Executing clean in D__pradeep_Automation_KarateAPI_test-api] INFO  o.eclipse.m2e.core.internal.Bundles - 	Entry: C:\Users\Dell\.p2\pool\plugins\org.eclipse.m2e.maven.runtime_3.9.900.20240824-1409\jars\maven-resolver-spi-1.9.22.jar
2025-04-30 22:19:31,373 [Worker-60: Launching Executing clean in D__pradeep_Automation_KarateAPI_test-api] INFO  o.eclipse.m2e.core.internal.Bundles - 	Entry: C:\Users\Dell\.p2\pool\plugins\org.eclipse.m2e.maven.runtime_3.9.900.20240824-1409\jars\maven-resolver-transport-file-1.9.22.jar
2025-04-30 22:19:31,373 [Worker-60: Launching Executing clean in D__pradeep_Automation_KarateAPI_test-api] INFO  o.eclipse.m2e.core.internal.Bundles - 	Entry: C:\Users\Dell\.p2\pool\plugins\org.eclipse.m2e.maven.runtime_3.9.900.20240824-1409\jars\maven-resolver-transport-http-1.9.22.jar
2025-04-30 22:19:31,373 [Worker-60: Launching Executing clean in D__pradeep_Automation_KarateAPI_test-api] INFO  o.eclipse.m2e.core.internal.Bundles - 	Entry: C:\Users\Dell\.p2\pool\plugins\org.eclipse.m2e.maven.runtime_3.9.900.20240824-1409\jars\maven-resolver-transport-wagon-1.9.22.jar
2025-04-30 22:19:31,373 [Worker-60: Launching Executing clean in D__pradeep_Automation_KarateAPI_test-api] INFO  o.eclipse.m2e.core.internal.Bundles - 	Entry: C:\Users\Dell\.p2\pool\plugins\org.eclipse.m2e.maven.runtime_3.9.900.20240824-1409\jars\maven-resolver-util-1.9.22.jar
2025-04-30 22:19:31,374 [Worker-60: Launching Executing clean in D__pradeep_Automation_KarateAPI_test-api] INFO  o.eclipse.m2e.core.internal.Bundles - 	Entry: C:\Users\Dell\.p2\pool\plugins\org.eclipse.m2e.maven.runtime_3.9.900.20240824-1409\jars\maven-settings-3.9.9.jar
2025-04-30 22:19:31,374 [Worker-60: Launching Executing clean in D__pradeep_Automation_KarateAPI_test-api] INFO  o.eclipse.m2e.core.internal.Bundles - 	Entry: C:\Users\Dell\.p2\pool\plugins\org.eclipse.m2e.maven.runtime_3.9.900.20240824-1409\jars\maven-settings-builder-3.9.9.jar
2025-04-30 22:19:31,374 [Worker-60: Launching Executing clean in D__pradeep_Automation_KarateAPI_test-api] INFO  o.eclipse.m2e.core.internal.Bundles - 	Entry: C:\Users\Dell\.p2\pool\plugins\org.eclipse.m2e.maven.runtime_3.9.900.20240824-1409\jars\maven-shared-utils-3.4.2.jar
2025-04-30 22:19:31,374 [Worker-60: Launching Executing clean in D__pradeep_Automation_KarateAPI_test-api] INFO  o.eclipse.m2e.core.internal.Bundles - 	Entry: C:\Users\Dell\.p2\pool\plugins\org.eclipse.m2e.maven.runtime_3.9.900.20240824-1409\jars\org.eclipse.sisu.inject-0.9.0.M3.jar
2025-04-30 22:19:31,374 [Worker-60: Launching Executing clean in D__pradeep_Automation_KarateAPI_test-api] INFO  o.eclipse.m2e.core.internal.Bundles - 	Entry: C:\Users\Dell\.p2\pool\plugins\org.eclipse.m2e.maven.runtime_3.9.900.20240824-1409\jars\org.eclipse.sisu.plexus-0.9.0.M3.jar
2025-04-30 22:19:31,374 [Worker-60: Launching Executing clean in D__pradeep_Automation_KarateAPI_test-api] INFO  o.eclipse.m2e.core.internal.Bundles - 	Entry: C:\Users\Dell\.p2\pool\plugins\org.eclipse.m2e.maven.runtime_3.9.900.20240824-1409\jars\plexus-build-api-0.0.7.jar
2025-04-30 22:19:31,374 [Worker-60: Launching Executing clean in D__pradeep_Automation_KarateAPI_test-api] INFO  o.eclipse.m2e.core.internal.Bundles - 	Entry: C:\Users\Dell\.p2\pool\plugins\org.eclipse.m2e.maven.runtime_3.9.900.20240824-1409\jars\plexus-build-api-1.2.0.jar
2025-04-30 22:19:31,375 [Worker-60: Launching Executing clean in D__pradeep_Automation_KarateAPI_test-api] INFO  o.eclipse.m2e.core.internal.Bundles - 	Entry: C:\Users\Dell\.p2\pool\plugins\org.eclipse.m2e.maven.runtime_3.9.900.20240824-1409\jars\plexus-cipher-2.0.jar
2025-04-30 22:19:31,375 [Worker-60: Launching Executing clean in D__pradeep_Automation_KarateAPI_test-api] INFO  o.eclipse.m2e.core.internal.Bundles - 	Entry: C:\Users\Dell\.p2\pool\plugins\org.eclipse.m2e.maven.runtime_3.9.900.20240824-1409\jars\plexus-classworlds-2.8.0.jar
2025-04-30 22:19:31,375 [Worker-60: Launching Executing clean in D__pradeep_Automation_KarateAPI_test-api] INFO  o.eclipse.m2e.core.internal.Bundles - 	Entry: C:\Users\Dell\.p2\pool\plugins\org.eclipse.m2e.maven.runtime_3.9.900.20240824-1409\jars\plexus-component-annotations-2.1.0.jar
2025-04-30 22:19:31,376 [Worker-60: Launching Executing clean in D__pradeep_Automation_KarateAPI_test-api] INFO  o.eclipse.m2e.core.internal.Bundles - 	Entry: C:\Users\Dell\.p2\pool\plugins\org.eclipse.m2e.maven.runtime_3.9.900.20240824-1409\jars\plexus-interpolation-1.27.jar
2025-04-30 22:19:31,376 [Worker-60: Launching Executing clean in D__pradeep_Automation_KarateAPI_test-api] INFO  o.eclipse.m2e.core.internal.Bundles - 	Entry: C:\Users\Dell\.p2\pool\plugins\org.eclipse.m2e.maven.runtime_3.9.900.20240824-1409\jars\plexus-sec-dispatcher-2.0.jar
2025-04-30 22:19:31,376 [Worker-60: Launching Executing clean in D__pradeep_Automation_KarateAPI_test-api] INFO  o.eclipse.m2e.core.internal.Bundles - 	Entry: C:\Users\Dell\.p2\pool\plugins\org.eclipse.m2e.maven.runtime_3.9.900.20240824-1409\jars\plexus-utils-3.5.1.jar
2025-04-30 22:19:31,376 [Worker-60: Launching Executing clean in D__pradeep_Automation_KarateAPI_test-api] INFO  o.eclipse.m2e.core.internal.Bundles - 	Entry: C:\Users\Dell\.p2\pool\plugins\org.eclipse.m2e.maven.runtime_3.9.900.20240824-1409\jars\plexus-xml-3.0.1.jar
2025-04-30 22:19:31,376 [Worker-60: Launching Executing clean in D__pradeep_Automation_KarateAPI_test-api] INFO  o.eclipse.m2e.core.internal.Bundles - 	Entry: C:\Users\Dell\.p2\pool\plugins\org.eclipse.m2e.maven.runtime_3.9.900.20240824-1409\jars\wagon-file-3.5.3.jar
2025-04-30 22:19:31,377 [Worker-60: Launching Executing clean in D__pradeep_Automation_KarateAPI_test-api] INFO  o.eclipse.m2e.core.internal.Bundles - 	Entry: C:\Users\Dell\.p2\pool\plugins\org.eclipse.m2e.maven.runtime_3.9.900.20240824-1409\jars\wagon-http-3.5.3.jar
2025-04-30 22:19:31,377 [Worker-60: Launching Executing clean in D__pradeep_Automation_KarateAPI_test-api] INFO  o.eclipse.m2e.core.internal.Bundles - 	Entry: C:\Users\Dell\.p2\pool\plugins\org.eclipse.m2e.maven.runtime_3.9.900.20240824-1409\jars\wagon-http-shared-3.5.3.jar
2025-04-30 22:19:31,377 [Worker-60: Launching Executing clean in D__pradeep_Automation_KarateAPI_test-api] INFO  o.eclipse.m2e.core.internal.Bundles - 	Entry: C:\Users\Dell\.p2\pool\plugins\org.eclipse.m2e.maven.runtime_3.9.900.20240824-1409\jars\wagon-provider-api-3.5.3.jar
2025-04-30 22:19:31,377 [Worker-60: Launching Executing clean in D__pradeep_Automation_KarateAPI_test-api] INFO  o.eclipse.m2e.core.internal.Bundles - getClasspathEntries(Bundle=com.google.guava_33.3.1.jre [1017])
2025-04-30 22:19:31,378 [Worker-60: Launching Executing clean in D__pradeep_Automation_KarateAPI_test-api] INFO  o.eclipse.m2e.core.internal.Bundles - 	Entry: C:\Users\Dell\.p2\pool\plugins\com.google.guava_33.3.1.jre.jar
2025-04-30 22:19:31,378 [Worker-60: Launching Executing clean in D__pradeep_Automation_KarateAPI_test-api] INFO  o.eclipse.m2e.core.internal.Bundles - getClasspathEntries(Bundle=slf4j.api_2.0.16 [1007])
2025-04-30 22:19:31,379 [Worker-60: Launching Executing clean in D__pradeep_Automation_KarateAPI_test-api] INFO  o.eclipse.m2e.core.internal.Bundles - 	Entry: C:\Users\Dell\.p2\pool\plugins\slf4j.api_2.0.16.jar
2025-04-30 22:19:31,379 [Worker-60: Launching Executing clean in D__pradeep_Automation_KarateAPI_test-api] INFO  o.eclipse.m2e.core.internal.Bundles - getClasspathEntries(Bundle=javax.inject_1.0.0.v20220405-0441 [1026])
2025-04-30 22:19:31,379 [Worker-60: Launching Executing clean in D__pradeep_Automation_KarateAPI_test-api] INFO  o.eclipse.m2e.core.internal.Bundles - 	Entry: C:\Users\Dell\.p2\pool\plugins\javax.inject_1.0.0.v20220405-0441.jar
2025-04-30 22:19:31,379 [Worker-60: Launching Executing clean in D__pradeep_Automation_KarateAPI_test-api] INFO  o.eclipse.m2e.core.internal.Bundles - getClasspathEntries(Bundle=javax.annotation_1.3.5.v20230504-0748 [1025])
2025-04-30 22:19:31,380 [Worker-60: Launching Executing clean in D__pradeep_Automation_KarateAPI_test-api] INFO  o.eclipse.m2e.core.internal.Bundles - 	Entry: C:\Users\Dell\.p2\pool\plugins\javax.annotation_1.3.5.v20230504-0748.jar
2025-04-30 22:19:31,380 [Worker-60: Launching Executing clean in D__pradeep_Automation_KarateAPI_test-api] INFO  o.eclipse.m2e.core.internal.Bundles - getClasspathEntries(Bundle=org.apache.commons.cli_1.9.0 [78])
2025-04-30 22:19:31,380 [Worker-60: Launching Executing clean in D__pradeep_Automation_KarateAPI_test-api] INFO  o.eclipse.m2e.core.internal.Bundles - 	Entry: C:\Users\Dell\.p2\pool\plugins\org.apache.commons.cli_1.9.0.jar
2025-04-30 22:19:31,380 [Worker-60: Launching Executing clean in D__pradeep_Automation_KarateAPI_test-api] INFO  o.eclipse.m2e.core.internal.Bundles - getClasspathEntries(Bundle=org.apache.commons.commons-codec_1.16.0 [81])
2025-04-30 22:19:31,381 [Worker-60: Launching Executing clean in D__pradeep_Automation_KarateAPI_test-api] INFO  o.eclipse.m2e.core.internal.Bundles - 	Entry: C:\Users\Dell\.p2\pool\plugins\org.apache.commons.commons-codec_1.16.0.jar
2025-04-30 22:19:31,381 [Worker-60: Launching Executing clean in D__pradeep_Automation_KarateAPI_test-api] INFO  o.eclipse.m2e.core.internal.Bundles - getClasspathEntries(Bundle=com.google.guava.failureaccess_1.0.2 [17])
2025-04-30 22:19:31,381 [Worker-60: Launching Executing clean in D__pradeep_Automation_KarateAPI_test-api] INFO  o.eclipse.m2e.core.internal.Bundles - 	Entry: C:\Users\Dell\.p2\pool\plugins\com.google.guava.failureaccess_1.0.2.jar
2025-04-30 22:19:31,383 [Worker-60: Launching Executing clean in D__pradeep_Automation_KarateAPI_test-api] INFO  o.e.m.i.launch.MavenLaunchDelegate - Run build in "D:\pradeep\Automation\KarateAPI\test-api":
2025-04-30 22:19:31,383 [Worker-60: Launching Executing clean in D__pradeep_Automation_KarateAPI_test-api] INFO  o.e.m.i.launch.MavenLaunchDelegate -  mvn  -B -Dstyle.color=always clean
2025-04-30 22:19:34,212 [Worker-57: Building] WARN  o.a.m.s.f.DefaultMavenResourcesFiltering - Using platform encoding (UTF-8 actually) to copy filtered resources, i.e. build is platform dependent!
2025-04-30 22:19:34,214 [Worker-57: Building] INFO  o.a.m.s.f.DefaultMavenResourcesFiltering - Copying 0 resource from src\main\resources to target\classes
2025-04-30 22:19:34,216 [Worker-57: Building] WARN  o.a.m.s.f.DefaultMavenResourcesFiltering - Using platform encoding (UTF-8 actually) to copy filtered resources, i.e. build is platform dependent!
2025-04-30 22:19:34,217 [Worker-57: Building] INFO  o.a.m.s.f.DefaultMavenResourcesFiltering - Copying 0 resource from src\test\resources to target\test-classes
2025-04-30 22:20:00,254 [Worker-61: Updating Maven Project] INFO  o.e.m.c.i.p.ProjectConfigurationManager - Update started
2025-04-30 22:20:00,535 [Worker-61: Updating Maven Project] INFO  o.e.m.c.i.l.LifecycleMappingFactory - Using org.eclipse.m2e.jdt.JarLifecycleMapping lifecycle mapping for MavenProject: com.demo:test-api:0.0.1-SNAPSHOT @ D:\pradeep\Automation\KarateAPI\test-api\pom.xml.
2025-04-30 22:20:01,228 [Worker-61: Updating Maven Project] INFO  o.e.m.j.i.AbstractJavaProjectConfigurator - Adding source folder /test-api/src/main/java
2025-04-30 22:20:01,230 [Worker-61: Updating Maven Project] INFO  o.e.m.j.i.AbstractJavaProjectConfigurator - Adding resource folder /test-api/src/main/resources
2025-04-30 22:20:01,231 [Worker-61: Updating Maven Project] INFO  o.e.m.j.i.AbstractJavaProjectConfigurator - Adding source folder /test-api/src/test/java
2025-04-30 22:20:01,232 [Worker-61: Updating Maven Project] INFO  o.e.m.j.i.AbstractJavaProjectConfigurator - Adding resource folder /test-api/src/test/resources
2025-04-30 22:20:01,375 [Worker-61: Updating Maven Project] INFO  o.e.m.jdt.internal.UnitTestSupport - Reset launch configuration name: InventoryRunner
2025-04-30 22:20:01,375 [Worker-61: Updating Maven Project] INFO  o.e.m.jdt.internal.UnitTestSupport - Updating InventoryRunner from maven configuration
2025-04-30 22:20:03,416 [Worker-61: Updating Maven Project] INFO  o.e.m.c.i.p.ProjectConfigurationManager - Update completed for 1 poms: local refresh takes 0.00 sec, refresh facades takes 0.00 sec, update config takes 2.00 sec 
2025-04-30 22:20:03,618 [Worker-61: Building] WARN  o.a.m.s.f.DefaultMavenResourcesFiltering - Using platform encoding (UTF-8 actually) to copy filtered resources, i.e. build is platform dependent!
2025-04-30 22:20:03,621 [Worker-61: Building] INFO  o.a.m.s.f.DefaultMavenResourcesFiltering - Copying 0 resource from src\main\resources to target\classes
2025-04-30 22:20:03,625 [Worker-61: Building] WARN  o.a.m.s.f.DefaultMavenResourcesFiltering - Using platform encoding (UTF-8 actually) to copy filtered resources, i.e. build is platform dependent!
2025-04-30 22:20:03,627 [Worker-61: Building] INFO  o.a.m.s.f.DefaultMavenResourcesFiltering - Copying 0 resource from src\test\resources to target\test-classes
2025-04-30 22:24:36,179 [Worker-60: Building] INFO  o.e.m.c.i.l.LifecycleMappingFactory - Using org.eclipse.m2e.jdt.JarLifecycleMapping lifecycle mapping for MavenProject: com.demo:test-api:0.0.1-SNAPSHOT @ D:\pradeep\Automation\KarateAPI\test-api\pom.xml.
2025-04-30 22:24:36,785 [Worker-60: Building] INFO  o.e.m.c.i.e.AbstractTransferListenerAdapter - Downloaded https://repo.maven.apache.org/maven2/org/graalvm/truffle/truffle-api/1.4.1/truffle-api-1.4.1.pom
2025-04-30 22:24:36,787 [Worker-60: Building] WARN  o.e.m.c.i.embedder.EclipseLogger - The POM for org.graalvm.truffle:truffle-api:jar:1.4.1 is missing, no dependency information available
2025-04-30 22:24:36,981 [Worker-60: Building] INFO  o.e.m.c.i.e.AbstractTransferListenerAdapter - Downloaded https://repo.maven.apache.org/maven2/org/graalvm/truffle/truffle-api/1.4.1/truffle-api-1.4.1.jar
2025-04-30 22:24:37,634 [Worker-60: Building] WARN  o.a.m.s.f.DefaultMavenResourcesFiltering - Using platform encoding (UTF-8 actually) to copy filtered resources, i.e. build is platform dependent!
2025-04-30 22:24:37,643 [Worker-60: Building] INFO  o.a.m.s.f.DefaultMavenResourcesFiltering - Copying 0 resource from src\main\resources to target\classes
2025-04-30 22:24:37,649 [Worker-60: Building] WARN  o.a.m.s.f.DefaultMavenResourcesFiltering - Using platform encoding (UTF-8 actually) to copy filtered resources, i.e. build is platform dependent!
2025-04-30 22:24:37,651 [Worker-60: Building] INFO  o.a.m.s.f.DefaultMavenResourcesFiltering - Copying 0 resource from src\test\resources to target\test-classes
2025-04-30 22:24:38,786 [Worker-65: Download sources and javadoc] INFO  o.e.m.c.i.e.AbstractTransferListenerAdapter - Downloaded https://repo.maven.apache.org/maven2/org/graalvm/truffle/truffle-api/1.4.1/truffle-api-1.4.1-sources.jar
2025-04-30 22:24:38,791 [Worker-65: Download sources and javadoc] ERROR o.e.m.j.internal.DownloadSourcesJob - Could not download sources for org.graalvm.truffle:truffle-api:1.4.1
org.eclipse.core.runtime.CoreException: Could not resolve artifact org.graalvm.truffle:truffle-api:jar:sources:1.4.1
	at org.eclipse.m2e.core.internal.embedder.MavenImpl.lambda$7(MavenImpl.java:540)
	at org.eclipse.m2e.core.internal.embedder.MavenExecutionContext.executeBare(MavenExecutionContext.java:458)
	at org.eclipse.m2e.core.internal.embedder.MavenExecutionContext.execute(MavenExecutionContext.java:292)
	at org.eclipse.m2e.core.internal.embedder.MavenExecutionContext.execute(MavenExecutionContext.java:278)
	at org.eclipse.m2e.core.internal.embedder.MavenImpl.resolve(MavenImpl.java:509)
	at org.eclipse.m2e.core.internal.embedder.MavenImpl.resolve(MavenImpl.java:494)
	at org.eclipse.m2e.jdt.internal.DownloadSourcesJob.download(DownloadSourcesJob.java:308)
	at org.eclipse.m2e.jdt.internal.DownloadSourcesJob.downloadAttachments(DownloadSourcesJob.java:282)
	at org.eclipse.m2e.jdt.internal.DownloadSourcesJob.downloadMaven(DownloadSourcesJob.java:252)
	at org.eclipse.m2e.jdt.internal.DownloadSourcesJob.downloadFilesAndPopulateToUpdate(DownloadSourcesJob.java:220)
	at org.eclipse.m2e.jdt.internal.DownloadSourcesJob.lambda$0(DownloadSourcesJob.java:149)
	at org.eclipse.m2e.core.internal.embedder.MavenExecutionContext.executeBare(MavenExecutionContext.java:458)
	at org.eclipse.m2e.core.internal.embedder.MavenExecutionContext.execute(MavenExecutionContext.java:339)
	at org.eclipse.m2e.core.internal.embedder.MavenExecutionContext.execute(MavenExecutionContext.java:278)
	at org.eclipse.m2e.core.embedder.IMaven.execute(IMaven.java:300)
	at org.eclipse.m2e.jdt.internal.DownloadSourcesJob.run(DownloadSourcesJob.java:149)
	at org.eclipse.core.internal.jobs.Worker.run(Worker.java:63)
2025-04-30 22:24:46,295 [Worker-60: Updating Maven Project] INFO  o.e.m.c.i.p.ProjectConfigurationManager - Update started
2025-04-30 22:24:46,494 [Worker-60: Updating Maven Project] INFO  o.e.m.c.i.l.LifecycleMappingFactory - Using org.eclipse.m2e.jdt.JarLifecycleMapping lifecycle mapping for MavenProject: com.demo:test-api:0.0.1-SNAPSHOT @ D:\pradeep\Automation\KarateAPI\test-api\pom.xml.
2025-04-30 22:24:46,706 [Worker-60: Updating Maven Project] WARN  o.e.m.c.i.embedder.EclipseLogger - The POM for org.graalvm.truffle:truffle-api:jar:1.4.1 is missing, no dependency information available
2025-04-30 22:24:46,978 [Worker-60: Updating Maven Project] INFO  o.e.m.j.i.AbstractJavaProjectConfigurator - Adding source folder /test-api/src/main/java
2025-04-30 22:24:46,979 [Worker-60: Updating Maven Project] INFO  o.e.m.j.i.AbstractJavaProjectConfigurator - Adding resource folder /test-api/src/main/resources
2025-04-30 22:24:46,979 [Worker-60: Updating Maven Project] INFO  o.e.m.j.i.AbstractJavaProjectConfigurator - Adding source folder /test-api/src/test/java
2025-04-30 22:24:46,980 [Worker-60: Updating Maven Project] INFO  o.e.m.j.i.AbstractJavaProjectConfigurator - Adding resource folder /test-api/src/test/resources
2025-04-30 22:24:47,104 [Worker-60: Updating Maven Project] INFO  o.e.m.jdt.internal.UnitTestSupport - Reset launch configuration name: InventoryRunner
2025-04-30 22:24:47,104 [Worker-60: Updating Maven Project] INFO  o.e.m.jdt.internal.UnitTestSupport - Updating InventoryRunner from maven configuration
2025-04-30 22:24:47,438 [Worker-60: Updating Maven Project] INFO  o.e.m.c.i.p.ProjectConfigurationManager - Update completed for 1 poms: local refresh takes 0.00 sec, refresh facades takes 0.00 sec, update config takes 0.00 sec 
2025-04-30 22:24:47,609 [Worker-65: Building] WARN  o.a.m.s.f.DefaultMavenResourcesFiltering - Using platform encoding (UTF-8 actually) to copy filtered resources, i.e. build is platform dependent!
2025-04-30 22:24:47,610 [Worker-65: Building] INFO  o.a.m.s.f.DefaultMavenResourcesFiltering - Copying 0 resource from src\main\resources to target\classes
2025-04-30 22:24:47,612 [Worker-65: Building] WARN  o.a.m.s.f.DefaultMavenResourcesFiltering - Using platform encoding (UTF-8 actually) to copy filtered resources, i.e. build is platform dependent!
2025-04-30 22:24:47,613 [Worker-65: Building] INFO  o.a.m.s.f.DefaultMavenResourcesFiltering - Copying 0 resource from src\test\resources to target\test-classes
2025-04-30 22:24:48,495 [Worker-60: Download sources and javadoc] INFO  o.e.m.c.i.e.AbstractTransferListenerAdapter - Downloaded https://repo.maven.apache.org/maven2/org/graalvm/truffle/truffle-api/1.4.1/truffle-api-1.4.1-javadoc.jar
2025-04-30 22:24:48,499 [Worker-60: Download sources and javadoc] ERROR o.e.m.j.internal.DownloadSourcesJob - Could not download javadoc for org.graalvm.truffle:truffle-api:1.4.1
org.eclipse.core.runtime.CoreException: Could not resolve artifact org.graalvm.truffle:truffle-api:jar:javadoc:1.4.1
	at org.eclipse.m2e.core.internal.embedder.MavenImpl.lambda$7(MavenImpl.java:540)
	at org.eclipse.m2e.core.internal.embedder.MavenExecutionContext.executeBare(MavenExecutionContext.java:458)
	at org.eclipse.m2e.core.internal.embedder.MavenExecutionContext.execute(MavenExecutionContext.java:292)
	at org.eclipse.m2e.core.internal.embedder.MavenExecutionContext.execute(MavenExecutionContext.java:278)
	at org.eclipse.m2e.core.internal.embedder.MavenImpl.resolve(MavenImpl.java:509)
	at org.eclipse.m2e.core.internal.embedder.MavenImpl.resolve(MavenImpl.java:494)
	at org.eclipse.m2e.jdt.internal.DownloadSourcesJob.download(DownloadSourcesJob.java:308)
	at org.eclipse.m2e.jdt.internal.DownloadSourcesJob.downloadAttachments(DownloadSourcesJob.java:294)
	at org.eclipse.m2e.jdt.internal.DownloadSourcesJob.downloadMaven(DownloadSourcesJob.java:252)
	at org.eclipse.m2e.jdt.internal.DownloadSourcesJob.downloadFilesAndPopulateToUpdate(DownloadSourcesJob.java:220)
	at org.eclipse.m2e.jdt.internal.DownloadSourcesJob.lambda$0(DownloadSourcesJob.java:149)
	at org.eclipse.m2e.core.internal.embedder.MavenExecutionContext.executeBare(MavenExecutionContext.java:458)
	at org.eclipse.m2e.core.internal.embedder.MavenExecutionContext.execute(MavenExecutionContext.java:339)
	at org.eclipse.m2e.core.internal.embedder.MavenExecutionContext.execute(MavenExecutionContext.java:278)
	at org.eclipse.m2e.core.embedder.IMaven.execute(IMaven.java:300)
	at org.eclipse.m2e.jdt.internal.DownloadSourcesJob.run(DownloadSourcesJob.java:149)
	at org.eclipse.core.internal.jobs.Worker.run(Worker.java:63)
2025-04-30 22:25:09,484 [Worker-66: Building] INFO  o.e.m.c.i.l.LifecycleMappingFactory - Using org.eclipse.m2e.jdt.JarLifecycleMapping lifecycle mapping for MavenProject: com.demo:test-api:0.0.1-SNAPSHOT @ D:\pradeep\Automation\KarateAPI\test-api\pom.xml.
2025-04-30 22:25:09,919 [Worker-66: Building] WARN  o.a.m.s.f.DefaultMavenResourcesFiltering - Using platform encoding (UTF-8 actually) to copy filtered resources, i.e. build is platform dependent!
2025-04-30 22:25:09,921 [Worker-66: Building] INFO  o.a.m.s.f.DefaultMavenResourcesFiltering - Copying 0 resource from src\main\resources to target\classes
2025-04-30 22:25:09,924 [Worker-66: Building] WARN  o.a.m.s.f.DefaultMavenResourcesFiltering - Using platform encoding (UTF-8 actually) to copy filtered resources, i.e. build is platform dependent!
2025-04-30 22:25:09,925 [Worker-66: Building] INFO  o.a.m.s.f.DefaultMavenResourcesFiltering - Copying 0 resource from src\test\resources to target\test-classes
2025-04-30 22:25:11,468 [Worker-67: Building] WARN  o.a.m.s.f.DefaultMavenResourcesFiltering - Using platform encoding (UTF-8 actually) to copy filtered resources, i.e. build is platform dependent!
2025-04-30 22:25:11,470 [Worker-67: Building] INFO  o.a.m.s.f.DefaultMavenResourcesFiltering - Copying 0 resource from src\main\resources to target\classes
2025-04-30 22:25:11,473 [Worker-67: Building] WARN  o.a.m.s.f.DefaultMavenResourcesFiltering - Using platform encoding (UTF-8 actually) to copy filtered resources, i.e. build is platform dependent!
2025-04-30 22:25:11,474 [Worker-67: Building] INFO  o.a.m.s.f.DefaultMavenResourcesFiltering - Copying 0 resource from src\test\resources to target\test-classes
2025-04-30 22:26:29,732 [Worker-60: Building] INFO  o.e.m.c.i.l.LifecycleMappingFactory - Using org.eclipse.m2e.jdt.JarLifecycleMapping lifecycle mapping for MavenProject: com.demo:test-api:0.0.1-SNAPSHOT @ D:\pradeep\Automation\KarateAPI\test-api\pom.xml.
2025-04-30 22:26:30,329 [Worker-60: Building] INFO  o.e.m.c.i.e.AbstractTransferListenerAdapter - Downloading https://repo.maven.apache.org/maven2/org/graalvm/sdk/graal-sdk/21.3.0/graal-sdk-21.3.0.pom
2025-04-30 22:26:30,367 [Worker-60: Building] INFO  o.e.m.c.i.e.AbstractTransferListenerAdapter - Downloaded https://repo.maven.apache.org/maven2/org/graalvm/sdk/graal-sdk/21.3.0/graal-sdk-21.3.0.pom
2025-04-30 22:26:30,555 [Worker-60: Building] INFO  o.e.m.c.i.e.AbstractTransferListenerAdapter - Downloading https://repo.maven.apache.org/maven2/org/graalvm/sdk/graal-sdk/21.3.0/graal-sdk-21.3.0.jar
2025-04-30 22:26:31,477 [Worker-60: Building] INFO  o.e.m.c.i.e.AbstractTransferListenerAdapter - Downloaded https://repo.maven.apache.org/maven2/org/graalvm/sdk/graal-sdk/21.3.0/graal-sdk-21.3.0.jar
2025-04-30 22:26:31,671 [Worker-60: Building] WARN  o.a.m.s.f.DefaultMavenResourcesFiltering - Using platform encoding (UTF-8 actually) to copy filtered resources, i.e. build is platform dependent!
2025-04-30 22:26:31,675 [Worker-60: Building] INFO  o.a.m.s.f.DefaultMavenResourcesFiltering - Copying 0 resource from src\main\resources to target\classes
2025-04-30 22:26:31,679 [Worker-60: Building] WARN  o.a.m.s.f.DefaultMavenResourcesFiltering - Using platform encoding (UTF-8 actually) to copy filtered resources, i.e. build is platform dependent!
2025-04-30 22:26:31,800 [Worker-60: Building] INFO  o.a.m.s.f.DefaultMavenResourcesFiltering - Copying 0 resource from src\test\resources to target\test-classes
2025-04-30 22:26:33,172 [Worker-60: Building] WARN  o.a.m.s.f.DefaultMavenResourcesFiltering - Using platform encoding (UTF-8 actually) to copy filtered resources, i.e. build is platform dependent!
2025-04-30 22:26:33,173 [Worker-60: Building] INFO  o.a.m.s.f.DefaultMavenResourcesFiltering - Copying 0 resource from src\main\resources to target\classes
2025-04-30 22:26:33,175 [Worker-60: Building] WARN  o.a.m.s.f.DefaultMavenResourcesFiltering - Using platform encoding (UTF-8 actually) to copy filtered resources, i.e. build is platform dependent!
2025-04-30 22:26:33,179 [Worker-60: Building] INFO  o.a.m.s.f.DefaultMavenResourcesFiltering - Copying 0 resource from src\test\resources to target\test-classes
2025-04-30 22:26:33,261 [Worker-69: Download sources and javadoc] INFO  o.e.m.c.i.e.AbstractTransferListenerAdapter - Downloading https://repo.maven.apache.org/maven2/org/graalvm/sdk/graal-sdk/21.3.0/graal-sdk-21.3.0-sources.jar
2025-04-30 22:26:33,664 [Worker-69: Download sources and javadoc] INFO  o.e.m.c.i.e.AbstractTransferListenerAdapter - Downloaded https://repo.maven.apache.org/maven2/org/graalvm/sdk/graal-sdk/21.3.0/graal-sdk-21.3.0-sources.jar
2025-04-30 22:26:33,670 [Worker-69: Download sources and javadoc] INFO  o.e.m.j.internal.DownloadSourcesJob - Downloaded sources for org.graalvm.sdk:graal-sdk:21.3.0
2025-04-30 22:26:42,107 [Worker-68: Launching Executing clean in D__pradeep_Automation_KarateAPI_test-api] INFO  o.eclipse.m2e.core.internal.Bundles - getClasspathEntries(Bundle=org.eclipse.m2e.maven.runtime_3.9.900.20240824-1409 [642])
2025-04-30 22:26:42,108 [Worker-68: Launching Executing clean in D__pradeep_Automation_KarateAPI_test-api] INFO  o.eclipse.m2e.core.internal.Bundles - 	Entry: C:\Users\Dell\.p2\pool\plugins\org.eclipse.m2e.maven.runtime_3.9.900.20240824-1409
2025-04-30 22:26:42,108 [Worker-68: Launching Executing clean in D__pradeep_Automation_KarateAPI_test-api] INFO  o.eclipse.m2e.core.internal.Bundles - 	Entry: C:\Users\Dell\.p2\pool\plugins\org.eclipse.m2e.maven.runtime_3.9.900.20240824-1409\jars\aopalliance-1.0.jar
2025-04-30 22:26:42,108 [Worker-68: Launching Executing clean in D__pradeep_Automation_KarateAPI_test-api] INFO  o.eclipse.m2e.core.internal.Bundles - 	Entry: C:\Users\Dell\.p2\pool\plugins\org.eclipse.m2e.maven.runtime_3.9.900.20240824-1409\jars\guice-5.1.0.jar
2025-04-30 22:26:42,108 [Worker-68: Launching Executing clean in D__pradeep_Automation_KarateAPI_test-api] INFO  o.eclipse.m2e.core.internal.Bundles - 	Entry: C:\Users\Dell\.p2\pool\plugins\org.eclipse.m2e.maven.runtime_3.9.900.20240824-1409\jars\httpclient-4.5.14.jar
2025-04-30 22:26:42,108 [Worker-68: Launching Executing clean in D__pradeep_Automation_KarateAPI_test-api] INFO  o.eclipse.m2e.core.internal.Bundles - 	Entry: C:\Users\Dell\.p2\pool\plugins\org.eclipse.m2e.maven.runtime_3.9.900.20240824-1409\jars\httpcore-4.4.16.jar
2025-04-30 22:26:42,108 [Worker-68: Launching Executing clean in D__pradeep_Automation_KarateAPI_test-api] INFO  o.eclipse.m2e.core.internal.Bundles - 	Entry: C:\Users\Dell\.p2\pool\plugins\org.eclipse.m2e.maven.runtime_3.9.900.20240824-1409\jars\jansi-2.4.1.jar
2025-04-30 22:26:42,109 [Worker-68: Launching Executing clean in D__pradeep_Automation_KarateAPI_test-api] INFO  o.eclipse.m2e.core.internal.Bundles - 	Entry: C:\Users\Dell\.p2\pool\plugins\org.eclipse.m2e.maven.runtime_3.9.900.20240824-1409\jars\jcl-over-slf4j-1.7.36.jar
2025-04-30 22:26:42,109 [Worker-68: Launching Executing clean in D__pradeep_Automation_KarateAPI_test-api] INFO  o.eclipse.m2e.core.internal.Bundles - 	Entry: C:\Users\Dell\.p2\pool\plugins\org.eclipse.m2e.maven.runtime_3.9.900.20240824-1409\jars\maven-artifact-3.9.9.jar
2025-04-30 22:26:42,109 [Worker-68: Launching Executing clean in D__pradeep_Automation_KarateAPI_test-api] INFO  o.eclipse.m2e.core.internal.Bundles - 	Entry: C:\Users\Dell\.p2\pool\plugins\org.eclipse.m2e.maven.runtime_3.9.900.20240824-1409\jars\maven-builder-support-3.9.9.jar
2025-04-30 22:26:42,109 [Worker-68: Launching Executing clean in D__pradeep_Automation_KarateAPI_test-api] INFO  o.eclipse.m2e.core.internal.Bundles - 	Entry: C:\Users\Dell\.p2\pool\plugins\org.eclipse.m2e.maven.runtime_3.9.900.20240824-1409\jars\maven-compat-3.9.9.jar
2025-04-30 22:26:42,109 [Worker-68: Launching Executing clean in D__pradeep_Automation_KarateAPI_test-api] INFO  o.eclipse.m2e.core.internal.Bundles - 	Entry: C:\Users\Dell\.p2\pool\plugins\org.eclipse.m2e.maven.runtime_3.9.900.20240824-1409\jars\maven-core-3.9.9.jar
2025-04-30 22:26:42,109 [Worker-68: Launching Executing clean in D__pradeep_Automation_KarateAPI_test-api] INFO  o.eclipse.m2e.core.internal.Bundles - 	Entry: C:\Users\Dell\.p2\pool\plugins\org.eclipse.m2e.maven.runtime_3.9.900.20240824-1409\jars\maven-embedder-3.9.9.jar
2025-04-30 22:26:42,109 [Worker-68: Launching Executing clean in D__pradeep_Automation_KarateAPI_test-api] INFO  o.eclipse.m2e.core.internal.Bundles - 	Entry: C:\Users\Dell\.p2\pool\plugins\org.eclipse.m2e.maven.runtime_3.9.900.20240824-1409\jars\maven-model-3.9.9.jar
2025-04-30 22:26:42,110 [Worker-68: Launching Executing clean in D__pradeep_Automation_KarateAPI_test-api] INFO  o.eclipse.m2e.core.internal.Bundles - 	Entry: C:\Users\Dell\.p2\pool\plugins\org.eclipse.m2e.maven.runtime_3.9.900.20240824-1409\jars\maven-model-builder-3.9.9.jar
2025-04-30 22:26:42,110 [Worker-68: Launching Executing clean in D__pradeep_Automation_KarateAPI_test-api] INFO  o.eclipse.m2e.core.internal.Bundles - 	Entry: C:\Users\Dell\.p2\pool\plugins\org.eclipse.m2e.maven.runtime_3.9.900.20240824-1409\jars\maven-plugin-api-3.9.9.jar
2025-04-30 22:26:42,110 [Worker-68: Launching Executing clean in D__pradeep_Automation_KarateAPI_test-api] INFO  o.eclipse.m2e.core.internal.Bundles - 	Entry: C:\Users\Dell\.p2\pool\plugins\org.eclipse.m2e.maven.runtime_3.9.900.20240824-1409\jars\maven-repository-metadata-3.9.9.jar
2025-04-30 22:26:42,110 [Worker-68: Launching Executing clean in D__pradeep_Automation_KarateAPI_test-api] INFO  o.eclipse.m2e.core.internal.Bundles - 	Entry: C:\Users\Dell\.p2\pool\plugins\org.eclipse.m2e.maven.runtime_3.9.900.20240824-1409\jars\maven-resolver-api-1.9.22.jar
2025-04-30 22:26:42,110 [Worker-68: Launching Executing clean in D__pradeep_Automation_KarateAPI_test-api] INFO  o.eclipse.m2e.core.internal.Bundles - 	Entry: C:\Users\Dell\.p2\pool\plugins\org.eclipse.m2e.maven.runtime_3.9.900.20240824-1409\jars\maven-resolver-connector-basic-1.9.22.jar
2025-04-30 22:26:42,110 [Worker-68: Launching Executing clean in D__pradeep_Automation_KarateAPI_test-api] INFO  o.eclipse.m2e.core.internal.Bundles - 	Entry: C:\Users\Dell\.p2\pool\plugins\org.eclipse.m2e.maven.runtime_3.9.900.20240824-1409\jars\maven-resolver-impl-1.9.22.jar
2025-04-30 22:26:42,110 [Worker-68: Launching Executing clean in D__pradeep_Automation_KarateAPI_test-api] INFO  o.eclipse.m2e.core.internal.Bundles - 	Entry: C:\Users\Dell\.p2\pool\plugins\org.eclipse.m2e.maven.runtime_3.9.900.20240824-1409\jars\maven-resolver-named-locks-1.9.22.jar
2025-04-30 22:26:42,110 [Worker-68: Launching Executing clean in D__pradeep_Automation_KarateAPI_test-api] INFO  o.eclipse.m2e.core.internal.Bundles - 	Entry: C:\Users\Dell\.p2\pool\plugins\org.eclipse.m2e.maven.runtime_3.9.900.20240824-1409\jars\maven-resolver-provider-3.9.9.jar
2025-04-30 22:26:42,110 [Worker-68: Launching Executing clean in D__pradeep_Automation_KarateAPI_test-api] INFO  o.eclipse.m2e.core.internal.Bundles - 	Entry: C:\Users\Dell\.p2\pool\plugins\org.eclipse.m2e.maven.runtime_3.9.900.20240824-1409\jars\maven-resolver-spi-1.9.22.jar
2025-04-30 22:26:42,112 [Worker-68: Launching Executing clean in D__pradeep_Automation_KarateAPI_test-api] INFO  o.eclipse.m2e.core.internal.Bundles - 	Entry: C:\Users\Dell\.p2\pool\plugins\org.eclipse.m2e.maven.runtime_3.9.900.20240824-1409\jars\maven-resolver-transport-file-1.9.22.jar
2025-04-30 22:26:42,112 [Worker-68: Launching Executing clean in D__pradeep_Automation_KarateAPI_test-api] INFO  o.eclipse.m2e.core.internal.Bundles - 	Entry: C:\Users\Dell\.p2\pool\plugins\org.eclipse.m2e.maven.runtime_3.9.900.20240824-1409\jars\maven-resolver-transport-http-1.9.22.jar
2025-04-30 22:26:42,112 [Worker-68: Launching Executing clean in D__pradeep_Automation_KarateAPI_test-api] INFO  o.eclipse.m2e.core.internal.Bundles - 	Entry: C:\Users\Dell\.p2\pool\plugins\org.eclipse.m2e.maven.runtime_3.9.900.20240824-1409\jars\maven-resolver-transport-wagon-1.9.22.jar
2025-04-30 22:26:42,112 [Worker-68: Launching Executing clean in D__pradeep_Automation_KarateAPI_test-api] INFO  o.eclipse.m2e.core.internal.Bundles - 	Entry: C:\Users\Dell\.p2\pool\plugins\org.eclipse.m2e.maven.runtime_3.9.900.20240824-1409\jars\maven-resolver-util-1.9.22.jar
2025-04-30 22:26:42,112 [Worker-68: Launching Executing clean in D__pradeep_Automation_KarateAPI_test-api] INFO  o.eclipse.m2e.core.internal.Bundles - 	Entry: C:\Users\Dell\.p2\pool\plugins\org.eclipse.m2e.maven.runtime_3.9.900.20240824-1409\jars\maven-settings-3.9.9.jar
2025-04-30 22:26:42,112 [Worker-68: Launching Executing clean in D__pradeep_Automation_KarateAPI_test-api] INFO  o.eclipse.m2e.core.internal.Bundles - 	Entry: C:\Users\Dell\.p2\pool\plugins\org.eclipse.m2e.maven.runtime_3.9.900.20240824-1409\jars\maven-settings-builder-3.9.9.jar
2025-04-30 22:26:42,112 [Worker-68: Launching Executing clean in D__pradeep_Automation_KarateAPI_test-api] INFO  o.eclipse.m2e.core.internal.Bundles - 	Entry: C:\Users\Dell\.p2\pool\plugins\org.eclipse.m2e.maven.runtime_3.9.900.20240824-1409\jars\maven-shared-utils-3.4.2.jar
2025-04-30 22:26:42,112 [Worker-68: Launching Executing clean in D__pradeep_Automation_KarateAPI_test-api] INFO  o.eclipse.m2e.core.internal.Bundles - 	Entry: C:\Users\Dell\.p2\pool\plugins\org.eclipse.m2e.maven.runtime_3.9.900.20240824-1409\jars\org.eclipse.sisu.inject-0.9.0.M3.jar
2025-04-30 22:26:42,112 [Worker-68: Launching Executing clean in D__pradeep_Automation_KarateAPI_test-api] INFO  o.eclipse.m2e.core.internal.Bundles - 	Entry: C:\Users\Dell\.p2\pool\plugins\org.eclipse.m2e.maven.runtime_3.9.900.20240824-1409\jars\org.eclipse.sisu.plexus-0.9.0.M3.jar
2025-04-30 22:26:42,113 [Worker-68: Launching Executing clean in D__pradeep_Automation_KarateAPI_test-api] INFO  o.eclipse.m2e.core.internal.Bundles - 	Entry: C:\Users\Dell\.p2\pool\plugins\org.eclipse.m2e.maven.runtime_3.9.900.20240824-1409\jars\plexus-build-api-0.0.7.jar
2025-04-30 22:26:42,113 [Worker-68: Launching Executing clean in D__pradeep_Automation_KarateAPI_test-api] INFO  o.eclipse.m2e.core.internal.Bundles - 	Entry: C:\Users\Dell\.p2\pool\plugins\org.eclipse.m2e.maven.runtime_3.9.900.20240824-1409\jars\plexus-build-api-1.2.0.jar
2025-04-30 22:26:42,113 [Worker-68: Launching Executing clean in D__pradeep_Automation_KarateAPI_test-api] INFO  o.eclipse.m2e.core.internal.Bundles - 	Entry: C:\Users\Dell\.p2\pool\plugins\org.eclipse.m2e.maven.runtime_3.9.900.20240824-1409\jars\plexus-cipher-2.0.jar
2025-04-30 22:26:42,113 [Worker-68: Launching Executing clean in D__pradeep_Automation_KarateAPI_test-api] INFO  o.eclipse.m2e.core.internal.Bundles - 	Entry: C:\Users\Dell\.p2\pool\plugins\org.eclipse.m2e.maven.runtime_3.9.900.20240824-1409\jars\plexus-classworlds-2.8.0.jar
2025-04-30 22:26:42,113 [Worker-68: Launching Executing clean in D__pradeep_Automation_KarateAPI_test-api] INFO  o.eclipse.m2e.core.internal.Bundles - 	Entry: C:\Users\Dell\.p2\pool\plugins\org.eclipse.m2e.maven.runtime_3.9.900.20240824-1409\jars\plexus-component-annotations-2.1.0.jar
2025-04-30 22:26:42,113 [Worker-68: Launching Executing clean in D__pradeep_Automation_KarateAPI_test-api] INFO  o.eclipse.m2e.core.internal.Bundles - 	Entry: C:\Users\Dell\.p2\pool\plugins\org.eclipse.m2e.maven.runtime_3.9.900.20240824-1409\jars\plexus-interpolation-1.27.jar
2025-04-30 22:26:42,113 [Worker-68: Launching Executing clean in D__pradeep_Automation_KarateAPI_test-api] INFO  o.eclipse.m2e.core.internal.Bundles - 	Entry: C:\Users\Dell\.p2\pool\plugins\org.eclipse.m2e.maven.runtime_3.9.900.20240824-1409\jars\plexus-sec-dispatcher-2.0.jar
2025-04-30 22:26:42,113 [Worker-68: Launching Executing clean in D__pradeep_Automation_KarateAPI_test-api] INFO  o.eclipse.m2e.core.internal.Bundles - 	Entry: C:\Users\Dell\.p2\pool\plugins\org.eclipse.m2e.maven.runtime_3.9.900.20240824-1409\jars\plexus-utils-3.5.1.jar
2025-04-30 22:26:42,113 [Worker-68: Launching Executing clean in D__pradeep_Automation_KarateAPI_test-api] INFO  o.eclipse.m2e.core.internal.Bundles - 	Entry: C:\Users\Dell\.p2\pool\plugins\org.eclipse.m2e.maven.runtime_3.9.900.20240824-1409\jars\plexus-xml-3.0.1.jar
2025-04-30 22:26:42,113 [Worker-68: Launching Executing clean in D__pradeep_Automation_KarateAPI_test-api] INFO  o.eclipse.m2e.core.internal.Bundles - 	Entry: C:\Users\Dell\.p2\pool\plugins\org.eclipse.m2e.maven.runtime_3.9.900.20240824-1409\jars\wagon-file-3.5.3.jar
2025-04-30 22:26:42,114 [Worker-68: Launching Executing clean in D__pradeep_Automation_KarateAPI_test-api] INFO  o.eclipse.m2e.core.internal.Bundles - 	Entry: C:\Users\Dell\.p2\pool\plugins\org.eclipse.m2e.maven.runtime_3.9.900.20240824-1409\jars\wagon-http-3.5.3.jar
2025-04-30 22:26:42,114 [Worker-68: Launching Executing clean in D__pradeep_Automation_KarateAPI_test-api] INFO  o.eclipse.m2e.core.internal.Bundles - 	Entry: C:\Users\Dell\.p2\pool\plugins\org.eclipse.m2e.maven.runtime_3.9.900.20240824-1409\jars\wagon-http-shared-3.5.3.jar
2025-04-30 22:26:42,114 [Worker-68: Launching Executing clean in D__pradeep_Automation_KarateAPI_test-api] INFO  o.eclipse.m2e.core.internal.Bundles - 	Entry: C:\Users\Dell\.p2\pool\plugins\org.eclipse.m2e.maven.runtime_3.9.900.20240824-1409\jars\wagon-provider-api-3.5.3.jar
2025-04-30 22:26:42,114 [Worker-68: Launching Executing clean in D__pradeep_Automation_KarateAPI_test-api] INFO  o.eclipse.m2e.core.internal.Bundles - getClasspathEntries(Bundle=com.google.guava_33.3.1.jre [1017])
2025-04-30 22:26:42,115 [Worker-68: Launching Executing clean in D__pradeep_Automation_KarateAPI_test-api] INFO  o.eclipse.m2e.core.internal.Bundles - 	Entry: C:\Users\Dell\.p2\pool\plugins\com.google.guava_33.3.1.jre.jar
2025-04-30 22:26:42,115 [Worker-68: Launching Executing clean in D__pradeep_Automation_KarateAPI_test-api] INFO  o.eclipse.m2e.core.internal.Bundles - getClasspathEntries(Bundle=slf4j.api_2.0.16 [1007])
2025-04-30 22:26:42,115 [Worker-68: Launching Executing clean in D__pradeep_Automation_KarateAPI_test-api] INFO  o.eclipse.m2e.core.internal.Bundles - 	Entry: C:\Users\Dell\.p2\pool\plugins\slf4j.api_2.0.16.jar
2025-04-30 22:26:42,115 [Worker-68: Launching Executing clean in D__pradeep_Automation_KarateAPI_test-api] INFO  o.eclipse.m2e.core.internal.Bundles - getClasspathEntries(Bundle=javax.inject_1.0.0.v20220405-0441 [1026])
2025-04-30 22:26:42,115 [Worker-68: Launching Executing clean in D__pradeep_Automation_KarateAPI_test-api] INFO  o.eclipse.m2e.core.internal.Bundles - 	Entry: C:\Users\Dell\.p2\pool\plugins\javax.inject_1.0.0.v20220405-0441.jar
2025-04-30 22:26:42,115 [Worker-68: Launching Executing clean in D__pradeep_Automation_KarateAPI_test-api] INFO  o.eclipse.m2e.core.internal.Bundles - getClasspathEntries(Bundle=javax.annotation_1.3.5.v20230504-0748 [1025])
2025-04-30 22:26:42,116 [Worker-68: Launching Executing clean in D__pradeep_Automation_KarateAPI_test-api] INFO  o.eclipse.m2e.core.internal.Bundles - 	Entry: C:\Users\Dell\.p2\pool\plugins\javax.annotation_1.3.5.v20230504-0748.jar
2025-04-30 22:26:42,116 [Worker-68: Launching Executing clean in D__pradeep_Automation_KarateAPI_test-api] INFO  o.eclipse.m2e.core.internal.Bundles - getClasspathEntries(Bundle=org.apache.commons.cli_1.9.0 [78])
2025-04-30 22:26:42,116 [Worker-68: Launching Executing clean in D__pradeep_Automation_KarateAPI_test-api] INFO  o.eclipse.m2e.core.internal.Bundles - 	Entry: C:\Users\Dell\.p2\pool\plugins\org.apache.commons.cli_1.9.0.jar
2025-04-30 22:26:42,116 [Worker-68: Launching Executing clean in D__pradeep_Automation_KarateAPI_test-api] INFO  o.eclipse.m2e.core.internal.Bundles - getClasspathEntries(Bundle=org.apache.commons.commons-codec_1.16.0 [81])
2025-04-30 22:26:42,117 [Worker-68: Launching Executing clean in D__pradeep_Automation_KarateAPI_test-api] INFO  o.eclipse.m2e.core.internal.Bundles - 	Entry: C:\Users\Dell\.p2\pool\plugins\org.apache.commons.commons-codec_1.16.0.jar
2025-04-30 22:26:42,117 [Worker-68: Launching Executing clean in D__pradeep_Automation_KarateAPI_test-api] INFO  o.eclipse.m2e.core.internal.Bundles - getClasspathEntries(Bundle=com.google.guava.failureaccess_1.0.2 [17])
2025-04-30 22:26:42,117 [Worker-68: Launching Executing clean in D__pradeep_Automation_KarateAPI_test-api] INFO  o.eclipse.m2e.core.internal.Bundles - 	Entry: C:\Users\Dell\.p2\pool\plugins\com.google.guava.failureaccess_1.0.2.jar
2025-04-30 22:26:42,118 [Worker-68: Launching Executing clean in D__pradeep_Automation_KarateAPI_test-api] INFO  o.e.m.i.launch.MavenLaunchDelegate - Run build in "D:\pradeep\Automation\KarateAPI\test-api":
2025-04-30 22:26:42,119 [Worker-68: Launching Executing clean in D__pradeep_Automation_KarateAPI_test-api] INFO  o.e.m.i.launch.MavenLaunchDelegate -  mvn  -B -Dstyle.color=always clean
2025-04-30 22:26:44,644 [Worker-60: Building] WARN  o.a.m.s.f.DefaultMavenResourcesFiltering - Using platform encoding (UTF-8 actually) to copy filtered resources, i.e. build is platform dependent!
2025-04-30 22:26:44,645 [Worker-60: Building] INFO  o.a.m.s.f.DefaultMavenResourcesFiltering - Copying 0 resource from src\main\resources to target\classes
2025-04-30 22:26:44,647 [Worker-60: Building] WARN  o.a.m.s.f.DefaultMavenResourcesFiltering - Using platform encoding (UTF-8 actually) to copy filtered resources, i.e. build is platform dependent!
2025-04-30 22:26:44,648 [Worker-60: Building] INFO  o.a.m.s.f.DefaultMavenResourcesFiltering - Copying 0 resource from src\test\resources to target\test-classes
2025-04-30 22:26:54,734 [Worker-67: Updating Maven Project] INFO  o.e.m.c.i.p.ProjectConfigurationManager - Update started
2025-04-30 22:26:54,933 [Worker-67: Updating Maven Project] INFO  o.e.m.c.i.l.LifecycleMappingFactory - Using org.eclipse.m2e.jdt.JarLifecycleMapping lifecycle mapping for MavenProject: com.demo:test-api:0.0.1-SNAPSHOT @ D:\pradeep\Automation\KarateAPI\test-api\pom.xml.
2025-04-30 22:26:55,380 [Worker-67: Updating Maven Project] INFO  o.e.m.j.i.AbstractJavaProjectConfigurator - Adding source folder /test-api/src/main/java
2025-04-30 22:26:55,381 [Worker-67: Updating Maven Project] INFO  o.e.m.j.i.AbstractJavaProjectConfigurator - Adding resource folder /test-api/src/main/resources
2025-04-30 22:26:55,381 [Worker-67: Updating Maven Project] INFO  o.e.m.j.i.AbstractJavaProjectConfigurator - Adding source folder /test-api/src/test/java
2025-04-30 22:26:55,382 [Worker-67: Updating Maven Project] INFO  o.e.m.j.i.AbstractJavaProjectConfigurator - Adding resource folder /test-api/src/test/resources
2025-04-30 22:26:55,508 [Worker-67: Updating Maven Project] INFO  o.e.m.jdt.internal.UnitTestSupport - Reset launch configuration name: InventoryRunner
2025-04-30 22:26:55,508 [Worker-67: Updating Maven Project] INFO  o.e.m.jdt.internal.UnitTestSupport - Updating InventoryRunner from maven configuration
2025-04-30 22:26:55,786 [Worker-67: Updating Maven Project] INFO  o.e.m.c.i.p.ProjectConfigurationManager - Update completed for 1 poms: local refresh takes 0.00 sec, refresh facades takes 0.00 sec, update config takes 0.00 sec 
2025-04-30 22:26:55,962 [Worker-68: Building] WARN  o.a.m.s.f.DefaultMavenResourcesFiltering - Using platform encoding (UTF-8 actually) to copy filtered resources, i.e. build is platform dependent!
2025-04-30 22:26:55,965 [Worker-68: Building] INFO  o.a.m.s.f.DefaultMavenResourcesFiltering - Copying 0 resource from src\main\resources to target\classes
2025-04-30 22:26:55,970 [Worker-68: Building] WARN  o.a.m.s.f.DefaultMavenResourcesFiltering - Using platform encoding (UTF-8 actually) to copy filtered resources, i.e. build is platform dependent!
2025-04-30 22:26:55,971 [Worker-68: Building] INFO  o.a.m.s.f.DefaultMavenResourcesFiltering - Copying 0 resource from src\test\resources to target\test-classes
2025-04-30 22:28:23,716 [Worker-69: Updating Maven Project] INFO  o.e.m.c.i.p.ProjectConfigurationManager - Update started
2025-04-30 22:28:23,984 [Worker-69: Updating Maven Project] INFO  o.e.m.c.i.l.LifecycleMappingFactory - Using org.eclipse.m2e.jdt.JarLifecycleMapping lifecycle mapping for MavenProject: com.demo:test-api:0.0.1-SNAPSHOT @ D:\pradeep\Automation\KarateAPI\test-api\pom.xml.
2025-04-30 22:28:24,583 [Worker-69: Updating Maven Project] INFO  o.e.m.j.i.AbstractJavaProjectConfigurator - Adding source folder /test-api/src/main/java
2025-04-30 22:28:24,584 [Worker-69: Updating Maven Project] INFO  o.e.m.j.i.AbstractJavaProjectConfigurator - Adding resource folder /test-api/src/main/resources
2025-04-30 22:28:24,584 [Worker-69: Updating Maven Project] INFO  o.e.m.j.i.AbstractJavaProjectConfigurator - Adding source folder /test-api/src/test/java
2025-04-30 22:28:24,585 [Worker-69: Updating Maven Project] INFO  o.e.m.j.i.AbstractJavaProjectConfigurator - Adding resource folder /test-api/src/test/resources
2025-04-30 22:28:24,701 [Worker-69: Updating Maven Project] INFO  o.e.m.jdt.internal.UnitTestSupport - Reset launch configuration name: InventoryRunner
2025-04-30 22:28:24,701 [Worker-69: Updating Maven Project] INFO  o.e.m.jdt.internal.UnitTestSupport - Updating InventoryRunner from maven configuration
2025-04-30 22:28:24,980 [Worker-69: Updating Maven Project] INFO  o.e.m.c.i.p.ProjectConfigurationManager - Update completed for 1 poms: local refresh takes 0.00 sec, refresh facades takes 0.00 sec, update config takes 0.00 sec 
2025-04-30 22:28:25,358 [Worker-71: Building] WARN  o.a.m.s.f.DefaultMavenResourcesFiltering - Using platform encoding (UTF-8 actually) to copy filtered resources, i.e. build is platform dependent!
2025-04-30 22:28:25,361 [Worker-71: Building] INFO  o.a.m.s.f.DefaultMavenResourcesFiltering - Copying 0 resource from src\main\resources to target\classes
2025-04-30 22:28:25,365 [Worker-71: Building] WARN  o.a.m.s.f.DefaultMavenResourcesFiltering - Using platform encoding (UTF-8 actually) to copy filtered resources, i.e. build is platform dependent!
2025-04-30 22:28:25,392 [Worker-71: Building] INFO  o.a.m.s.f.DefaultMavenResourcesFiltering - Copying 0 resource from src\test\resources to target\test-classes
2025-04-30 22:34:19,653 [Worker-72: Building] WARN  o.a.m.s.f.DefaultMavenResourcesFiltering - Using platform encoding (UTF-8 actually) to copy filtered resources, i.e. build is platform dependent!
2025-04-30 22:34:19,657 [Worker-72: Building] INFO  o.a.m.s.f.DefaultMavenResourcesFiltering - Copying 0 resource from src\main\resources to target\classes
2025-04-30 22:34:19,659 [Worker-72: Building] WARN  o.a.m.s.f.DefaultMavenResourcesFiltering - Using platform encoding (UTF-8 actually) to copy filtered resources, i.e. build is platform dependent!
2025-04-30 22:34:19,661 [Worker-72: Building] INFO  o.a.m.s.f.DefaultMavenResourcesFiltering - Copying 0 resource from src\test\resources to target\test-classes
2025-04-30 22:44:47,196 [main] INFO  o.e.m2e.actions.ExecutePomAction - Creating new launch configuration
2025-04-30 22:45:21,025 [Worker-79: Launching test-api] INFO  o.eclipse.m2e.core.internal.Bundles - getClasspathEntries(Bundle=org.eclipse.m2e.maven.runtime_3.9.900.20240824-1409 [642])
2025-04-30 22:45:21,026 [Worker-79: Launching test-api] INFO  o.eclipse.m2e.core.internal.Bundles - 	Entry: C:\Users\Dell\.p2\pool\plugins\org.eclipse.m2e.maven.runtime_3.9.900.20240824-1409
2025-04-30 22:45:21,026 [Worker-79: Launching test-api] INFO  o.eclipse.m2e.core.internal.Bundles - 	Entry: C:\Users\Dell\.p2\pool\plugins\org.eclipse.m2e.maven.runtime_3.9.900.20240824-1409\jars\aopalliance-1.0.jar
2025-04-30 22:45:21,026 [Worker-79: Launching test-api] INFO  o.eclipse.m2e.core.internal.Bundles - 	Entry: C:\Users\Dell\.p2\pool\plugins\org.eclipse.m2e.maven.runtime_3.9.900.20240824-1409\jars\guice-5.1.0.jar
2025-04-30 22:45:21,027 [Worker-79: Launching test-api] INFO  o.eclipse.m2e.core.internal.Bundles - 	Entry: C:\Users\Dell\.p2\pool\plugins\org.eclipse.m2e.maven.runtime_3.9.900.20240824-1409\jars\httpclient-4.5.14.jar
2025-04-30 22:45:21,027 [Worker-79: Launching test-api] INFO  o.eclipse.m2e.core.internal.Bundles - 	Entry: C:\Users\Dell\.p2\pool\plugins\org.eclipse.m2e.maven.runtime_3.9.900.20240824-1409\jars\httpcore-4.4.16.jar
2025-04-30 22:45:21,028 [Worker-79: Launching test-api] INFO  o.eclipse.m2e.core.internal.Bundles - 	Entry: C:\Users\Dell\.p2\pool\plugins\org.eclipse.m2e.maven.runtime_3.9.900.20240824-1409\jars\jansi-2.4.1.jar
2025-04-30 22:45:21,028 [Worker-79: Launching test-api] INFO  o.eclipse.m2e.core.internal.Bundles - 	Entry: C:\Users\Dell\.p2\pool\plugins\org.eclipse.m2e.maven.runtime_3.9.900.20240824-1409\jars\jcl-over-slf4j-1.7.36.jar
2025-04-30 22:45:21,028 [Worker-79: Launching test-api] INFO  o.eclipse.m2e.core.internal.Bundles - 	Entry: C:\Users\Dell\.p2\pool\plugins\org.eclipse.m2e.maven.runtime_3.9.900.20240824-1409\jars\maven-artifact-3.9.9.jar
2025-04-30 22:45:21,028 [Worker-79: Launching test-api] INFO  o.eclipse.m2e.core.internal.Bundles - 	Entry: C:\Users\Dell\.p2\pool\plugins\org.eclipse.m2e.maven.runtime_3.9.900.20240824-1409\jars\maven-builder-support-3.9.9.jar
2025-04-30 22:45:21,028 [Worker-79: Launching test-api] INFO  o.eclipse.m2e.core.internal.Bundles - 	Entry: C:\Users\Dell\.p2\pool\plugins\org.eclipse.m2e.maven.runtime_3.9.900.20240824-1409\jars\maven-compat-3.9.9.jar
2025-04-30 22:45:21,031 [Worker-79: Launching test-api] INFO  o.eclipse.m2e.core.internal.Bundles - 	Entry: C:\Users\Dell\.p2\pool\plugins\org.eclipse.m2e.maven.runtime_3.9.900.20240824-1409\jars\maven-core-3.9.9.jar
2025-04-30 22:45:21,031 [Worker-79: Launching test-api] INFO  o.eclipse.m2e.core.internal.Bundles - 	Entry: C:\Users\Dell\.p2\pool\plugins\org.eclipse.m2e.maven.runtime_3.9.900.20240824-1409\jars\maven-embedder-3.9.9.jar
2025-04-30 22:45:21,031 [Worker-79: Launching test-api] INFO  o.eclipse.m2e.core.internal.Bundles - 	Entry: C:\Users\Dell\.p2\pool\plugins\org.eclipse.m2e.maven.runtime_3.9.900.20240824-1409\jars\maven-model-3.9.9.jar
2025-04-30 22:45:21,031 [Worker-79: Launching test-api] INFO  o.eclipse.m2e.core.internal.Bundles - 	Entry: C:\Users\Dell\.p2\pool\plugins\org.eclipse.m2e.maven.runtime_3.9.900.20240824-1409\jars\maven-model-builder-3.9.9.jar
2025-04-30 22:45:21,032 [Worker-79: Launching test-api] INFO  o.eclipse.m2e.core.internal.Bundles - 	Entry: C:\Users\Dell\.p2\pool\plugins\org.eclipse.m2e.maven.runtime_3.9.900.20240824-1409\jars\maven-plugin-api-3.9.9.jar
2025-04-30 22:45:21,032 [Worker-79: Launching test-api] INFO  o.eclipse.m2e.core.internal.Bundles - 	Entry: C:\Users\Dell\.p2\pool\plugins\org.eclipse.m2e.maven.runtime_3.9.900.20240824-1409\jars\maven-repository-metadata-3.9.9.jar
2025-04-30 22:45:21,032 [Worker-79: Launching test-api] INFO  o.eclipse.m2e.core.internal.Bundles - 	Entry: C:\Users\Dell\.p2\pool\plugins\org.eclipse.m2e.maven.runtime_3.9.900.20240824-1409\jars\maven-resolver-api-1.9.22.jar
2025-04-30 22:45:21,032 [Worker-79: Launching test-api] INFO  o.eclipse.m2e.core.internal.Bundles - 	Entry: C:\Users\Dell\.p2\pool\plugins\org.eclipse.m2e.maven.runtime_3.9.900.20240824-1409\jars\maven-resolver-connector-basic-1.9.22.jar
2025-04-30 22:45:21,032 [Worker-79: Launching test-api] INFO  o.eclipse.m2e.core.internal.Bundles - 	Entry: C:\Users\Dell\.p2\pool\plugins\org.eclipse.m2e.maven.runtime_3.9.900.20240824-1409\jars\maven-resolver-impl-1.9.22.jar
2025-04-30 22:45:21,032 [Worker-79: Launching test-api] INFO  o.eclipse.m2e.core.internal.Bundles - 	Entry: C:\Users\Dell\.p2\pool\plugins\org.eclipse.m2e.maven.runtime_3.9.900.20240824-1409\jars\maven-resolver-named-locks-1.9.22.jar
2025-04-30 22:45:21,033 [Worker-79: Launching test-api] INFO  o.eclipse.m2e.core.internal.Bundles - 	Entry: C:\Users\Dell\.p2\pool\plugins\org.eclipse.m2e.maven.runtime_3.9.900.20240824-1409\jars\maven-resolver-provider-3.9.9.jar
2025-04-30 22:45:21,033 [Worker-79: Launching test-api] INFO  o.eclipse.m2e.core.internal.Bundles - 	Entry: C:\Users\Dell\.p2\pool\plugins\org.eclipse.m2e.maven.runtime_3.9.900.20240824-1409\jars\maven-resolver-spi-1.9.22.jar
2025-04-30 22:45:21,034 [Worker-79: Launching test-api] INFO  o.eclipse.m2e.core.internal.Bundles - 	Entry: C:\Users\Dell\.p2\pool\plugins\org.eclipse.m2e.maven.runtime_3.9.900.20240824-1409\jars\maven-resolver-transport-file-1.9.22.jar
2025-04-30 22:45:21,034 [Worker-79: Launching test-api] INFO  o.eclipse.m2e.core.internal.Bundles - 	Entry: C:\Users\Dell\.p2\pool\plugins\org.eclipse.m2e.maven.runtime_3.9.900.20240824-1409\jars\maven-resolver-transport-http-1.9.22.jar
2025-04-30 22:45:21,034 [Worker-79: Launching test-api] INFO  o.eclipse.m2e.core.internal.Bundles - 	Entry: C:\Users\Dell\.p2\pool\plugins\org.eclipse.m2e.maven.runtime_3.9.900.20240824-1409\jars\maven-resolver-transport-wagon-1.9.22.jar
2025-04-30 22:45:21,035 [Worker-79: Launching test-api] INFO  o.eclipse.m2e.core.internal.Bundles - 	Entry: C:\Users\Dell\.p2\pool\plugins\org.eclipse.m2e.maven.runtime_3.9.900.20240824-1409\jars\maven-resolver-util-1.9.22.jar
2025-04-30 22:45:21,035 [Worker-79: Launching test-api] INFO  o.eclipse.m2e.core.internal.Bundles - 	Entry: C:\Users\Dell\.p2\pool\plugins\org.eclipse.m2e.maven.runtime_3.9.900.20240824-1409\jars\maven-settings-3.9.9.jar
2025-04-30 22:45:21,035 [Worker-79: Launching test-api] INFO  o.eclipse.m2e.core.internal.Bundles - 	Entry: C:\Users\Dell\.p2\pool\plugins\org.eclipse.m2e.maven.runtime_3.9.900.20240824-1409\jars\maven-settings-builder-3.9.9.jar
2025-04-30 22:45:21,036 [Worker-79: Launching test-api] INFO  o.eclipse.m2e.core.internal.Bundles - 	Entry: C:\Users\Dell\.p2\pool\plugins\org.eclipse.m2e.maven.runtime_3.9.900.20240824-1409\jars\maven-shared-utils-3.4.2.jar
2025-04-30 22:45:21,036 [Worker-79: Launching test-api] INFO  o.eclipse.m2e.core.internal.Bundles - 	Entry: C:\Users\Dell\.p2\pool\plugins\org.eclipse.m2e.maven.runtime_3.9.900.20240824-1409\jars\org.eclipse.sisu.inject-0.9.0.M3.jar
2025-04-30 22:45:21,036 [Worker-79: Launching test-api] INFO  o.eclipse.m2e.core.internal.Bundles - 	Entry: C:\Users\Dell\.p2\pool\plugins\org.eclipse.m2e.maven.runtime_3.9.900.20240824-1409\jars\org.eclipse.sisu.plexus-0.9.0.M3.jar
2025-04-30 22:45:21,036 [Worker-79: Launching test-api] INFO  o.eclipse.m2e.core.internal.Bundles - 	Entry: C:\Users\Dell\.p2\pool\plugins\org.eclipse.m2e.maven.runtime_3.9.900.20240824-1409\jars\plexus-build-api-0.0.7.jar
2025-04-30 22:45:21,036 [Worker-79: Launching test-api] INFO  o.eclipse.m2e.core.internal.Bundles - 	Entry: C:\Users\Dell\.p2\pool\plugins\org.eclipse.m2e.maven.runtime_3.9.900.20240824-1409\jars\plexus-build-api-1.2.0.jar
2025-04-30 22:45:21,036 [Worker-79: Launching test-api] INFO  o.eclipse.m2e.core.internal.Bundles - 	Entry: C:\Users\Dell\.p2\pool\plugins\org.eclipse.m2e.maven.runtime_3.9.900.20240824-1409\jars\plexus-cipher-2.0.jar
2025-04-30 22:45:21,036 [Worker-79: Launching test-api] INFO  o.eclipse.m2e.core.internal.Bundles - 	Entry: C:\Users\Dell\.p2\pool\plugins\org.eclipse.m2e.maven.runtime_3.9.900.20240824-1409\jars\plexus-classworlds-2.8.0.jar
2025-04-30 22:45:21,037 [Worker-79: Launching test-api] INFO  o.eclipse.m2e.core.internal.Bundles - 	Entry: C:\Users\Dell\.p2\pool\plugins\org.eclipse.m2e.maven.runtime_3.9.900.20240824-1409\jars\plexus-component-annotations-2.1.0.jar
2025-04-30 22:45:21,037 [Worker-79: Launching test-api] INFO  o.eclipse.m2e.core.internal.Bundles - 	Entry: C:\Users\Dell\.p2\pool\plugins\org.eclipse.m2e.maven.runtime_3.9.900.20240824-1409\jars\plexus-interpolation-1.27.jar
2025-04-30 22:45:21,037 [Worker-79: Launching test-api] INFO  o.eclipse.m2e.core.internal.Bundles - 	Entry: C:\Users\Dell\.p2\pool\plugins\org.eclipse.m2e.maven.runtime_3.9.900.20240824-1409\jars\plexus-sec-dispatcher-2.0.jar
2025-04-30 22:45:21,037 [Worker-79: Launching test-api] INFO  o.eclipse.m2e.core.internal.Bundles - 	Entry: C:\Users\Dell\.p2\pool\plugins\org.eclipse.m2e.maven.runtime_3.9.900.20240824-1409\jars\plexus-utils-3.5.1.jar
2025-04-30 22:45:21,037 [Worker-79: Launching test-api] INFO  o.eclipse.m2e.core.internal.Bundles - 	Entry: C:\Users\Dell\.p2\pool\plugins\org.eclipse.m2e.maven.runtime_3.9.900.20240824-1409\jars\plexus-xml-3.0.1.jar
2025-04-30 22:45:21,038 [Worker-79: Launching test-api] INFO  o.eclipse.m2e.core.internal.Bundles - 	Entry: C:\Users\Dell\.p2\pool\plugins\org.eclipse.m2e.maven.runtime_3.9.900.20240824-1409\jars\wagon-file-3.5.3.jar
2025-04-30 22:45:21,038 [Worker-79: Launching test-api] INFO  o.eclipse.m2e.core.internal.Bundles - 	Entry: C:\Users\Dell\.p2\pool\plugins\org.eclipse.m2e.maven.runtime_3.9.900.20240824-1409\jars\wagon-http-3.5.3.jar
2025-04-30 22:45:21,039 [Worker-79: Launching test-api] INFO  o.eclipse.m2e.core.internal.Bundles - 	Entry: C:\Users\Dell\.p2\pool\plugins\org.eclipse.m2e.maven.runtime_3.9.900.20240824-1409\jars\wagon-http-shared-3.5.3.jar
2025-04-30 22:45:21,039 [Worker-79: Launching test-api] INFO  o.eclipse.m2e.core.internal.Bundles - 	Entry: C:\Users\Dell\.p2\pool\plugins\org.eclipse.m2e.maven.runtime_3.9.900.20240824-1409\jars\wagon-provider-api-3.5.3.jar
2025-04-30 22:45:21,039 [Worker-79: Launching test-api] INFO  o.eclipse.m2e.core.internal.Bundles - getClasspathEntries(Bundle=com.google.guava_33.3.1.jre [1017])
2025-04-30 22:45:21,040 [Worker-79: Launching test-api] INFO  o.eclipse.m2e.core.internal.Bundles - 	Entry: C:\Users\Dell\.p2\pool\plugins\com.google.guava_33.3.1.jre.jar
2025-04-30 22:45:21,040 [Worker-79: Launching test-api] INFO  o.eclipse.m2e.core.internal.Bundles - getClasspathEntries(Bundle=slf4j.api_2.0.16 [1007])
2025-04-30 22:45:21,040 [Worker-79: Launching test-api] INFO  o.eclipse.m2e.core.internal.Bundles - 	Entry: C:\Users\Dell\.p2\pool\plugins\slf4j.api_2.0.16.jar
2025-04-30 22:45:21,040 [Worker-79: Launching test-api] INFO  o.eclipse.m2e.core.internal.Bundles - getClasspathEntries(Bundle=javax.inject_1.0.0.v20220405-0441 [1026])
2025-04-30 22:45:21,041 [Worker-79: Launching test-api] INFO  o.eclipse.m2e.core.internal.Bundles - 	Entry: C:\Users\Dell\.p2\pool\plugins\javax.inject_1.0.0.v20220405-0441.jar
2025-04-30 22:45:21,041 [Worker-79: Launching test-api] INFO  o.eclipse.m2e.core.internal.Bundles - getClasspathEntries(Bundle=javax.annotation_1.3.5.v20230504-0748 [1025])
2025-04-30 22:45:21,041 [Worker-79: Launching test-api] INFO  o.eclipse.m2e.core.internal.Bundles - 	Entry: C:\Users\Dell\.p2\pool\plugins\javax.annotation_1.3.5.v20230504-0748.jar
2025-04-30 22:45:21,041 [Worker-79: Launching test-api] INFO  o.eclipse.m2e.core.internal.Bundles - getClasspathEntries(Bundle=org.apache.commons.cli_1.9.0 [78])
2025-04-30 22:45:21,042 [Worker-79: Launching test-api] INFO  o.eclipse.m2e.core.internal.Bundles - 	Entry: C:\Users\Dell\.p2\pool\plugins\org.apache.commons.cli_1.9.0.jar
2025-04-30 22:45:21,042 [Worker-79: Launching test-api] INFO  o.eclipse.m2e.core.internal.Bundles - getClasspathEntries(Bundle=org.apache.commons.commons-codec_1.16.0 [81])
2025-04-30 22:45:21,042 [Worker-79: Launching test-api] INFO  o.eclipse.m2e.core.internal.Bundles - 	Entry: C:\Users\Dell\.p2\pool\plugins\org.apache.commons.commons-codec_1.16.0.jar
2025-04-30 22:45:21,042 [Worker-79: Launching test-api] INFO  o.eclipse.m2e.core.internal.Bundles - getClasspathEntries(Bundle=com.google.guava.failureaccess_1.0.2 [17])
2025-04-30 22:45:21,043 [Worker-79: Launching test-api] INFO  o.eclipse.m2e.core.internal.Bundles - 	Entry: C:\Users\Dell\.p2\pool\plugins\com.google.guava.failureaccess_1.0.2.jar
2025-04-30 22:45:21,047 [Worker-79: Launching test-api] INFO  o.e.m.i.launch.MavenLaunchDelegate - Run build in "D:\pradeep\Automation\KarateAPI\test-api":
2025-04-30 22:45:21,048 [Worker-79: Launching test-api] INFO  o.e.m.i.launch.MavenLaunchDelegate -  mvn  -B -Dstyle.color=always clean install
2025-04-30 22:45:21,241 [Worker-79: Building] WARN  o.a.m.s.f.DefaultMavenResourcesFiltering - Using platform encoding (UTF-8 actually) to copy filtered resources, i.e. build is platform dependent!
2025-04-30 22:45:21,244 [Worker-79: Building] INFO  o.a.m.s.f.DefaultMavenResourcesFiltering - Copying 0 resource from src\main\resources to target\classes
2025-04-30 22:45:21,248 [Worker-79: Building] WARN  o.a.m.s.f.DefaultMavenResourcesFiltering - Using platform encoding (UTF-8 actually) to copy filtered resources, i.e. build is platform dependent!
2025-04-30 22:45:21,330 [Worker-79: Building] INFO  o.a.m.s.f.DefaultMavenResourcesFiltering - Copying 0 resource from src\test\resources to target\test-classes
2025-04-30 22:46:16,383 [Worker-78: Building] WARN  o.a.m.s.f.DefaultMavenResourcesFiltering - Using platform encoding (UTF-8 actually) to copy filtered resources, i.e. build is platform dependent!
2025-04-30 22:46:16,384 [Worker-78: Building] INFO  o.a.m.s.f.DefaultMavenResourcesFiltering - Copying 0 resource from src\main\resources to target\classes
2025-04-30 22:46:16,386 [Worker-78: Building] WARN  o.a.m.s.f.DefaultMavenResourcesFiltering - Using platform encoding (UTF-8 actually) to copy filtered resources, i.e. build is platform dependent!
2025-04-30 22:46:16,387 [Worker-78: Building] INFO  o.a.m.s.f.DefaultMavenResourcesFiltering - Copying 0 resource from src\test\resources to target\test-classes
2025-04-30 22:46:24,915 [main] INFO  o.e.m2e.actions.ExecutePomAction - Creating new launch configuration
2025-04-30 22:46:32,016 [Worker-82: Launching test-api (1)] INFO  o.eclipse.m2e.core.internal.Bundles - getClasspathEntries(Bundle=org.eclipse.m2e.maven.runtime_3.9.900.20240824-1409 [642])
2025-04-30 22:46:32,017 [Worker-82: Launching test-api (1)] INFO  o.eclipse.m2e.core.internal.Bundles - 	Entry: C:\Users\Dell\.p2\pool\plugins\org.eclipse.m2e.maven.runtime_3.9.900.20240824-1409
2025-04-30 22:46:32,017 [Worker-82: Launching test-api (1)] INFO  o.eclipse.m2e.core.internal.Bundles - 	Entry: C:\Users\Dell\.p2\pool\plugins\org.eclipse.m2e.maven.runtime_3.9.900.20240824-1409\jars\aopalliance-1.0.jar
2025-04-30 22:46:32,017 [Worker-82: Launching test-api (1)] INFO  o.eclipse.m2e.core.internal.Bundles - 	Entry: C:\Users\Dell\.p2\pool\plugins\org.eclipse.m2e.maven.runtime_3.9.900.20240824-1409\jars\guice-5.1.0.jar
2025-04-30 22:46:32,017 [Worker-82: Launching test-api (1)] INFO  o.eclipse.m2e.core.internal.Bundles - 	Entry: C:\Users\Dell\.p2\pool\plugins\org.eclipse.m2e.maven.runtime_3.9.900.20240824-1409\jars\httpclient-4.5.14.jar
2025-04-30 22:46:32,018 [Worker-82: Launching test-api (1)] INFO  o.eclipse.m2e.core.internal.Bundles - 	Entry: C:\Users\Dell\.p2\pool\plugins\org.eclipse.m2e.maven.runtime_3.9.900.20240824-1409\jars\httpcore-4.4.16.jar
2025-04-30 22:46:32,018 [Worker-82: Launching test-api (1)] INFO  o.eclipse.m2e.core.internal.Bundles - 	Entry: C:\Users\Dell\.p2\pool\plugins\org.eclipse.m2e.maven.runtime_3.9.900.20240824-1409\jars\jansi-2.4.1.jar
2025-04-30 22:46:32,018 [Worker-82: Launching test-api (1)] INFO  o.eclipse.m2e.core.internal.Bundles - 	Entry: C:\Users\Dell\.p2\pool\plugins\org.eclipse.m2e.maven.runtime_3.9.900.20240824-1409\jars\jcl-over-slf4j-1.7.36.jar
2025-04-30 22:46:32,018 [Worker-82: Launching test-api (1)] INFO  o.eclipse.m2e.core.internal.Bundles - 	Entry: C:\Users\Dell\.p2\pool\plugins\org.eclipse.m2e.maven.runtime_3.9.900.20240824-1409\jars\maven-artifact-3.9.9.jar
2025-04-30 22:46:32,018 [Worker-82: Launching test-api (1)] INFO  o.eclipse.m2e.core.internal.Bundles - 	Entry: C:\Users\Dell\.p2\pool\plugins\org.eclipse.m2e.maven.runtime_3.9.900.20240824-1409\jars\maven-builder-support-3.9.9.jar
2025-04-30 22:46:32,018 [Worker-82: Launching test-api (1)] INFO  o.eclipse.m2e.core.internal.Bundles - 	Entry: C:\Users\Dell\.p2\pool\plugins\org.eclipse.m2e.maven.runtime_3.9.900.20240824-1409\jars\maven-compat-3.9.9.jar
2025-04-30 22:46:32,019 [Worker-82: Launching test-api (1)] INFO  o.eclipse.m2e.core.internal.Bundles - 	Entry: C:\Users\Dell\.p2\pool\plugins\org.eclipse.m2e.maven.runtime_3.9.900.20240824-1409\jars\maven-core-3.9.9.jar
2025-04-30 22:46:32,019 [Worker-82: Launching test-api (1)] INFO  o.eclipse.m2e.core.internal.Bundles - 	Entry: C:\Users\Dell\.p2\pool\plugins\org.eclipse.m2e.maven.runtime_3.9.900.20240824-1409\jars\maven-embedder-3.9.9.jar
2025-04-30 22:46:32,019 [Worker-82: Launching test-api (1)] INFO  o.eclipse.m2e.core.internal.Bundles - 	Entry: C:\Users\Dell\.p2\pool\plugins\org.eclipse.m2e.maven.runtime_3.9.900.20240824-1409\jars\maven-model-3.9.9.jar
2025-04-30 22:46:32,019 [Worker-82: Launching test-api (1)] INFO  o.eclipse.m2e.core.internal.Bundles - 	Entry: C:\Users\Dell\.p2\pool\plugins\org.eclipse.m2e.maven.runtime_3.9.900.20240824-1409\jars\maven-model-builder-3.9.9.jar
2025-04-30 22:46:32,019 [Worker-82: Launching test-api (1)] INFO  o.eclipse.m2e.core.internal.Bundles - 	Entry: C:\Users\Dell\.p2\pool\plugins\org.eclipse.m2e.maven.runtime_3.9.900.20240824-1409\jars\maven-plugin-api-3.9.9.jar
2025-04-30 22:46:32,019 [Worker-82: Launching test-api (1)] INFO  o.eclipse.m2e.core.internal.Bundles - 	Entry: C:\Users\Dell\.p2\pool\plugins\org.eclipse.m2e.maven.runtime_3.9.900.20240824-1409\jars\maven-repository-metadata-3.9.9.jar
2025-04-30 22:46:32,019 [Worker-82: Launching test-api (1)] INFO  o.eclipse.m2e.core.internal.Bundles - 	Entry: C:\Users\Dell\.p2\pool\plugins\org.eclipse.m2e.maven.runtime_3.9.900.20240824-1409\jars\maven-resolver-api-1.9.22.jar
2025-04-30 22:46:32,020 [Worker-82: Launching test-api (1)] INFO  o.eclipse.m2e.core.internal.Bundles - 	Entry: C:\Users\Dell\.p2\pool\plugins\org.eclipse.m2e.maven.runtime_3.9.900.20240824-1409\jars\maven-resolver-connector-basic-1.9.22.jar
2025-04-30 22:46:32,020 [Worker-82: Launching test-api (1)] INFO  o.eclipse.m2e.core.internal.Bundles - 	Entry: C:\Users\Dell\.p2\pool\plugins\org.eclipse.m2e.maven.runtime_3.9.900.20240824-1409\jars\maven-resolver-impl-1.9.22.jar
2025-04-30 22:46:32,020 [Worker-82: Launching test-api (1)] INFO  o.eclipse.m2e.core.internal.Bundles - 	Entry: C:\Users\Dell\.p2\pool\plugins\org.eclipse.m2e.maven.runtime_3.9.900.20240824-1409\jars\maven-resolver-named-locks-1.9.22.jar
2025-04-30 22:46:32,020 [Worker-82: Launching test-api (1)] INFO  o.eclipse.m2e.core.internal.Bundles - 	Entry: C:\Users\Dell\.p2\pool\plugins\org.eclipse.m2e.maven.runtime_3.9.900.20240824-1409\jars\maven-resolver-provider-3.9.9.jar
2025-04-30 22:46:32,020 [Worker-82: Launching test-api (1)] INFO  o.eclipse.m2e.core.internal.Bundles - 	Entry: C:\Users\Dell\.p2\pool\plugins\org.eclipse.m2e.maven.runtime_3.9.900.20240824-1409\jars\maven-resolver-spi-1.9.22.jar
2025-04-30 22:46:32,020 [Worker-82: Launching test-api (1)] INFO  o.eclipse.m2e.core.internal.Bundles - 	Entry: C:\Users\Dell\.p2\pool\plugins\org.eclipse.m2e.maven.runtime_3.9.900.20240824-1409\jars\maven-resolver-transport-file-1.9.22.jar
2025-04-30 22:46:32,021 [Worker-82: Launching test-api (1)] INFO  o.eclipse.m2e.core.internal.Bundles - 	Entry: C:\Users\Dell\.p2\pool\plugins\org.eclipse.m2e.maven.runtime_3.9.900.20240824-1409\jars\maven-resolver-transport-http-1.9.22.jar
2025-04-30 22:46:32,021 [Worker-82: Launching test-api (1)] INFO  o.eclipse.m2e.core.internal.Bundles - 	Entry: C:\Users\Dell\.p2\pool\plugins\org.eclipse.m2e.maven.runtime_3.9.900.20240824-1409\jars\maven-resolver-transport-wagon-1.9.22.jar
2025-04-30 22:46:32,021 [Worker-82: Launching test-api (1)] INFO  o.eclipse.m2e.core.internal.Bundles - 	Entry: C:\Users\Dell\.p2\pool\plugins\org.eclipse.m2e.maven.runtime_3.9.900.20240824-1409\jars\maven-resolver-util-1.9.22.jar
2025-04-30 22:46:32,021 [Worker-82: Launching test-api (1)] INFO  o.eclipse.m2e.core.internal.Bundles - 	Entry: C:\Users\Dell\.p2\pool\plugins\org.eclipse.m2e.maven.runtime_3.9.900.20240824-1409\jars\maven-settings-3.9.9.jar
2025-04-30 22:46:32,021 [Worker-82: Launching test-api (1)] INFO  o.eclipse.m2e.core.internal.Bundles - 	Entry: C:\Users\Dell\.p2\pool\plugins\org.eclipse.m2e.maven.runtime_3.9.900.20240824-1409\jars\maven-settings-builder-3.9.9.jar
2025-04-30 22:46:32,021 [Worker-82: Launching test-api (1)] INFO  o.eclipse.m2e.core.internal.Bundles - 	Entry: C:\Users\Dell\.p2\pool\plugins\org.eclipse.m2e.maven.runtime_3.9.900.20240824-1409\jars\maven-shared-utils-3.4.2.jar
2025-04-30 22:46:32,022 [Worker-82: Launching test-api (1)] INFO  o.eclipse.m2e.core.internal.Bundles - 	Entry: C:\Users\Dell\.p2\pool\plugins\org.eclipse.m2e.maven.runtime_3.9.900.20240824-1409\jars\org.eclipse.sisu.inject-0.9.0.M3.jar
2025-04-30 22:46:32,022 [Worker-82: Launching test-api (1)] INFO  o.eclipse.m2e.core.internal.Bundles - 	Entry: C:\Users\Dell\.p2\pool\plugins\org.eclipse.m2e.maven.runtime_3.9.900.20240824-1409\jars\org.eclipse.sisu.plexus-0.9.0.M3.jar
2025-04-30 22:46:32,022 [Worker-82: Launching test-api (1)] INFO  o.eclipse.m2e.core.internal.Bundles - 	Entry: C:\Users\Dell\.p2\pool\plugins\org.eclipse.m2e.maven.runtime_3.9.900.20240824-1409\jars\plexus-build-api-0.0.7.jar
2025-04-30 22:46:32,022 [Worker-82: Launching test-api (1)] INFO  o.eclipse.m2e.core.internal.Bundles - 	Entry: C:\Users\Dell\.p2\pool\plugins\org.eclipse.m2e.maven.runtime_3.9.900.20240824-1409\jars\plexus-build-api-1.2.0.jar
2025-04-30 22:46:32,022 [Worker-82: Launching test-api (1)] INFO  o.eclipse.m2e.core.internal.Bundles - 	Entry: C:\Users\Dell\.p2\pool\plugins\org.eclipse.m2e.maven.runtime_3.9.900.20240824-1409\jars\plexus-cipher-2.0.jar
2025-04-30 22:46:32,022 [Worker-82: Launching test-api (1)] INFO  o.eclipse.m2e.core.internal.Bundles - 	Entry: C:\Users\Dell\.p2\pool\plugins\org.eclipse.m2e.maven.runtime_3.9.900.20240824-1409\jars\plexus-classworlds-2.8.0.jar
2025-04-30 22:46:32,022 [Worker-82: Launching test-api (1)] INFO  o.eclipse.m2e.core.internal.Bundles - 	Entry: C:\Users\Dell\.p2\pool\plugins\org.eclipse.m2e.maven.runtime_3.9.900.20240824-1409\jars\plexus-component-annotations-2.1.0.jar
2025-04-30 22:46:32,023 [Worker-82: Launching test-api (1)] INFO  o.eclipse.m2e.core.internal.Bundles - 	Entry: C:\Users\Dell\.p2\pool\plugins\org.eclipse.m2e.maven.runtime_3.9.900.20240824-1409\jars\plexus-interpolation-1.27.jar
2025-04-30 22:46:32,023 [Worker-82: Launching test-api (1)] INFO  o.eclipse.m2e.core.internal.Bundles - 	Entry: C:\Users\Dell\.p2\pool\plugins\org.eclipse.m2e.maven.runtime_3.9.900.20240824-1409\jars\plexus-sec-dispatcher-2.0.jar
2025-04-30 22:46:32,023 [Worker-82: Launching test-api (1)] INFO  o.eclipse.m2e.core.internal.Bundles - 	Entry: C:\Users\Dell\.p2\pool\plugins\org.eclipse.m2e.maven.runtime_3.9.900.20240824-1409\jars\plexus-utils-3.5.1.jar
2025-04-30 22:46:32,023 [Worker-82: Launching test-api (1)] INFO  o.eclipse.m2e.core.internal.Bundles - 	Entry: C:\Users\Dell\.p2\pool\plugins\org.eclipse.m2e.maven.runtime_3.9.900.20240824-1409\jars\plexus-xml-3.0.1.jar
2025-04-30 22:46:32,023 [Worker-82: Launching test-api (1)] INFO  o.eclipse.m2e.core.internal.Bundles - 	Entry: C:\Users\Dell\.p2\pool\plugins\org.eclipse.m2e.maven.runtime_3.9.900.20240824-1409\jars\wagon-file-3.5.3.jar
2025-04-30 22:46:32,023 [Worker-82: Launching test-api (1)] INFO  o.eclipse.m2e.core.internal.Bundles - 	Entry: C:\Users\Dell\.p2\pool\plugins\org.eclipse.m2e.maven.runtime_3.9.900.20240824-1409\jars\wagon-http-3.5.3.jar
2025-04-30 22:46:32,024 [Worker-82: Launching test-api (1)] INFO  o.eclipse.m2e.core.internal.Bundles - 	Entry: C:\Users\Dell\.p2\pool\plugins\org.eclipse.m2e.maven.runtime_3.9.900.20240824-1409\jars\wagon-http-shared-3.5.3.jar
2025-04-30 22:46:32,024 [Worker-82: Launching test-api (1)] INFO  o.eclipse.m2e.core.internal.Bundles - 	Entry: C:\Users\Dell\.p2\pool\plugins\org.eclipse.m2e.maven.runtime_3.9.900.20240824-1409\jars\wagon-provider-api-3.5.3.jar
2025-04-30 22:46:32,024 [Worker-82: Launching test-api (1)] INFO  o.eclipse.m2e.core.internal.Bundles - getClasspathEntries(Bundle=com.google.guava_33.3.1.jre [1017])
2025-04-30 22:46:32,026 [Worker-82: Launching test-api (1)] INFO  o.eclipse.m2e.core.internal.Bundles - 	Entry: C:\Users\Dell\.p2\pool\plugins\com.google.guava_33.3.1.jre.jar
2025-04-30 22:46:32,026 [Worker-82: Launching test-api (1)] INFO  o.eclipse.m2e.core.internal.Bundles - getClasspathEntries(Bundle=slf4j.api_2.0.16 [1007])
2025-04-30 22:46:32,026 [Worker-82: Launching test-api (1)] INFO  o.eclipse.m2e.core.internal.Bundles - 	Entry: C:\Users\Dell\.p2\pool\plugins\slf4j.api_2.0.16.jar
2025-04-30 22:46:32,026 [Worker-82: Launching test-api (1)] INFO  o.eclipse.m2e.core.internal.Bundles - getClasspathEntries(Bundle=javax.inject_1.0.0.v20220405-0441 [1026])
2025-04-30 22:46:32,026 [Worker-82: Launching test-api (1)] INFO  o.eclipse.m2e.core.internal.Bundles - 	Entry: C:\Users\Dell\.p2\pool\plugins\javax.inject_1.0.0.v20220405-0441.jar
2025-04-30 22:46:32,026 [Worker-82: Launching test-api (1)] INFO  o.eclipse.m2e.core.internal.Bundles - getClasspathEntries(Bundle=javax.annotation_1.3.5.v20230504-0748 [1025])
2025-04-30 22:46:32,027 [Worker-82: Launching test-api (1)] INFO  o.eclipse.m2e.core.internal.Bundles - 	Entry: C:\Users\Dell\.p2\pool\plugins\javax.annotation_1.3.5.v20230504-0748.jar
2025-04-30 22:46:32,027 [Worker-82: Launching test-api (1)] INFO  o.eclipse.m2e.core.internal.Bundles - getClasspathEntries(Bundle=org.apache.commons.cli_1.9.0 [78])
2025-04-30 22:46:32,027 [Worker-82: Launching test-api (1)] INFO  o.eclipse.m2e.core.internal.Bundles - 	Entry: C:\Users\Dell\.p2\pool\plugins\org.apache.commons.cli_1.9.0.jar
2025-04-30 22:46:32,028 [Worker-82: Launching test-api (1)] INFO  o.eclipse.m2e.core.internal.Bundles - getClasspathEntries(Bundle=org.apache.commons.commons-codec_1.16.0 [81])
2025-04-30 22:46:32,028 [Worker-82: Launching test-api (1)] INFO  o.eclipse.m2e.core.internal.Bundles - 	Entry: C:\Users\Dell\.p2\pool\plugins\org.apache.commons.commons-codec_1.16.0.jar
2025-04-30 22:46:32,028 [Worker-82: Launching test-api (1)] INFO  o.eclipse.m2e.core.internal.Bundles - getClasspathEntries(Bundle=com.google.guava.failureaccess_1.0.2 [17])
2025-04-30 22:46:32,029 [Worker-82: Launching test-api (1)] INFO  o.eclipse.m2e.core.internal.Bundles - 	Entry: C:\Users\Dell\.p2\pool\plugins\com.google.guava.failureaccess_1.0.2.jar
2025-04-30 22:46:32,030 [Worker-82: Launching test-api (1)] INFO  o.e.m.i.launch.MavenLaunchDelegate - Run build in "D:\pradeep\Automation\KarateAPI\test-api":
2025-04-30 22:46:32,031 [Worker-82: Launching test-api (1)] INFO  o.e.m.i.launch.MavenLaunchDelegate -  mvn  -B -Dstyle.color=always clean install
2025-04-30 22:51:28,251 [Worker-79: Building] INFO  o.e.m.c.i.l.LifecycleMappingFactory - Using org.eclipse.m2e.jdt.JarLifecycleMapping lifecycle mapping for MavenProject: com.demo:test-api:0.0.1-SNAPSHOT @ D:\pradeep\Automation\KarateAPI\test-api\pom.xml.
2025-04-30 22:51:29,017 [Worker-79: Building] WARN  o.a.m.s.f.DefaultMavenResourcesFiltering - Using platform encoding (UTF-8 actually) to copy filtered resources, i.e. build is platform dependent!
2025-04-30 22:51:29,021 [Worker-79: Building] INFO  o.a.m.s.f.DefaultMavenResourcesFiltering - Copying 0 resource from src\main\resources to target\classes
2025-04-30 22:51:29,023 [Worker-79: Building] WARN  o.a.m.s.f.DefaultMavenResourcesFiltering - Using platform encoding (UTF-8 actually) to copy filtered resources, i.e. build is platform dependent!
2025-04-30 22:51:29,059 [Worker-79: Building] INFO  o.a.m.s.f.DefaultMavenResourcesFiltering - Copying 0 resource from src\test\resources to target\test-classes
2025-04-30 22:51:30,436 [Worker-83: Building] WARN  o.a.m.s.f.DefaultMavenResourcesFiltering - Using platform encoding (UTF-8 actually) to copy filtered resources, i.e. build is platform dependent!
2025-04-30 22:51:30,438 [Worker-83: Building] INFO  o.a.m.s.f.DefaultMavenResourcesFiltering - Copying 0 resource from src\main\resources to target\classes
2025-04-30 22:51:30,439 [Worker-83: Building] WARN  o.a.m.s.f.DefaultMavenResourcesFiltering - Using platform encoding (UTF-8 actually) to copy filtered resources, i.e. build is platform dependent!
2025-04-30 22:51:30,440 [Worker-83: Building] INFO  o.a.m.s.f.DefaultMavenResourcesFiltering - Copying 0 resource from src\test\resources to target\test-classes
2025-04-30 22:51:39,939 [Worker-79: Updating Maven Project] INFO  o.e.m.c.i.p.ProjectConfigurationManager - Update started
2025-04-30 22:51:40,109 [Worker-79: Updating Maven Project] INFO  o.e.m.c.i.l.LifecycleMappingFactory - Using org.eclipse.m2e.jdt.JarLifecycleMapping lifecycle mapping for MavenProject: com.demo:test-api:0.0.1-SNAPSHOT @ D:\pradeep\Automation\KarateAPI\test-api\pom.xml.
2025-04-30 22:51:40,195 [Worker-79: Updating Maven Project] INFO  o.e.m.j.i.AbstractJavaProjectConfigurator - Adding source folder /test-api/src/main/java
2025-04-30 22:51:40,195 [Worker-79: Updating Maven Project] INFO  o.e.m.j.i.AbstractJavaProjectConfigurator - Adding resource folder /test-api/src/main/resources
2025-04-30 22:51:40,196 [Worker-79: Updating Maven Project] INFO  o.e.m.j.i.AbstractJavaProjectConfigurator - Adding source folder /test-api/src/test/java
2025-04-30 22:51:40,196 [Worker-79: Updating Maven Project] INFO  o.e.m.j.i.AbstractJavaProjectConfigurator - Adding resource folder /test-api/src/test/resources
2025-04-30 22:51:40,207 [Worker-79: Updating Maven Project] INFO  o.e.m.jdt.internal.UnitTestSupport - Reset launch configuration name: InventoryRunner
2025-04-30 22:51:40,207 [Worker-79: Updating Maven Project] INFO  o.e.m.jdt.internal.UnitTestSupport - Updating InventoryRunner from maven configuration
2025-04-30 22:51:40,493 [Worker-79: Updating Maven Project] INFO  o.e.m.c.i.p.ProjectConfigurationManager - Update completed for 1 poms: local refresh takes 0.00 sec, refresh facades takes 0.00 sec, update config takes 0.00 sec 
2025-04-30 22:51:40,624 [Worker-82: Building] WARN  o.a.m.s.f.DefaultMavenResourcesFiltering - Using platform encoding (UTF-8 actually) to copy filtered resources, i.e. build is platform dependent!
2025-04-30 22:51:40,625 [Worker-82: Building] INFO  o.a.m.s.f.DefaultMavenResourcesFiltering - Copying 0 resource from src\main\resources to target\classes
2025-04-30 22:51:40,628 [Worker-82: Building] WARN  o.a.m.s.f.DefaultMavenResourcesFiltering - Using platform encoding (UTF-8 actually) to copy filtered resources, i.e. build is platform dependent!
2025-04-30 22:51:40,629 [Worker-82: Building] INFO  o.a.m.s.f.DefaultMavenResourcesFiltering - Copying 0 resource from src\test\resources to target\test-classes
2025-04-30 22:53:11,068 [Worker-82: Building] INFO  o.e.m.c.i.l.LifecycleMappingFactory - Using org.eclipse.m2e.jdt.JarLifecycleMapping lifecycle mapping for MavenProject: com.demo:test-api:0.0.1-SNAPSHOT @ D:\pradeep\Automation\KarateAPI\test-api\pom.xml.
2025-04-30 22:53:11,319 [Worker-82: Building] INFO  o.e.m.c.i.e.AbstractTransferListenerAdapter - Downloading https://repo.maven.apache.org/maven2/com/intuit/karate/karate-junit5/1.4.1/karate-junit5-1.4.1.pom
2025-04-30 22:53:11,358 [Worker-82: Building] INFO  o.e.m.c.i.e.AbstractTransferListenerAdapter - Downloaded https://repo.maven.apache.org/maven2/com/intuit/karate/karate-junit5/1.4.1/karate-junit5-1.4.1.pom
2025-04-30 22:53:11,751 [Worker-82: Building] INFO  o.e.m.c.i.e.AbstractTransferListenerAdapter - Downloading https://repo.maven.apache.org/maven2/org/junit/jupiter/junit-jupiter-api/5.9.3/junit-jupiter-api-5.9.3.pom
2025-04-30 22:53:11,796 [Worker-82: Building] INFO  o.e.m.c.i.e.AbstractTransferListenerAdapter - Downloaded https://repo.maven.apache.org/maven2/org/junit/jupiter/junit-jupiter-api/5.9.3/junit-jupiter-api-5.9.3.pom
2025-04-30 22:53:11,890 [Worker-82: Building] INFO  o.e.m.c.i.e.AbstractTransferListenerAdapter - Downloading https://repo.maven.apache.org/maven2/org/junit/platform/junit-platform-commons/1.9.3/junit-platform-commons-1.9.3.pom
2025-04-30 22:53:11,934 [Worker-82: Building] INFO  o.e.m.c.i.e.AbstractTransferListenerAdapter - Downloaded https://repo.maven.apache.org/maven2/org/junit/platform/junit-platform-commons/1.9.3/junit-platform-commons-1.9.3.pom
2025-04-30 22:53:12,013 [Worker-82: Building] INFO  o.e.m.c.i.e.AbstractTransferListenerAdapter - Downloading https://repo.maven.apache.org/maven2/org/junit/jupiter/junit-jupiter-engine/5.9.3/junit-jupiter-engine-5.9.3.pom
2025-04-30 22:53:12,059 [Worker-82: Building] INFO  o.e.m.c.i.e.AbstractTransferListenerAdapter - Downloaded https://repo.maven.apache.org/maven2/org/junit/jupiter/junit-jupiter-engine/5.9.3/junit-jupiter-engine-5.9.3.pom
2025-04-30 22:53:12,147 [Worker-82: Building] INFO  o.e.m.c.i.e.AbstractTransferListenerAdapter - Downloading https://repo.maven.apache.org/maven2/org/junit/platform/junit-platform-engine/1.9.3/junit-platform-engine-1.9.3.pom
2025-04-30 22:53:12,186 [Worker-82: Building] INFO  o.e.m.c.i.e.AbstractTransferListenerAdapter - Downloaded https://repo.maven.apache.org/maven2/org/junit/platform/junit-platform-engine/1.9.3/junit-platform-engine-1.9.3.pom
2025-04-30 22:53:12,393 [Worker-82: Building] INFO  o.e.m.c.i.e.AbstractTransferListenerAdapter - Downloading https://repo.maven.apache.org/maven2/com/intuit/karate/karate-junit5/1.4.1/karate-junit5-1.4.1.jar
2025-04-30 22:53:12,476 [Worker-82: Building] INFO  o.e.m.c.i.e.AbstractTransferListenerAdapter - Downloaded https://repo.maven.apache.org/maven2/com/intuit/karate/karate-junit5/1.4.1/karate-junit5-1.4.1.jar
2025-04-30 22:53:12,543 [BasicRepositoryConnector-repo.maven.apache.org-1-2] INFO  o.e.m.c.i.e.AbstractTransferListenerAdapter - Downloading https://repo.maven.apache.org/maven2/org/junit/jupiter/junit-jupiter-engine/5.9.3/junit-jupiter-engine-5.9.3.jar
2025-04-30 22:53:12,649 [BasicRepositoryConnector-repo.maven.apache.org-1-0] INFO  o.e.m.c.i.e.AbstractTransferListenerAdapter - Downloading https://repo.maven.apache.org/maven2/org/junit/jupiter/junit-jupiter-api/5.9.3/junit-jupiter-api-5.9.3.jar
2025-04-30 22:53:12,649 [BasicRepositoryConnector-repo.maven.apache.org-1-3] INFO  o.e.m.c.i.e.AbstractTransferListenerAdapter - Downloading https://repo.maven.apache.org/maven2/org/junit/platform/junit-platform-engine/1.9.3/junit-platform-engine-1.9.3.jar
2025-04-30 22:53:12,674 [BasicRepositoryConnector-repo.maven.apache.org-1-1] INFO  o.e.m.c.i.e.AbstractTransferListenerAdapter - Downloading https://repo.maven.apache.org/maven2/org/junit/platform/junit-platform-commons/1.9.3/junit-platform-commons-1.9.3.jar
2025-04-30 22:53:12,716 [BasicRepositoryConnector-repo.maven.apache.org-1-2] INFO  o.e.m.c.i.e.AbstractTransferListenerAdapter - Downloaded https://repo.maven.apache.org/maven2/org/junit/jupiter/junit-jupiter-engine/5.9.3/junit-jupiter-engine-5.9.3.jar
2025-04-30 22:53:12,833 [BasicRepositoryConnector-repo.maven.apache.org-1-1] INFO  o.e.m.c.i.e.AbstractTransferListenerAdapter - Downloaded https://repo.maven.apache.org/maven2/org/junit/platform/junit-platform-commons/1.9.3/junit-platform-commons-1.9.3.jar
2025-04-30 22:53:12,868 [BasicRepositoryConnector-repo.maven.apache.org-1-0] INFO  o.e.m.c.i.e.AbstractTransferListenerAdapter - Downloaded https://repo.maven.apache.org/maven2/org/junit/jupiter/junit-jupiter-api/5.9.3/junit-jupiter-api-5.9.3.jar
2025-04-30 22:53:12,868 [BasicRepositoryConnector-repo.maven.apache.org-1-3] INFO  o.e.m.c.i.e.AbstractTransferListenerAdapter - Downloaded https://repo.maven.apache.org/maven2/org/junit/platform/junit-platform-engine/1.9.3/junit-platform-engine-1.9.3.jar
2025-04-30 22:53:13,238 [Worker-82: Building] WARN  o.a.m.s.f.DefaultMavenResourcesFiltering - Using platform encoding (UTF-8 actually) to copy filtered resources, i.e. build is platform dependent!
2025-04-30 22:53:13,240 [Worker-82: Building] INFO  o.a.m.s.f.DefaultMavenResourcesFiltering - Copying 0 resource from src\main\resources to target\classes
2025-04-30 22:53:13,243 [Worker-82: Building] WARN  o.a.m.s.f.DefaultMavenResourcesFiltering - Using platform encoding (UTF-8 actually) to copy filtered resources, i.e. build is platform dependent!
2025-04-30 22:53:13,376 [Worker-82: Building] INFO  o.a.m.s.f.DefaultMavenResourcesFiltering - Copying 0 resource from src\test\resources to target\test-classes
2025-04-30 22:53:14,449 [Worker-83: Download sources and javadoc] INFO  o.e.m.c.i.e.AbstractTransferListenerAdapter - Downloading https://repo.maven.apache.org/maven2/com/intuit/karate/karate-junit5/1.4.1/karate-junit5-1.4.1-sources.jar
2025-04-30 22:53:14,551 [Worker-83: Download sources and javadoc] INFO  o.e.m.c.i.e.AbstractTransferListenerAdapter - Downloaded https://repo.maven.apache.org/maven2/com/intuit/karate/karate-junit5/1.4.1/karate-junit5-1.4.1-sources.jar
2025-04-30 22:53:14,558 [Worker-83: Download sources and javadoc] INFO  o.e.m.j.internal.DownloadSourcesJob - Downloaded sources for com.intuit.karate:karate-junit5:1.4.1
2025-04-30 22:53:14,717 [Worker-83: Download sources and javadoc] INFO  o.e.m.c.i.e.AbstractTransferListenerAdapter - Downloading https://repo.maven.apache.org/maven2/org/junit/jupiter/junit-jupiter-api/5.9.3/junit-jupiter-api-5.9.3-sources.jar
2025-04-30 22:53:14,794 [Worker-82: Building] WARN  o.a.m.s.f.DefaultMavenResourcesFiltering - Using platform encoding (UTF-8 actually) to copy filtered resources, i.e. build is platform dependent!
2025-04-30 22:53:14,796 [Worker-82: Building] INFO  o.a.m.s.f.DefaultMavenResourcesFiltering - Copying 0 resource from src\main\resources to target\classes
2025-04-30 22:53:14,799 [Worker-82: Building] WARN  o.a.m.s.f.DefaultMavenResourcesFiltering - Using platform encoding (UTF-8 actually) to copy filtered resources, i.e. build is platform dependent!
2025-04-30 22:53:14,802 [Worker-82: Building] INFO  o.a.m.s.f.DefaultMavenResourcesFiltering - Copying 0 resource from src\test\resources to target\test-classes
2025-04-30 22:53:14,935 [Worker-83: Download sources and javadoc] INFO  o.e.m.c.i.e.AbstractTransferListenerAdapter - Downloaded https://repo.maven.apache.org/maven2/org/junit/jupiter/junit-jupiter-api/5.9.3/junit-jupiter-api-5.9.3-sources.jar
2025-04-30 22:53:14,943 [Worker-83: Download sources and javadoc] INFO  o.e.m.j.internal.DownloadSourcesJob - Downloaded sources for org.junit.jupiter:junit-jupiter-api:5.9.3
2025-04-30 22:53:15,102 [Worker-83: Download sources and javadoc] INFO  o.e.m.c.i.e.AbstractTransferListenerAdapter - Downloading https://repo.maven.apache.org/maven2/org/junit/platform/junit-platform-commons/1.9.3/junit-platform-commons-1.9.3-sources.jar
2025-04-30 22:53:15,212 [Worker-83: Download sources and javadoc] INFO  o.e.m.c.i.e.AbstractTransferListenerAdapter - Downloaded https://repo.maven.apache.org/maven2/org/junit/platform/junit-platform-commons/1.9.3/junit-platform-commons-1.9.3-sources.jar
2025-04-30 22:53:15,221 [Worker-83: Download sources and javadoc] INFO  o.e.m.j.internal.DownloadSourcesJob - Downloaded sources for org.junit.platform:junit-platform-commons:1.9.3
2025-04-30 22:53:15,421 [Worker-83: Download sources and javadoc] INFO  o.e.m.c.i.e.AbstractTransferListenerAdapter - Downloading https://repo.maven.apache.org/maven2/org/junit/jupiter/junit-jupiter-engine/5.9.3/junit-jupiter-engine-5.9.3-sources.jar
2025-04-30 22:53:15,574 [Worker-83: Download sources and javadoc] INFO  o.e.m.c.i.e.AbstractTransferListenerAdapter - Downloaded https://repo.maven.apache.org/maven2/org/junit/jupiter/junit-jupiter-engine/5.9.3/junit-jupiter-engine-5.9.3-sources.jar
2025-04-30 22:53:15,582 [Worker-83: Download sources and javadoc] INFO  o.e.m.j.internal.DownloadSourcesJob - Downloaded sources for org.junit.jupiter:junit-jupiter-engine:5.9.3
2025-04-30 22:53:15,761 [Worker-83: Download sources and javadoc] INFO  o.e.m.c.i.e.AbstractTransferListenerAdapter - Downloading https://repo.maven.apache.org/maven2/org/junit/platform/junit-platform-engine/1.9.3/junit-platform-engine-1.9.3-sources.jar
2025-04-30 22:53:15,930 [Worker-83: Download sources and javadoc] INFO  o.e.m.c.i.e.AbstractTransferListenerAdapter - Downloaded https://repo.maven.apache.org/maven2/org/junit/platform/junit-platform-engine/1.9.3/junit-platform-engine-1.9.3-sources.jar
2025-04-30 22:53:15,934 [Worker-83: Download sources and javadoc] INFO  o.e.m.j.internal.DownloadSourcesJob - Downloaded sources for org.junit.platform:junit-platform-engine:1.9.3
2025-04-30 22:53:43,502 [Worker-80: Updating Maven Project] INFO  o.e.m.c.i.p.ProjectConfigurationManager - Update started
2025-04-30 22:53:43,691 [Worker-80: Updating Maven Project] INFO  o.e.m.c.i.l.LifecycleMappingFactory - Using org.eclipse.m2e.jdt.JarLifecycleMapping lifecycle mapping for MavenProject: com.demo:test-api:0.0.1-SNAPSHOT @ D:\pradeep\Automation\KarateAPI\test-api\pom.xml.
2025-04-30 22:53:44,125 [Worker-80: Updating Maven Project] INFO  o.e.m.j.i.AbstractJavaProjectConfigurator - Adding source folder /test-api/src/main/java
2025-04-30 22:53:44,125 [Worker-80: Updating Maven Project] INFO  o.e.m.j.i.AbstractJavaProjectConfigurator - Adding resource folder /test-api/src/main/resources
2025-04-30 22:53:44,126 [Worker-80: Updating Maven Project] INFO  o.e.m.j.i.AbstractJavaProjectConfigurator - Adding source folder /test-api/src/test/java
2025-04-30 22:53:44,126 [Worker-80: Updating Maven Project] INFO  o.e.m.j.i.AbstractJavaProjectConfigurator - Adding resource folder /test-api/src/test/resources
2025-04-30 22:53:44,246 [Worker-80: Updating Maven Project] INFO  o.e.m.jdt.internal.UnitTestSupport - Reset launch configuration name: InventoryRunner
2025-04-30 22:53:44,247 [Worker-80: Updating Maven Project] INFO  o.e.m.jdt.internal.UnitTestSupport - Updating InventoryRunner from maven configuration
2025-04-30 22:53:44,506 [Worker-80: Updating Maven Project] INFO  o.e.m.c.i.p.ProjectConfigurationManager - Update completed for 1 poms: local refresh takes 0.00 sec, refresh facades takes 0.00 sec, update config takes 0.00 sec 
2025-04-30 22:53:44,671 [Worker-84: Building] WARN  o.a.m.s.f.DefaultMavenResourcesFiltering - Using platform encoding (UTF-8 actually) to copy filtered resources, i.e. build is platform dependent!
2025-04-30 22:53:44,673 [Worker-84: Building] INFO  o.a.m.s.f.DefaultMavenResourcesFiltering - Copying 0 resource from src\main\resources to target\classes
2025-04-30 22:53:44,676 [Worker-84: Building] WARN  o.a.m.s.f.DefaultMavenResourcesFiltering - Using platform encoding (UTF-8 actually) to copy filtered resources, i.e. build is platform dependent!
2025-04-30 22:53:44,735 [Worker-84: Building] INFO  o.a.m.s.f.DefaultMavenResourcesFiltering - Copying 0 resource from src\test\resources to target\test-classes
2025-04-30 22:54:14,216 [Worker-80: Launching Executing clean in D__pradeep_Automation_KarateAPI_test-api] INFO  o.eclipse.m2e.core.internal.Bundles - getClasspathEntries(Bundle=org.eclipse.m2e.maven.runtime_3.9.900.20240824-1409 [642])
2025-04-30 22:54:14,217 [Worker-80: Launching Executing clean in D__pradeep_Automation_KarateAPI_test-api] INFO  o.eclipse.m2e.core.internal.Bundles - 	Entry: C:\Users\Dell\.p2\pool\plugins\org.eclipse.m2e.maven.runtime_3.9.900.20240824-1409
2025-04-30 22:54:14,218 [Worker-80: Launching Executing clean in D__pradeep_Automation_KarateAPI_test-api] INFO  o.eclipse.m2e.core.internal.Bundles - 	Entry: C:\Users\Dell\.p2\pool\plugins\org.eclipse.m2e.maven.runtime_3.9.900.20240824-1409\jars\aopalliance-1.0.jar
2025-04-30 22:54:14,218 [Worker-80: Launching Executing clean in D__pradeep_Automation_KarateAPI_test-api] INFO  o.eclipse.m2e.core.internal.Bundles - 	Entry: C:\Users\Dell\.p2\pool\plugins\org.eclipse.m2e.maven.runtime_3.9.900.20240824-1409\jars\guice-5.1.0.jar
2025-04-30 22:54:14,218 [Worker-80: Launching Executing clean in D__pradeep_Automation_KarateAPI_test-api] INFO  o.eclipse.m2e.core.internal.Bundles - 	Entry: C:\Users\Dell\.p2\pool\plugins\org.eclipse.m2e.maven.runtime_3.9.900.20240824-1409\jars\httpclient-4.5.14.jar
2025-04-30 22:54:14,218 [Worker-80: Launching Executing clean in D__pradeep_Automation_KarateAPI_test-api] INFO  o.eclipse.m2e.core.internal.Bundles - 	Entry: C:\Users\Dell\.p2\pool\plugins\org.eclipse.m2e.maven.runtime_3.9.900.20240824-1409\jars\httpcore-4.4.16.jar
2025-04-30 22:54:14,218 [Worker-80: Launching Executing clean in D__pradeep_Automation_KarateAPI_test-api] INFO  o.eclipse.m2e.core.internal.Bundles - 	Entry: C:\Users\Dell\.p2\pool\plugins\org.eclipse.m2e.maven.runtime_3.9.900.20240824-1409\jars\jansi-2.4.1.jar
2025-04-30 22:54:14,218 [Worker-80: Launching Executing clean in D__pradeep_Automation_KarateAPI_test-api] INFO  o.eclipse.m2e.core.internal.Bundles - 	Entry: C:\Users\Dell\.p2\pool\plugins\org.eclipse.m2e.maven.runtime_3.9.900.20240824-1409\jars\jcl-over-slf4j-1.7.36.jar
2025-04-30 22:54:14,218 [Worker-80: Launching Executing clean in D__pradeep_Automation_KarateAPI_test-api] INFO  o.eclipse.m2e.core.internal.Bundles - 	Entry: C:\Users\Dell\.p2\pool\plugins\org.eclipse.m2e.maven.runtime_3.9.900.20240824-1409\jars\maven-artifact-3.9.9.jar
2025-04-30 22:54:14,218 [Worker-80: Launching Executing clean in D__pradeep_Automation_KarateAPI_test-api] INFO  o.eclipse.m2e.core.internal.Bundles - 	Entry: C:\Users\Dell\.p2\pool\plugins\org.eclipse.m2e.maven.runtime_3.9.900.20240824-1409\jars\maven-builder-support-3.9.9.jar
2025-04-30 22:54:14,218 [Worker-80: Launching Executing clean in D__pradeep_Automation_KarateAPI_test-api] INFO  o.eclipse.m2e.core.internal.Bundles - 	Entry: C:\Users\Dell\.p2\pool\plugins\org.eclipse.m2e.maven.runtime_3.9.900.20240824-1409\jars\maven-compat-3.9.9.jar
2025-04-30 22:54:14,220 [Worker-80: Launching Executing clean in D__pradeep_Automation_KarateAPI_test-api] INFO  o.eclipse.m2e.core.internal.Bundles - 	Entry: C:\Users\Dell\.p2\pool\plugins\org.eclipse.m2e.maven.runtime_3.9.900.20240824-1409\jars\maven-core-3.9.9.jar
2025-04-30 22:54:14,220 [Worker-80: Launching Executing clean in D__pradeep_Automation_KarateAPI_test-api] INFO  o.eclipse.m2e.core.internal.Bundles - 	Entry: C:\Users\Dell\.p2\pool\plugins\org.eclipse.m2e.maven.runtime_3.9.900.20240824-1409\jars\maven-embedder-3.9.9.jar
2025-04-30 22:54:14,220 [Worker-80: Launching Executing clean in D__pradeep_Automation_KarateAPI_test-api] INFO  o.eclipse.m2e.core.internal.Bundles - 	Entry: C:\Users\Dell\.p2\pool\plugins\org.eclipse.m2e.maven.runtime_3.9.900.20240824-1409\jars\maven-model-3.9.9.jar
2025-04-30 22:54:14,220 [Worker-80: Launching Executing clean in D__pradeep_Automation_KarateAPI_test-api] INFO  o.eclipse.m2e.core.internal.Bundles - 	Entry: C:\Users\Dell\.p2\pool\plugins\org.eclipse.m2e.maven.runtime_3.9.900.20240824-1409\jars\maven-model-builder-3.9.9.jar
2025-04-30 22:54:14,220 [Worker-80: Launching Executing clean in D__pradeep_Automation_KarateAPI_test-api] INFO  o.eclipse.m2e.core.internal.Bundles - 	Entry: C:\Users\Dell\.p2\pool\plugins\org.eclipse.m2e.maven.runtime_3.9.900.20240824-1409\jars\maven-plugin-api-3.9.9.jar
2025-04-30 22:54:14,220 [Worker-80: Launching Executing clean in D__pradeep_Automation_KarateAPI_test-api] INFO  o.eclipse.m2e.core.internal.Bundles - 	Entry: C:\Users\Dell\.p2\pool\plugins\org.eclipse.m2e.maven.runtime_3.9.900.20240824-1409\jars\maven-repository-metadata-3.9.9.jar
2025-04-30 22:54:14,220 [Worker-80: Launching Executing clean in D__pradeep_Automation_KarateAPI_test-api] INFO  o.eclipse.m2e.core.internal.Bundles - 	Entry: C:\Users\Dell\.p2\pool\plugins\org.eclipse.m2e.maven.runtime_3.9.900.20240824-1409\jars\maven-resolver-api-1.9.22.jar
2025-04-30 22:54:14,221 [Worker-80: Launching Executing clean in D__pradeep_Automation_KarateAPI_test-api] INFO  o.eclipse.m2e.core.internal.Bundles - 	Entry: C:\Users\Dell\.p2\pool\plugins\org.eclipse.m2e.maven.runtime_3.9.900.20240824-1409\jars\maven-resolver-connector-basic-1.9.22.jar
2025-04-30 22:54:14,221 [Worker-80: Launching Executing clean in D__pradeep_Automation_KarateAPI_test-api] INFO  o.eclipse.m2e.core.internal.Bundles - 	Entry: C:\Users\Dell\.p2\pool\plugins\org.eclipse.m2e.maven.runtime_3.9.900.20240824-1409\jars\maven-resolver-impl-1.9.22.jar
2025-04-30 22:54:14,221 [Worker-80: Launching Executing clean in D__pradeep_Automation_KarateAPI_test-api] INFO  o.eclipse.m2e.core.internal.Bundles - 	Entry: C:\Users\Dell\.p2\pool\plugins\org.eclipse.m2e.maven.runtime_3.9.900.20240824-1409\jars\maven-resolver-named-locks-1.9.22.jar
2025-04-30 22:54:14,221 [Worker-80: Launching Executing clean in D__pradeep_Automation_KarateAPI_test-api] INFO  o.eclipse.m2e.core.internal.Bundles - 	Entry: C:\Users\Dell\.p2\pool\plugins\org.eclipse.m2e.maven.runtime_3.9.900.20240824-1409\jars\maven-resolver-provider-3.9.9.jar
2025-04-30 22:54:14,221 [Worker-80: Launching Executing clean in D__pradeep_Automation_KarateAPI_test-api] INFO  o.eclipse.m2e.core.internal.Bundles - 	Entry: C:\Users\Dell\.p2\pool\plugins\org.eclipse.m2e.maven.runtime_3.9.900.20240824-1409\jars\maven-resolver-spi-1.9.22.jar
2025-04-30 22:54:14,221 [Worker-80: Launching Executing clean in D__pradeep_Automation_KarateAPI_test-api] INFO  o.eclipse.m2e.core.internal.Bundles - 	Entry: C:\Users\Dell\.p2\pool\plugins\org.eclipse.m2e.maven.runtime_3.9.900.20240824-1409\jars\maven-resolver-transport-file-1.9.22.jar
2025-04-30 22:54:14,221 [Worker-80: Launching Executing clean in D__pradeep_Automation_KarateAPI_test-api] INFO  o.eclipse.m2e.core.internal.Bundles - 	Entry: C:\Users\Dell\.p2\pool\plugins\org.eclipse.m2e.maven.runtime_3.9.900.20240824-1409\jars\maven-resolver-transport-http-1.9.22.jar
2025-04-30 22:54:14,221 [Worker-80: Launching Executing clean in D__pradeep_Automation_KarateAPI_test-api] INFO  o.eclipse.m2e.core.internal.Bundles - 	Entry: C:\Users\Dell\.p2\pool\plugins\org.eclipse.m2e.maven.runtime_3.9.900.20240824-1409\jars\maven-resolver-transport-wagon-1.9.22.jar
2025-04-30 22:54:14,221 [Worker-80: Launching Executing clean in D__pradeep_Automation_KarateAPI_test-api] INFO  o.eclipse.m2e.core.internal.Bundles - 	Entry: C:\Users\Dell\.p2\pool\plugins\org.eclipse.m2e.maven.runtime_3.9.900.20240824-1409\jars\maven-resolver-util-1.9.22.jar
2025-04-30 22:54:14,221 [Worker-80: Launching Executing clean in D__pradeep_Automation_KarateAPI_test-api] INFO  o.eclipse.m2e.core.internal.Bundles - 	Entry: C:\Users\Dell\.p2\pool\plugins\org.eclipse.m2e.maven.runtime_3.9.900.20240824-1409\jars\maven-settings-3.9.9.jar
2025-04-30 22:54:14,221 [Worker-80: Launching Executing clean in D__pradeep_Automation_KarateAPI_test-api] INFO  o.eclipse.m2e.core.internal.Bundles - 	Entry: C:\Users\Dell\.p2\pool\plugins\org.eclipse.m2e.maven.runtime_3.9.900.20240824-1409\jars\maven-settings-builder-3.9.9.jar
2025-04-30 22:54:14,222 [Worker-80: Launching Executing clean in D__pradeep_Automation_KarateAPI_test-api] INFO  o.eclipse.m2e.core.internal.Bundles - 	Entry: C:\Users\Dell\.p2\pool\plugins\org.eclipse.m2e.maven.runtime_3.9.900.20240824-1409\jars\maven-shared-utils-3.4.2.jar
2025-04-30 22:54:14,222 [Worker-80: Launching Executing clean in D__pradeep_Automation_KarateAPI_test-api] INFO  o.eclipse.m2e.core.internal.Bundles - 	Entry: C:\Users\Dell\.p2\pool\plugins\org.eclipse.m2e.maven.runtime_3.9.900.20240824-1409\jars\org.eclipse.sisu.inject-0.9.0.M3.jar
2025-04-30 22:54:14,222 [Worker-80: Launching Executing clean in D__pradeep_Automation_KarateAPI_test-api] INFO  o.eclipse.m2e.core.internal.Bundles - 	Entry: C:\Users\Dell\.p2\pool\plugins\org.eclipse.m2e.maven.runtime_3.9.900.20240824-1409\jars\org.eclipse.sisu.plexus-0.9.0.M3.jar
2025-04-30 22:54:14,222 [Worker-80: Launching Executing clean in D__pradeep_Automation_KarateAPI_test-api] INFO  o.eclipse.m2e.core.internal.Bundles - 	Entry: C:\Users\Dell\.p2\pool\plugins\org.eclipse.m2e.maven.runtime_3.9.900.20240824-1409\jars\plexus-build-api-0.0.7.jar
2025-04-30 22:54:14,222 [Worker-80: Launching Executing clean in D__pradeep_Automation_KarateAPI_test-api] INFO  o.eclipse.m2e.core.internal.Bundles - 	Entry: C:\Users\Dell\.p2\pool\plugins\org.eclipse.m2e.maven.runtime_3.9.900.20240824-1409\jars\plexus-build-api-1.2.0.jar
2025-04-30 22:54:14,222 [Worker-80: Launching Executing clean in D__pradeep_Automation_KarateAPI_test-api] INFO  o.eclipse.m2e.core.internal.Bundles - 	Entry: C:\Users\Dell\.p2\pool\plugins\org.eclipse.m2e.maven.runtime_3.9.900.20240824-1409\jars\plexus-cipher-2.0.jar
2025-04-30 22:54:14,222 [Worker-80: Launching Executing clean in D__pradeep_Automation_KarateAPI_test-api] INFO  o.eclipse.m2e.core.internal.Bundles - 	Entry: C:\Users\Dell\.p2\pool\plugins\org.eclipse.m2e.maven.runtime_3.9.900.20240824-1409\jars\plexus-classworlds-2.8.0.jar
2025-04-30 22:54:14,222 [Worker-80: Launching Executing clean in D__pradeep_Automation_KarateAPI_test-api] INFO  o.eclipse.m2e.core.internal.Bundles - 	Entry: C:\Users\Dell\.p2\pool\plugins\org.eclipse.m2e.maven.runtime_3.9.900.20240824-1409\jars\plexus-component-annotations-2.1.0.jar
2025-04-30 22:54:14,222 [Worker-80: Launching Executing clean in D__pradeep_Automation_KarateAPI_test-api] INFO  o.eclipse.m2e.core.internal.Bundles - 	Entry: C:\Users\Dell\.p2\pool\plugins\org.eclipse.m2e.maven.runtime_3.9.900.20240824-1409\jars\plexus-interpolation-1.27.jar
2025-04-30 22:54:14,222 [Worker-80: Launching Executing clean in D__pradeep_Automation_KarateAPI_test-api] INFO  o.eclipse.m2e.core.internal.Bundles - 	Entry: C:\Users\Dell\.p2\pool\plugins\org.eclipse.m2e.maven.runtime_3.9.900.20240824-1409\jars\plexus-sec-dispatcher-2.0.jar
2025-04-30 22:54:14,223 [Worker-80: Launching Executing clean in D__pradeep_Automation_KarateAPI_test-api] INFO  o.eclipse.m2e.core.internal.Bundles - 	Entry: C:\Users\Dell\.p2\pool\plugins\org.eclipse.m2e.maven.runtime_3.9.900.20240824-1409\jars\plexus-utils-3.5.1.jar
2025-04-30 22:54:14,223 [Worker-80: Launching Executing clean in D__pradeep_Automation_KarateAPI_test-api] INFO  o.eclipse.m2e.core.internal.Bundles - 	Entry: C:\Users\Dell\.p2\pool\plugins\org.eclipse.m2e.maven.runtime_3.9.900.20240824-1409\jars\plexus-xml-3.0.1.jar
2025-04-30 22:54:14,223 [Worker-80: Launching Executing clean in D__pradeep_Automation_KarateAPI_test-api] INFO  o.eclipse.m2e.core.internal.Bundles - 	Entry: C:\Users\Dell\.p2\pool\plugins\org.eclipse.m2e.maven.runtime_3.9.900.20240824-1409\jars\wagon-file-3.5.3.jar
2025-04-30 22:54:14,223 [Worker-80: Launching Executing clean in D__pradeep_Automation_KarateAPI_test-api] INFO  o.eclipse.m2e.core.internal.Bundles - 	Entry: C:\Users\Dell\.p2\pool\plugins\org.eclipse.m2e.maven.runtime_3.9.900.20240824-1409\jars\wagon-http-3.5.3.jar
2025-04-30 22:54:14,223 [Worker-80: Launching Executing clean in D__pradeep_Automation_KarateAPI_test-api] INFO  o.eclipse.m2e.core.internal.Bundles - 	Entry: C:\Users\Dell\.p2\pool\plugins\org.eclipse.m2e.maven.runtime_3.9.900.20240824-1409\jars\wagon-http-shared-3.5.3.jar
2025-04-30 22:54:14,223 [Worker-80: Launching Executing clean in D__pradeep_Automation_KarateAPI_test-api] INFO  o.eclipse.m2e.core.internal.Bundles - 	Entry: C:\Users\Dell\.p2\pool\plugins\org.eclipse.m2e.maven.runtime_3.9.900.20240824-1409\jars\wagon-provider-api-3.5.3.jar
2025-04-30 22:54:14,223 [Worker-80: Launching Executing clean in D__pradeep_Automation_KarateAPI_test-api] INFO  o.eclipse.m2e.core.internal.Bundles - getClasspathEntries(Bundle=com.google.guava_33.3.1.jre [1017])
2025-04-30 22:54:14,224 [Worker-80: Launching Executing clean in D__pradeep_Automation_KarateAPI_test-api] INFO  o.eclipse.m2e.core.internal.Bundles - 	Entry: C:\Users\Dell\.p2\pool\plugins\com.google.guava_33.3.1.jre.jar
2025-04-30 22:54:14,224 [Worker-80: Launching Executing clean in D__pradeep_Automation_KarateAPI_test-api] INFO  o.eclipse.m2e.core.internal.Bundles - getClasspathEntries(Bundle=slf4j.api_2.0.16 [1007])
2025-04-30 22:54:14,224 [Worker-80: Launching Executing clean in D__pradeep_Automation_KarateAPI_test-api] INFO  o.eclipse.m2e.core.internal.Bundles - 	Entry: C:\Users\Dell\.p2\pool\plugins\slf4j.api_2.0.16.jar
2025-04-30 22:54:14,224 [Worker-80: Launching Executing clean in D__pradeep_Automation_KarateAPI_test-api] INFO  o.eclipse.m2e.core.internal.Bundles - getClasspathEntries(Bundle=javax.inject_1.0.0.v20220405-0441 [1026])
2025-04-30 22:54:14,224 [Worker-80: Launching Executing clean in D__pradeep_Automation_KarateAPI_test-api] INFO  o.eclipse.m2e.core.internal.Bundles - 	Entry: C:\Users\Dell\.p2\pool\plugins\javax.inject_1.0.0.v20220405-0441.jar
2025-04-30 22:54:14,224 [Worker-80: Launching Executing clean in D__pradeep_Automation_KarateAPI_test-api] INFO  o.eclipse.m2e.core.internal.Bundles - getClasspathEntries(Bundle=javax.annotation_1.3.5.v20230504-0748 [1025])
2025-04-30 22:54:14,225 [Worker-80: Launching Executing clean in D__pradeep_Automation_KarateAPI_test-api] INFO  o.eclipse.m2e.core.internal.Bundles - 	Entry: C:\Users\Dell\.p2\pool\plugins\javax.annotation_1.3.5.v20230504-0748.jar
2025-04-30 22:54:14,225 [Worker-80: Launching Executing clean in D__pradeep_Automation_KarateAPI_test-api] INFO  o.eclipse.m2e.core.internal.Bundles - getClasspathEntries(Bundle=org.apache.commons.cli_1.9.0 [78])
2025-04-30 22:54:14,225 [Worker-80: Launching Executing clean in D__pradeep_Automation_KarateAPI_test-api] INFO  o.eclipse.m2e.core.internal.Bundles - 	Entry: C:\Users\Dell\.p2\pool\plugins\org.apache.commons.cli_1.9.0.jar
2025-04-30 22:54:14,225 [Worker-80: Launching Executing clean in D__pradeep_Automation_KarateAPI_test-api] INFO  o.eclipse.m2e.core.internal.Bundles - getClasspathEntries(Bundle=org.apache.commons.commons-codec_1.16.0 [81])
2025-04-30 22:54:14,225 [Worker-80: Launching Executing clean in D__pradeep_Automation_KarateAPI_test-api] INFO  o.eclipse.m2e.core.internal.Bundles - 	Entry: C:\Users\Dell\.p2\pool\plugins\org.apache.commons.commons-codec_1.16.0.jar
2025-04-30 22:54:14,225 [Worker-80: Launching Executing clean in D__pradeep_Automation_KarateAPI_test-api] INFO  o.eclipse.m2e.core.internal.Bundles - getClasspathEntries(Bundle=com.google.guava.failureaccess_1.0.2 [17])
2025-04-30 22:54:14,225 [Worker-80: Launching Executing clean in D__pradeep_Automation_KarateAPI_test-api] INFO  o.eclipse.m2e.core.internal.Bundles - 	Entry: C:\Users\Dell\.p2\pool\plugins\com.google.guava.failureaccess_1.0.2.jar
2025-04-30 22:54:14,227 [Worker-80: Launching Executing clean in D__pradeep_Automation_KarateAPI_test-api] INFO  o.e.m.i.launch.MavenLaunchDelegate - Run build in "D:\pradeep\Automation\KarateAPI\test-api":
2025-04-30 22:54:14,227 [Worker-80: Launching Executing clean in D__pradeep_Automation_KarateAPI_test-api] INFO  o.e.m.i.launch.MavenLaunchDelegate -  mvn  -B -Dstyle.color=always clean
2025-04-30 22:54:16,934 [Worker-83: Building] WARN  o.a.m.s.f.DefaultMavenResourcesFiltering - Using platform encoding (UTF-8 actually) to copy filtered resources, i.e. build is platform dependent!
2025-04-30 22:54:16,935 [Worker-83: Building] INFO  o.a.m.s.f.DefaultMavenResourcesFiltering - Copying 0 resource from src\main\resources to target\classes
2025-04-30 22:54:16,938 [Worker-83: Building] WARN  o.a.m.s.f.DefaultMavenResourcesFiltering - Using platform encoding (UTF-8 actually) to copy filtered resources, i.e. build is platform dependent!
2025-04-30 22:54:16,947 [Worker-83: Building] INFO  o.a.m.s.f.DefaultMavenResourcesFiltering - Copying 0 resource from src\test\resources to target\test-classes
2025-04-30 22:54:24,545 [main] INFO  o.e.m2e.actions.ExecutePomAction - Creating new launch configuration
2025-04-30 22:54:30,389 [Worker-84: Launching test-api (2)] INFO  o.eclipse.m2e.core.internal.Bundles - getClasspathEntries(Bundle=org.eclipse.m2e.maven.runtime_3.9.900.20240824-1409 [642])
2025-04-30 22:54:30,390 [Worker-84: Launching test-api (2)] INFO  o.eclipse.m2e.core.internal.Bundles - 	Entry: C:\Users\Dell\.p2\pool\plugins\org.eclipse.m2e.maven.runtime_3.9.900.20240824-1409
2025-04-30 22:54:30,390 [Worker-84: Launching test-api (2)] INFO  o.eclipse.m2e.core.internal.Bundles - 	Entry: C:\Users\Dell\.p2\pool\plugins\org.eclipse.m2e.maven.runtime_3.9.900.20240824-1409\jars\aopalliance-1.0.jar
2025-04-30 22:54:30,390 [Worker-84: Launching test-api (2)] INFO  o.eclipse.m2e.core.internal.Bundles - 	Entry: C:\Users\Dell\.p2\pool\plugins\org.eclipse.m2e.maven.runtime_3.9.900.20240824-1409\jars\guice-5.1.0.jar
2025-04-30 22:54:30,390 [Worker-84: Launching test-api (2)] INFO  o.eclipse.m2e.core.internal.Bundles - 	Entry: C:\Users\Dell\.p2\pool\plugins\org.eclipse.m2e.maven.runtime_3.9.900.20240824-1409\jars\httpclient-4.5.14.jar
2025-04-30 22:54:30,390 [Worker-84: Launching test-api (2)] INFO  o.eclipse.m2e.core.internal.Bundles - 	Entry: C:\Users\Dell\.p2\pool\plugins\org.eclipse.m2e.maven.runtime_3.9.900.20240824-1409\jars\httpcore-4.4.16.jar
2025-04-30 22:54:30,391 [Worker-84: Launching test-api (2)] INFO  o.eclipse.m2e.core.internal.Bundles - 	Entry: C:\Users\Dell\.p2\pool\plugins\org.eclipse.m2e.maven.runtime_3.9.900.20240824-1409\jars\jansi-2.4.1.jar
2025-04-30 22:54:30,391 [Worker-84: Launching test-api (2)] INFO  o.eclipse.m2e.core.internal.Bundles - 	Entry: C:\Users\Dell\.p2\pool\plugins\org.eclipse.m2e.maven.runtime_3.9.900.20240824-1409\jars\jcl-over-slf4j-1.7.36.jar
2025-04-30 22:54:30,391 [Worker-84: Launching test-api (2)] INFO  o.eclipse.m2e.core.internal.Bundles - 	Entry: C:\Users\Dell\.p2\pool\plugins\org.eclipse.m2e.maven.runtime_3.9.900.20240824-1409\jars\maven-artifact-3.9.9.jar
2025-04-30 22:54:30,391 [Worker-84: Launching test-api (2)] INFO  o.eclipse.m2e.core.internal.Bundles - 	Entry: C:\Users\Dell\.p2\pool\plugins\org.eclipse.m2e.maven.runtime_3.9.900.20240824-1409\jars\maven-builder-support-3.9.9.jar
2025-04-30 22:54:30,391 [Worker-84: Launching test-api (2)] INFO  o.eclipse.m2e.core.internal.Bundles - 	Entry: C:\Users\Dell\.p2\pool\plugins\org.eclipse.m2e.maven.runtime_3.9.900.20240824-1409\jars\maven-compat-3.9.9.jar
2025-04-30 22:54:30,391 [Worker-84: Launching test-api (2)] INFO  o.eclipse.m2e.core.internal.Bundles - 	Entry: C:\Users\Dell\.p2\pool\plugins\org.eclipse.m2e.maven.runtime_3.9.900.20240824-1409\jars\maven-core-3.9.9.jar
2025-04-30 22:54:30,391 [Worker-84: Launching test-api (2)] INFO  o.eclipse.m2e.core.internal.Bundles - 	Entry: C:\Users\Dell\.p2\pool\plugins\org.eclipse.m2e.maven.runtime_3.9.900.20240824-1409\jars\maven-embedder-3.9.9.jar
2025-04-30 22:54:30,391 [Worker-84: Launching test-api (2)] INFO  o.eclipse.m2e.core.internal.Bundles - 	Entry: C:\Users\Dell\.p2\pool\plugins\org.eclipse.m2e.maven.runtime_3.9.900.20240824-1409\jars\maven-model-3.9.9.jar
2025-04-30 22:54:30,391 [Worker-84: Launching test-api (2)] INFO  o.eclipse.m2e.core.internal.Bundles - 	Entry: C:\Users\Dell\.p2\pool\plugins\org.eclipse.m2e.maven.runtime_3.9.900.20240824-1409\jars\maven-model-builder-3.9.9.jar
2025-04-30 22:54:30,391 [Worker-84: Launching test-api (2)] INFO  o.eclipse.m2e.core.internal.Bundles - 	Entry: C:\Users\Dell\.p2\pool\plugins\org.eclipse.m2e.maven.runtime_3.9.900.20240824-1409\jars\maven-plugin-api-3.9.9.jar
2025-04-30 22:54:30,392 [Worker-84: Launching test-api (2)] INFO  o.eclipse.m2e.core.internal.Bundles - 	Entry: C:\Users\Dell\.p2\pool\plugins\org.eclipse.m2e.maven.runtime_3.9.900.20240824-1409\jars\maven-repository-metadata-3.9.9.jar
2025-04-30 22:54:30,392 [Worker-84: Launching test-api (2)] INFO  o.eclipse.m2e.core.internal.Bundles - 	Entry: C:\Users\Dell\.p2\pool\plugins\org.eclipse.m2e.maven.runtime_3.9.900.20240824-1409\jars\maven-resolver-api-1.9.22.jar
2025-04-30 22:54:30,392 [Worker-84: Launching test-api (2)] INFO  o.eclipse.m2e.core.internal.Bundles - 	Entry: C:\Users\Dell\.p2\pool\plugins\org.eclipse.m2e.maven.runtime_3.9.900.20240824-1409\jars\maven-resolver-connector-basic-1.9.22.jar
2025-04-30 22:54:30,392 [Worker-84: Launching test-api (2)] INFO  o.eclipse.m2e.core.internal.Bundles - 	Entry: C:\Users\Dell\.p2\pool\plugins\org.eclipse.m2e.maven.runtime_3.9.900.20240824-1409\jars\maven-resolver-impl-1.9.22.jar
2025-04-30 22:54:30,392 [Worker-84: Launching test-api (2)] INFO  o.eclipse.m2e.core.internal.Bundles - 	Entry: C:\Users\Dell\.p2\pool\plugins\org.eclipse.m2e.maven.runtime_3.9.900.20240824-1409\jars\maven-resolver-named-locks-1.9.22.jar
2025-04-30 22:54:30,392 [Worker-84: Launching test-api (2)] INFO  o.eclipse.m2e.core.internal.Bundles - 	Entry: C:\Users\Dell\.p2\pool\plugins\org.eclipse.m2e.maven.runtime_3.9.900.20240824-1409\jars\maven-resolver-provider-3.9.9.jar
2025-04-30 22:54:30,392 [Worker-84: Launching test-api (2)] INFO  o.eclipse.m2e.core.internal.Bundles - 	Entry: C:\Users\Dell\.p2\pool\plugins\org.eclipse.m2e.maven.runtime_3.9.900.20240824-1409\jars\maven-resolver-spi-1.9.22.jar
2025-04-30 22:54:30,392 [Worker-84: Launching test-api (2)] INFO  o.eclipse.m2e.core.internal.Bundles - 	Entry: C:\Users\Dell\.p2\pool\plugins\org.eclipse.m2e.maven.runtime_3.9.900.20240824-1409\jars\maven-resolver-transport-file-1.9.22.jar
2025-04-30 22:54:30,392 [Worker-84: Launching test-api (2)] INFO  o.eclipse.m2e.core.internal.Bundles - 	Entry: C:\Users\Dell\.p2\pool\plugins\org.eclipse.m2e.maven.runtime_3.9.900.20240824-1409\jars\maven-resolver-transport-http-1.9.22.jar
2025-04-30 22:54:30,392 [Worker-84: Launching test-api (2)] INFO  o.eclipse.m2e.core.internal.Bundles - 	Entry: C:\Users\Dell\.p2\pool\plugins\org.eclipse.m2e.maven.runtime_3.9.900.20240824-1409\jars\maven-resolver-transport-wagon-1.9.22.jar
2025-04-30 22:54:30,393 [Worker-84: Launching test-api (2)] INFO  o.eclipse.m2e.core.internal.Bundles - 	Entry: C:\Users\Dell\.p2\pool\plugins\org.eclipse.m2e.maven.runtime_3.9.900.20240824-1409\jars\maven-resolver-util-1.9.22.jar
2025-04-30 22:54:30,393 [Worker-84: Launching test-api (2)] INFO  o.eclipse.m2e.core.internal.Bundles - 	Entry: C:\Users\Dell\.p2\pool\plugins\org.eclipse.m2e.maven.runtime_3.9.900.20240824-1409\jars\maven-settings-3.9.9.jar
2025-04-30 22:54:30,393 [Worker-84: Launching test-api (2)] INFO  o.eclipse.m2e.core.internal.Bundles - 	Entry: C:\Users\Dell\.p2\pool\plugins\org.eclipse.m2e.maven.runtime_3.9.900.20240824-1409\jars\maven-settings-builder-3.9.9.jar
2025-04-30 22:54:30,393 [Worker-84: Launching test-api (2)] INFO  o.eclipse.m2e.core.internal.Bundles - 	Entry: C:\Users\Dell\.p2\pool\plugins\org.eclipse.m2e.maven.runtime_3.9.900.20240824-1409\jars\maven-shared-utils-3.4.2.jar
2025-04-30 22:54:30,393 [Worker-84: Launching test-api (2)] INFO  o.eclipse.m2e.core.internal.Bundles - 	Entry: C:\Users\Dell\.p2\pool\plugins\org.eclipse.m2e.maven.runtime_3.9.900.20240824-1409\jars\org.eclipse.sisu.inject-0.9.0.M3.jar
2025-04-30 22:54:30,393 [Worker-84: Launching test-api (2)] INFO  o.eclipse.m2e.core.internal.Bundles - 	Entry: C:\Users\Dell\.p2\pool\plugins\org.eclipse.m2e.maven.runtime_3.9.900.20240824-1409\jars\org.eclipse.sisu.plexus-0.9.0.M3.jar
2025-04-30 22:54:30,393 [Worker-84: Launching test-api (2)] INFO  o.eclipse.m2e.core.internal.Bundles - 	Entry: C:\Users\Dell\.p2\pool\plugins\org.eclipse.m2e.maven.runtime_3.9.900.20240824-1409\jars\plexus-build-api-0.0.7.jar
2025-04-30 22:54:30,393 [Worker-84: Launching test-api (2)] INFO  o.eclipse.m2e.core.internal.Bundles - 	Entry: C:\Users\Dell\.p2\pool\plugins\org.eclipse.m2e.maven.runtime_3.9.900.20240824-1409\jars\plexus-build-api-1.2.0.jar
2025-04-30 22:54:30,393 [Worker-84: Launching test-api (2)] INFO  o.eclipse.m2e.core.internal.Bundles - 	Entry: C:\Users\Dell\.p2\pool\plugins\org.eclipse.m2e.maven.runtime_3.9.900.20240824-1409\jars\plexus-cipher-2.0.jar
2025-04-30 22:54:30,393 [Worker-84: Launching test-api (2)] INFO  o.eclipse.m2e.core.internal.Bundles - 	Entry: C:\Users\Dell\.p2\pool\plugins\org.eclipse.m2e.maven.runtime_3.9.900.20240824-1409\jars\plexus-classworlds-2.8.0.jar
2025-04-30 22:54:30,393 [Worker-84: Launching test-api (2)] INFO  o.eclipse.m2e.core.internal.Bundles - 	Entry: C:\Users\Dell\.p2\pool\plugins\org.eclipse.m2e.maven.runtime_3.9.900.20240824-1409\jars\plexus-component-annotations-2.1.0.jar
2025-04-30 22:54:30,394 [Worker-84: Launching test-api (2)] INFO  o.eclipse.m2e.core.internal.Bundles - 	Entry: C:\Users\Dell\.p2\pool\plugins\org.eclipse.m2e.maven.runtime_3.9.900.20240824-1409\jars\plexus-interpolation-1.27.jar
2025-04-30 22:54:30,394 [Worker-84: Launching test-api (2)] INFO  o.eclipse.m2e.core.internal.Bundles - 	Entry: C:\Users\Dell\.p2\pool\plugins\org.eclipse.m2e.maven.runtime_3.9.900.20240824-1409\jars\plexus-sec-dispatcher-2.0.jar
2025-04-30 22:54:30,394 [Worker-84: Launching test-api (2)] INFO  o.eclipse.m2e.core.internal.Bundles - 	Entry: C:\Users\Dell\.p2\pool\plugins\org.eclipse.m2e.maven.runtime_3.9.900.20240824-1409\jars\plexus-utils-3.5.1.jar
2025-04-30 22:54:30,394 [Worker-84: Launching test-api (2)] INFO  o.eclipse.m2e.core.internal.Bundles - 	Entry: C:\Users\Dell\.p2\pool\plugins\org.eclipse.m2e.maven.runtime_3.9.900.20240824-1409\jars\plexus-xml-3.0.1.jar
2025-04-30 22:54:30,394 [Worker-84: Launching test-api (2)] INFO  o.eclipse.m2e.core.internal.Bundles - 	Entry: C:\Users\Dell\.p2\pool\plugins\org.eclipse.m2e.maven.runtime_3.9.900.20240824-1409\jars\wagon-file-3.5.3.jar
2025-04-30 22:54:30,394 [Worker-84: Launching test-api (2)] INFO  o.eclipse.m2e.core.internal.Bundles - 	Entry: C:\Users\Dell\.p2\pool\plugins\org.eclipse.m2e.maven.runtime_3.9.900.20240824-1409\jars\wagon-http-3.5.3.jar
2025-04-30 22:54:30,394 [Worker-84: Launching test-api (2)] INFO  o.eclipse.m2e.core.internal.Bundles - 	Entry: C:\Users\Dell\.p2\pool\plugins\org.eclipse.m2e.maven.runtime_3.9.900.20240824-1409\jars\wagon-http-shared-3.5.3.jar
2025-04-30 22:54:30,394 [Worker-84: Launching test-api (2)] INFO  o.eclipse.m2e.core.internal.Bundles - 	Entry: C:\Users\Dell\.p2\pool\plugins\org.eclipse.m2e.maven.runtime_3.9.900.20240824-1409\jars\wagon-provider-api-3.5.3.jar
2025-04-30 22:54:30,394 [Worker-84: Launching test-api (2)] INFO  o.eclipse.m2e.core.internal.Bundles - getClasspathEntries(Bundle=com.google.guava_33.3.1.jre [1017])
2025-04-30 22:54:30,395 [Worker-84: Launching test-api (2)] INFO  o.eclipse.m2e.core.internal.Bundles - 	Entry: C:\Users\Dell\.p2\pool\plugins\com.google.guava_33.3.1.jre.jar
2025-04-30 22:54:30,395 [Worker-84: Launching test-api (2)] INFO  o.eclipse.m2e.core.internal.Bundles - getClasspathEntries(Bundle=slf4j.api_2.0.16 [1007])
2025-04-30 22:54:30,395 [Worker-84: Launching test-api (2)] INFO  o.eclipse.m2e.core.internal.Bundles - 	Entry: C:\Users\Dell\.p2\pool\plugins\slf4j.api_2.0.16.jar
2025-04-30 22:54:30,395 [Worker-84: Launching test-api (2)] INFO  o.eclipse.m2e.core.internal.Bundles - getClasspathEntries(Bundle=javax.inject_1.0.0.v20220405-0441 [1026])
2025-04-30 22:54:30,395 [Worker-84: Launching test-api (2)] INFO  o.eclipse.m2e.core.internal.Bundles - 	Entry: C:\Users\Dell\.p2\pool\plugins\javax.inject_1.0.0.v20220405-0441.jar
2025-04-30 22:54:30,395 [Worker-84: Launching test-api (2)] INFO  o.eclipse.m2e.core.internal.Bundles - getClasspathEntries(Bundle=javax.annotation_1.3.5.v20230504-0748 [1025])
2025-04-30 22:54:30,395 [Worker-84: Launching test-api (2)] INFO  o.eclipse.m2e.core.internal.Bundles - 	Entry: C:\Users\Dell\.p2\pool\plugins\javax.annotation_1.3.5.v20230504-0748.jar
2025-04-30 22:54:30,395 [Worker-84: Launching test-api (2)] INFO  o.eclipse.m2e.core.internal.Bundles - getClasspathEntries(Bundle=org.apache.commons.cli_1.9.0 [78])
2025-04-30 22:54:30,396 [Worker-84: Launching test-api (2)] INFO  o.eclipse.m2e.core.internal.Bundles - 	Entry: C:\Users\Dell\.p2\pool\plugins\org.apache.commons.cli_1.9.0.jar
2025-04-30 22:54:30,396 [Worker-84: Launching test-api (2)] INFO  o.eclipse.m2e.core.internal.Bundles - getClasspathEntries(Bundle=org.apache.commons.commons-codec_1.16.0 [81])
2025-04-30 22:54:30,396 [Worker-84: Launching test-api (2)] INFO  o.eclipse.m2e.core.internal.Bundles - 	Entry: C:\Users\Dell\.p2\pool\plugins\org.apache.commons.commons-codec_1.16.0.jar
2025-04-30 22:54:30,396 [Worker-84: Launching test-api (2)] INFO  o.eclipse.m2e.core.internal.Bundles - getClasspathEntries(Bundle=com.google.guava.failureaccess_1.0.2 [17])
2025-04-30 22:54:30,396 [Worker-84: Launching test-api (2)] INFO  o.eclipse.m2e.core.internal.Bundles - 	Entry: C:\Users\Dell\.p2\pool\plugins\com.google.guava.failureaccess_1.0.2.jar
2025-04-30 22:54:30,397 [Worker-84: Launching test-api (2)] INFO  o.e.m.i.launch.MavenLaunchDelegate - Run build in "D:\pradeep\Automation\KarateAPI\test-api":
2025-04-30 22:54:30,397 [Worker-84: Launching test-api (2)] INFO  o.e.m.i.launch.MavenLaunchDelegate -  mvn  -B -Dstyle.color=always 
2025-04-30 22:56:32,406 [Worker-82: Building] WARN  o.a.m.s.f.DefaultMavenResourcesFiltering - Using platform encoding (UTF-8 actually) to copy filtered resources, i.e. build is platform dependent!
2025-04-30 22:56:32,412 [Worker-82: Building] INFO  o.a.m.s.f.DefaultMavenResourcesFiltering - Copying 0 resource from src\main\resources to target\classes
2025-04-30 22:56:32,415 [Worker-82: Building] WARN  o.a.m.s.f.DefaultMavenResourcesFiltering - Using platform encoding (UTF-8 actually) to copy filtered resources, i.e. build is platform dependent!
2025-04-30 22:56:32,495 [Worker-82: Building] INFO  o.a.m.s.f.DefaultMavenResourcesFiltering - Copying 0 resource from src\test\resources to target\test-classes
2025-04-30 22:58:15,939 [Worker-87: Launching InventoryRunner] INFO  o.e.m.c.i.e.AbstractTransferListenerAdapter - Downloading https://repo.maven.apache.org/maven2/org/junit/platform/junit-platform-launcher/1.9.3/junit-platform-launcher-1.9.3.jar
2025-04-30 22:58:16,124 [Worker-87: Launching InventoryRunner] INFO  o.e.m.c.i.e.AbstractTransferListenerAdapter - Downloaded https://repo.maven.apache.org/maven2/org/junit/platform/junit-platform-launcher/1.9.3/junit-platform-launcher-1.9.3.jar
2025-04-30 23:00:17,563 [Worker-93: Building] INFO  o.e.m.c.i.l.LifecycleMappingFactory - Using org.eclipse.m2e.jdt.JarLifecycleMapping lifecycle mapping for MavenProject: com.demo:test-api:0.0.1-SNAPSHOT @ D:\pradeep\Automation\KarateAPI\test-api\pom.xml.
2025-04-30 23:00:18,621 [Worker-93: Building] WARN  o.a.m.s.f.DefaultMavenResourcesFiltering - Using platform encoding (UTF-8 actually) to copy filtered resources, i.e. build is platform dependent!
2025-04-30 23:00:18,636 [Worker-93: Building] INFO  o.a.m.s.f.DefaultMavenResourcesFiltering - Copying 0 resource from src\main\resources to target\classes
2025-04-30 23:00:18,640 [Worker-93: Building] WARN  o.a.m.s.f.DefaultMavenResourcesFiltering - Using platform encoding (UTF-8 actually) to copy filtered resources, i.e. build is platform dependent!
2025-04-30 23:00:18,698 [Worker-93: Building] INFO  o.a.m.s.f.DefaultMavenResourcesFiltering - Copying 0 resource from src\test\resources to target\test-classes
2025-04-30 23:01:19,018 [Worker-94: Building] INFO  o.e.m.c.i.e.AbstractTransferListenerAdapter - Downloading https://repo.maven.apache.org/maven2/org/apache/maven/plugins/maven-surefire-plugin/3.0.0-M5/maven-surefire-plugin-3.0.0-M5.jar
2025-04-30 23:01:19,356 [Worker-94: Building] INFO  o.e.m.c.i.e.AbstractTransferListenerAdapter - Downloaded https://repo.maven.apache.org/maven2/org/apache/maven/plugins/maven-surefire-plugin/3.0.0-M5/maven-surefire-plugin-3.0.0-M5.jar
2025-04-30 23:01:19,559 [Worker-94: Building] INFO  o.e.m.c.i.l.LifecycleMappingFactory - Using org.eclipse.m2e.jdt.JarLifecycleMapping lifecycle mapping for MavenProject: com.demo:test-api:0.0.1-SNAPSHOT @ D:\pradeep\Automation\KarateAPI\test-api\pom.xml.
2025-04-30 23:01:19,999 [Worker-94: Building] WARN  o.a.m.s.f.DefaultMavenResourcesFiltering - Using platform encoding (UTF-8 actually) to copy filtered resources, i.e. build is platform dependent!
2025-04-30 23:01:20,004 [Worker-94: Building] INFO  o.a.m.s.f.DefaultMavenResourcesFiltering - Copying 0 resource from src\main\resources to target\classes
2025-04-30 23:01:20,009 [Worker-94: Building] WARN  o.a.m.s.f.DefaultMavenResourcesFiltering - Using platform encoding (UTF-8 actually) to copy filtered resources, i.e. build is platform dependent!
2025-04-30 23:01:20,010 [Worker-94: Building] INFO  o.a.m.s.f.DefaultMavenResourcesFiltering - Copying 0 resource from src\test\resources to target\test-classes
2025-04-30 23:01:20,057 [Worker-94: Building] INFO  o.e.m.c.i.e.AbstractTransferListenerAdapter - Downloading https://repo.maven.apache.org/maven2/org/apache/maven/plugins/maven-surefire-plugin/3.0.0-M5/maven-surefire-plugin-3.0.0-M5.pom
2025-04-30 23:01:20,093 [Worker-94: Building] INFO  o.e.m.c.i.e.AbstractTransferListenerAdapter - Downloaded https://repo.maven.apache.org/maven2/org/apache/maven/plugins/maven-surefire-plugin/3.0.0-M5/maven-surefire-plugin-3.0.0-M5.pom
2025-04-30 23:01:20,147 [Worker-94: Building] INFO  o.e.m.c.i.e.AbstractTransferListenerAdapter - Downloading https://repo.maven.apache.org/maven2/org/apache/maven/surefire/surefire/3.0.0-M5/surefire-3.0.0-M5.pom
2025-04-30 23:01:20,206 [Worker-94: Building] INFO  o.e.m.c.i.e.AbstractTransferListenerAdapter - Downloaded https://repo.maven.apache.org/maven2/org/apache/maven/surefire/surefire/3.0.0-M5/surefire-3.0.0-M5.pom
2025-04-30 23:02:03,998 [Worker-94: Launching Executing clean in D__pradeep_Automation_KarateAPI_test-api] INFO  o.eclipse.m2e.core.internal.Bundles - getClasspathEntries(Bundle=org.eclipse.m2e.maven.runtime_3.9.900.20240824-1409 [642])
2025-04-30 23:02:03,998 [Worker-94: Launching Executing clean in D__pradeep_Automation_KarateAPI_test-api] INFO  o.eclipse.m2e.core.internal.Bundles - 	Entry: C:\Users\Dell\.p2\pool\plugins\org.eclipse.m2e.maven.runtime_3.9.900.20240824-1409
2025-04-30 23:02:03,999 [Worker-94: Launching Executing clean in D__pradeep_Automation_KarateAPI_test-api] INFO  o.eclipse.m2e.core.internal.Bundles - 	Entry: C:\Users\Dell\.p2\pool\plugins\org.eclipse.m2e.maven.runtime_3.9.900.20240824-1409\jars\aopalliance-1.0.jar
2025-04-30 23:02:03,999 [Worker-94: Launching Executing clean in D__pradeep_Automation_KarateAPI_test-api] INFO  o.eclipse.m2e.core.internal.Bundles - 	Entry: C:\Users\Dell\.p2\pool\plugins\org.eclipse.m2e.maven.runtime_3.9.900.20240824-1409\jars\guice-5.1.0.jar
2025-04-30 23:02:03,999 [Worker-94: Launching Executing clean in D__pradeep_Automation_KarateAPI_test-api] INFO  o.eclipse.m2e.core.internal.Bundles - 	Entry: C:\Users\Dell\.p2\pool\plugins\org.eclipse.m2e.maven.runtime_3.9.900.20240824-1409\jars\httpclient-4.5.14.jar
2025-04-30 23:02:03,999 [Worker-94: Launching Executing clean in D__pradeep_Automation_KarateAPI_test-api] INFO  o.eclipse.m2e.core.internal.Bundles - 	Entry: C:\Users\Dell\.p2\pool\plugins\org.eclipse.m2e.maven.runtime_3.9.900.20240824-1409\jars\httpcore-4.4.16.jar
2025-04-30 23:02:03,999 [Worker-94: Launching Executing clean in D__pradeep_Automation_KarateAPI_test-api] INFO  o.eclipse.m2e.core.internal.Bundles - 	Entry: C:\Users\Dell\.p2\pool\plugins\org.eclipse.m2e.maven.runtime_3.9.900.20240824-1409\jars\jansi-2.4.1.jar
2025-04-30 23:02:03,999 [Worker-94: Launching Executing clean in D__pradeep_Automation_KarateAPI_test-api] INFO  o.eclipse.m2e.core.internal.Bundles - 	Entry: C:\Users\Dell\.p2\pool\plugins\org.eclipse.m2e.maven.runtime_3.9.900.20240824-1409\jars\jcl-over-slf4j-1.7.36.jar
2025-04-30 23:02:03,999 [Worker-94: Launching Executing clean in D__pradeep_Automation_KarateAPI_test-api] INFO  o.eclipse.m2e.core.internal.Bundles - 	Entry: C:\Users\Dell\.p2\pool\plugins\org.eclipse.m2e.maven.runtime_3.9.900.20240824-1409\jars\maven-artifact-3.9.9.jar
2025-04-30 23:02:03,999 [Worker-94: Launching Executing clean in D__pradeep_Automation_KarateAPI_test-api] INFO  o.eclipse.m2e.core.internal.Bundles - 	Entry: C:\Users\Dell\.p2\pool\plugins\org.eclipse.m2e.maven.runtime_3.9.900.20240824-1409\jars\maven-builder-support-3.9.9.jar
2025-04-30 23:02:03,999 [Worker-94: Launching Executing clean in D__pradeep_Automation_KarateAPI_test-api] INFO  o.eclipse.m2e.core.internal.Bundles - 	Entry: C:\Users\Dell\.p2\pool\plugins\org.eclipse.m2e.maven.runtime_3.9.900.20240824-1409\jars\maven-compat-3.9.9.jar
2025-04-30 23:02:03,999 [Worker-94: Launching Executing clean in D__pradeep_Automation_KarateAPI_test-api] INFO  o.eclipse.m2e.core.internal.Bundles - 	Entry: C:\Users\Dell\.p2\pool\plugins\org.eclipse.m2e.maven.runtime_3.9.900.20240824-1409\jars\maven-core-3.9.9.jar
2025-04-30 23:02:04,000 [Worker-94: Launching Executing clean in D__pradeep_Automation_KarateAPI_test-api] INFO  o.eclipse.m2e.core.internal.Bundles - 	Entry: C:\Users\Dell\.p2\pool\plugins\org.eclipse.m2e.maven.runtime_3.9.900.20240824-1409\jars\maven-embedder-3.9.9.jar
2025-04-30 23:02:04,000 [Worker-94: Launching Executing clean in D__pradeep_Automation_KarateAPI_test-api] INFO  o.eclipse.m2e.core.internal.Bundles - 	Entry: C:\Users\Dell\.p2\pool\plugins\org.eclipse.m2e.maven.runtime_3.9.900.20240824-1409\jars\maven-model-3.9.9.jar
2025-04-30 23:02:04,000 [Worker-94: Launching Executing clean in D__pradeep_Automation_KarateAPI_test-api] INFO  o.eclipse.m2e.core.internal.Bundles - 	Entry: C:\Users\Dell\.p2\pool\plugins\org.eclipse.m2e.maven.runtime_3.9.900.20240824-1409\jars\maven-model-builder-3.9.9.jar
2025-04-30 23:02:04,000 [Worker-94: Launching Executing clean in D__pradeep_Automation_KarateAPI_test-api] INFO  o.eclipse.m2e.core.internal.Bundles - 	Entry: C:\Users\Dell\.p2\pool\plugins\org.eclipse.m2e.maven.runtime_3.9.900.20240824-1409\jars\maven-plugin-api-3.9.9.jar
2025-04-30 23:02:04,000 [Worker-94: Launching Executing clean in D__pradeep_Automation_KarateAPI_test-api] INFO  o.eclipse.m2e.core.internal.Bundles - 	Entry: C:\Users\Dell\.p2\pool\plugins\org.eclipse.m2e.maven.runtime_3.9.900.20240824-1409\jars\maven-repository-metadata-3.9.9.jar
2025-04-30 23:02:04,000 [Worker-94: Launching Executing clean in D__pradeep_Automation_KarateAPI_test-api] INFO  o.eclipse.m2e.core.internal.Bundles - 	Entry: C:\Users\Dell\.p2\pool\plugins\org.eclipse.m2e.maven.runtime_3.9.900.20240824-1409\jars\maven-resolver-api-1.9.22.jar
2025-04-30 23:02:04,000 [Worker-94: Launching Executing clean in D__pradeep_Automation_KarateAPI_test-api] INFO  o.eclipse.m2e.core.internal.Bundles - 	Entry: C:\Users\Dell\.p2\pool\plugins\org.eclipse.m2e.maven.runtime_3.9.900.20240824-1409\jars\maven-resolver-connector-basic-1.9.22.jar
2025-04-30 23:02:04,000 [Worker-94: Launching Executing clean in D__pradeep_Automation_KarateAPI_test-api] INFO  o.eclipse.m2e.core.internal.Bundles - 	Entry: C:\Users\Dell\.p2\pool\plugins\org.eclipse.m2e.maven.runtime_3.9.900.20240824-1409\jars\maven-resolver-impl-1.9.22.jar
2025-04-30 23:02:04,000 [Worker-94: Launching Executing clean in D__pradeep_Automation_KarateAPI_test-api] INFO  o.eclipse.m2e.core.internal.Bundles - 	Entry: C:\Users\Dell\.p2\pool\plugins\org.eclipse.m2e.maven.runtime_3.9.900.20240824-1409\jars\maven-resolver-named-locks-1.9.22.jar
2025-04-30 23:02:04,001 [Worker-94: Launching Executing clean in D__pradeep_Automation_KarateAPI_test-api] INFO  o.eclipse.m2e.core.internal.Bundles - 	Entry: C:\Users\Dell\.p2\pool\plugins\org.eclipse.m2e.maven.runtime_3.9.900.20240824-1409\jars\maven-resolver-provider-3.9.9.jar
2025-04-30 23:02:04,001 [Worker-94: Launching Executing clean in D__pradeep_Automation_KarateAPI_test-api] INFO  o.eclipse.m2e.core.internal.Bundles - 	Entry: C:\Users\Dell\.p2\pool\plugins\org.eclipse.m2e.maven.runtime_3.9.900.20240824-1409\jars\maven-resolver-spi-1.9.22.jar
2025-04-30 23:02:04,001 [Worker-94: Launching Executing clean in D__pradeep_Automation_KarateAPI_test-api] INFO  o.eclipse.m2e.core.internal.Bundles - 	Entry: C:\Users\Dell\.p2\pool\plugins\org.eclipse.m2e.maven.runtime_3.9.900.20240824-1409\jars\maven-resolver-transport-file-1.9.22.jar
2025-04-30 23:02:04,001 [Worker-94: Launching Executing clean in D__pradeep_Automation_KarateAPI_test-api] INFO  o.eclipse.m2e.core.internal.Bundles - 	Entry: C:\Users\Dell\.p2\pool\plugins\org.eclipse.m2e.maven.runtime_3.9.900.20240824-1409\jars\maven-resolver-transport-http-1.9.22.jar
2025-04-30 23:02:04,001 [Worker-94: Launching Executing clean in D__pradeep_Automation_KarateAPI_test-api] INFO  o.eclipse.m2e.core.internal.Bundles - 	Entry: C:\Users\Dell\.p2\pool\plugins\org.eclipse.m2e.maven.runtime_3.9.900.20240824-1409\jars\maven-resolver-transport-wagon-1.9.22.jar
2025-04-30 23:02:04,001 [Worker-94: Launching Executing clean in D__pradeep_Automation_KarateAPI_test-api] INFO  o.eclipse.m2e.core.internal.Bundles - 	Entry: C:\Users\Dell\.p2\pool\plugins\org.eclipse.m2e.maven.runtime_3.9.900.20240824-1409\jars\maven-resolver-util-1.9.22.jar
2025-04-30 23:02:04,001 [Worker-94: Launching Executing clean in D__pradeep_Automation_KarateAPI_test-api] INFO  o.eclipse.m2e.core.internal.Bundles - 	Entry: C:\Users\Dell\.p2\pool\plugins\org.eclipse.m2e.maven.runtime_3.9.900.20240824-1409\jars\maven-settings-3.9.9.jar
2025-04-30 23:02:04,001 [Worker-94: Launching Executing clean in D__pradeep_Automation_KarateAPI_test-api] INFO  o.eclipse.m2e.core.internal.Bundles - 	Entry: C:\Users\Dell\.p2\pool\plugins\org.eclipse.m2e.maven.runtime_3.9.900.20240824-1409\jars\maven-settings-builder-3.9.9.jar
2025-04-30 23:02:04,001 [Worker-94: Launching Executing clean in D__pradeep_Automation_KarateAPI_test-api] INFO  o.eclipse.m2e.core.internal.Bundles - 	Entry: C:\Users\Dell\.p2\pool\plugins\org.eclipse.m2e.maven.runtime_3.9.900.20240824-1409\jars\maven-shared-utils-3.4.2.jar
2025-04-30 23:02:04,001 [Worker-94: Launching Executing clean in D__pradeep_Automation_KarateAPI_test-api] INFO  o.eclipse.m2e.core.internal.Bundles - 	Entry: C:\Users\Dell\.p2\pool\plugins\org.eclipse.m2e.maven.runtime_3.9.900.20240824-1409\jars\org.eclipse.sisu.inject-0.9.0.M3.jar
2025-04-30 23:02:04,002 [Worker-94: Launching Executing clean in D__pradeep_Automation_KarateAPI_test-api] INFO  o.eclipse.m2e.core.internal.Bundles - 	Entry: C:\Users\Dell\.p2\pool\plugins\org.eclipse.m2e.maven.runtime_3.9.900.20240824-1409\jars\org.eclipse.sisu.plexus-0.9.0.M3.jar
2025-04-30 23:02:04,002 [Worker-94: Launching Executing clean in D__pradeep_Automation_KarateAPI_test-api] INFO  o.eclipse.m2e.core.internal.Bundles - 	Entry: C:\Users\Dell\.p2\pool\plugins\org.eclipse.m2e.maven.runtime_3.9.900.20240824-1409\jars\plexus-build-api-0.0.7.jar
2025-04-30 23:02:04,002 [Worker-94: Launching Executing clean in D__pradeep_Automation_KarateAPI_test-api] INFO  o.eclipse.m2e.core.internal.Bundles - 	Entry: C:\Users\Dell\.p2\pool\plugins\org.eclipse.m2e.maven.runtime_3.9.900.20240824-1409\jars\plexus-build-api-1.2.0.jar
2025-04-30 23:02:04,002 [Worker-94: Launching Executing clean in D__pradeep_Automation_KarateAPI_test-api] INFO  o.eclipse.m2e.core.internal.Bundles - 	Entry: C:\Users\Dell\.p2\pool\plugins\org.eclipse.m2e.maven.runtime_3.9.900.20240824-1409\jars\plexus-cipher-2.0.jar
2025-04-30 23:02:04,002 [Worker-94: Launching Executing clean in D__pradeep_Automation_KarateAPI_test-api] INFO  o.eclipse.m2e.core.internal.Bundles - 	Entry: C:\Users\Dell\.p2\pool\plugins\org.eclipse.m2e.maven.runtime_3.9.900.20240824-1409\jars\plexus-classworlds-2.8.0.jar
2025-04-30 23:02:04,002 [Worker-94: Launching Executing clean in D__pradeep_Automation_KarateAPI_test-api] INFO  o.eclipse.m2e.core.internal.Bundles - 	Entry: C:\Users\Dell\.p2\pool\plugins\org.eclipse.m2e.maven.runtime_3.9.900.20240824-1409\jars\plexus-component-annotations-2.1.0.jar
2025-04-30 23:02:04,002 [Worker-94: Launching Executing clean in D__pradeep_Automation_KarateAPI_test-api] INFO  o.eclipse.m2e.core.internal.Bundles - 	Entry: C:\Users\Dell\.p2\pool\plugins\org.eclipse.m2e.maven.runtime_3.9.900.20240824-1409\jars\plexus-interpolation-1.27.jar
2025-04-30 23:02:04,003 [Worker-94: Launching Executing clean in D__pradeep_Automation_KarateAPI_test-api] INFO  o.eclipse.m2e.core.internal.Bundles - 	Entry: C:\Users\Dell\.p2\pool\plugins\org.eclipse.m2e.maven.runtime_3.9.900.20240824-1409\jars\plexus-sec-dispatcher-2.0.jar
2025-04-30 23:02:04,003 [Worker-94: Launching Executing clean in D__pradeep_Automation_KarateAPI_test-api] INFO  o.eclipse.m2e.core.internal.Bundles - 	Entry: C:\Users\Dell\.p2\pool\plugins\org.eclipse.m2e.maven.runtime_3.9.900.20240824-1409\jars\plexus-utils-3.5.1.jar
2025-04-30 23:02:04,003 [Worker-94: Launching Executing clean in D__pradeep_Automation_KarateAPI_test-api] INFO  o.eclipse.m2e.core.internal.Bundles - 	Entry: C:\Users\Dell\.p2\pool\plugins\org.eclipse.m2e.maven.runtime_3.9.900.20240824-1409\jars\plexus-xml-3.0.1.jar
2025-04-30 23:02:04,003 [Worker-94: Launching Executing clean in D__pradeep_Automation_KarateAPI_test-api] INFO  o.eclipse.m2e.core.internal.Bundles - 	Entry: C:\Users\Dell\.p2\pool\plugins\org.eclipse.m2e.maven.runtime_3.9.900.20240824-1409\jars\wagon-file-3.5.3.jar
2025-04-30 23:02:04,003 [Worker-94: Launching Executing clean in D__pradeep_Automation_KarateAPI_test-api] INFO  o.eclipse.m2e.core.internal.Bundles - 	Entry: C:\Users\Dell\.p2\pool\plugins\org.eclipse.m2e.maven.runtime_3.9.900.20240824-1409\jars\wagon-http-3.5.3.jar
2025-04-30 23:02:04,003 [Worker-94: Launching Executing clean in D__pradeep_Automation_KarateAPI_test-api] INFO  o.eclipse.m2e.core.internal.Bundles - 	Entry: C:\Users\Dell\.p2\pool\plugins\org.eclipse.m2e.maven.runtime_3.9.900.20240824-1409\jars\wagon-http-shared-3.5.3.jar
2025-04-30 23:02:04,003 [Worker-94: Launching Executing clean in D__pradeep_Automation_KarateAPI_test-api] INFO  o.eclipse.m2e.core.internal.Bundles - 	Entry: C:\Users\Dell\.p2\pool\plugins\org.eclipse.m2e.maven.runtime_3.9.900.20240824-1409\jars\wagon-provider-api-3.5.3.jar
2025-04-30 23:02:04,004 [Worker-94: Launching Executing clean in D__pradeep_Automation_KarateAPI_test-api] INFO  o.eclipse.m2e.core.internal.Bundles - getClasspathEntries(Bundle=com.google.guava_33.3.1.jre [1017])
2025-04-30 23:02:04,004 [Worker-94: Launching Executing clean in D__pradeep_Automation_KarateAPI_test-api] INFO  o.eclipse.m2e.core.internal.Bundles - 	Entry: C:\Users\Dell\.p2\pool\plugins\com.google.guava_33.3.1.jre.jar
2025-04-30 23:02:04,004 [Worker-94: Launching Executing clean in D__pradeep_Automation_KarateAPI_test-api] INFO  o.eclipse.m2e.core.internal.Bundles - getClasspathEntries(Bundle=slf4j.api_2.0.16 [1007])
2025-04-30 23:02:04,004 [Worker-94: Launching Executing clean in D__pradeep_Automation_KarateAPI_test-api] INFO  o.eclipse.m2e.core.internal.Bundles - 	Entry: C:\Users\Dell\.p2\pool\plugins\slf4j.api_2.0.16.jar
2025-04-30 23:02:04,005 [Worker-94: Launching Executing clean in D__pradeep_Automation_KarateAPI_test-api] INFO  o.eclipse.m2e.core.internal.Bundles - getClasspathEntries(Bundle=javax.inject_1.0.0.v20220405-0441 [1026])
2025-04-30 23:02:04,005 [Worker-94: Launching Executing clean in D__pradeep_Automation_KarateAPI_test-api] INFO  o.eclipse.m2e.core.internal.Bundles - 	Entry: C:\Users\Dell\.p2\pool\plugins\javax.inject_1.0.0.v20220405-0441.jar
2025-04-30 23:02:04,005 [Worker-94: Launching Executing clean in D__pradeep_Automation_KarateAPI_test-api] INFO  o.eclipse.m2e.core.internal.Bundles - getClasspathEntries(Bundle=javax.annotation_1.3.5.v20230504-0748 [1025])
2025-04-30 23:02:04,005 [Worker-94: Launching Executing clean in D__pradeep_Automation_KarateAPI_test-api] INFO  o.eclipse.m2e.core.internal.Bundles - 	Entry: C:\Users\Dell\.p2\pool\plugins\javax.annotation_1.3.5.v20230504-0748.jar
2025-04-30 23:02:04,005 [Worker-94: Launching Executing clean in D__pradeep_Automation_KarateAPI_test-api] INFO  o.eclipse.m2e.core.internal.Bundles - getClasspathEntries(Bundle=org.apache.commons.cli_1.9.0 [78])
2025-04-30 23:02:04,005 [Worker-94: Launching Executing clean in D__pradeep_Automation_KarateAPI_test-api] INFO  o.eclipse.m2e.core.internal.Bundles - 	Entry: C:\Users\Dell\.p2\pool\plugins\org.apache.commons.cli_1.9.0.jar
2025-04-30 23:02:04,005 [Worker-94: Launching Executing clean in D__pradeep_Automation_KarateAPI_test-api] INFO  o.eclipse.m2e.core.internal.Bundles - getClasspathEntries(Bundle=org.apache.commons.commons-codec_1.16.0 [81])
2025-04-30 23:02:04,006 [Worker-94: Launching Executing clean in D__pradeep_Automation_KarateAPI_test-api] INFO  o.eclipse.m2e.core.internal.Bundles - 	Entry: C:\Users\Dell\.p2\pool\plugins\org.apache.commons.commons-codec_1.16.0.jar
2025-04-30 23:02:04,006 [Worker-94: Launching Executing clean in D__pradeep_Automation_KarateAPI_test-api] INFO  o.eclipse.m2e.core.internal.Bundles - getClasspathEntries(Bundle=com.google.guava.failureaccess_1.0.2 [17])
2025-04-30 23:02:04,006 [Worker-94: Launching Executing clean in D__pradeep_Automation_KarateAPI_test-api] INFO  o.eclipse.m2e.core.internal.Bundles - 	Entry: C:\Users\Dell\.p2\pool\plugins\com.google.guava.failureaccess_1.0.2.jar
2025-04-30 23:02:04,007 [Worker-94: Launching Executing clean in D__pradeep_Automation_KarateAPI_test-api] INFO  o.e.m.i.launch.MavenLaunchDelegate - Run build in "D:\pradeep\Automation\KarateAPI\test-api":
2025-04-30 23:02:04,008 [Worker-94: Launching Executing clean in D__pradeep_Automation_KarateAPI_test-api] INFO  o.e.m.i.launch.MavenLaunchDelegate -  mvn  -B -Dstyle.color=always clean
2025-04-30 23:02:06,386 [Worker-95: Building] WARN  o.a.m.s.f.DefaultMavenResourcesFiltering - Using platform encoding (UTF-8 actually) to copy filtered resources, i.e. build is platform dependent!
2025-04-30 23:02:06,387 [Worker-95: Building] INFO  o.a.m.s.f.DefaultMavenResourcesFiltering - Copying 0 resource from src\main\resources to target\classes
2025-04-30 23:02:06,389 [Worker-95: Building] WARN  o.a.m.s.f.DefaultMavenResourcesFiltering - Using platform encoding (UTF-8 actually) to copy filtered resources, i.e. build is platform dependent!
2025-04-30 23:02:06,390 [Worker-95: Building] INFO  o.a.m.s.f.DefaultMavenResourcesFiltering - Copying 0 resource from src\test\resources to target\test-classes
2025-04-30 23:02:13,134 [main] INFO  o.e.m2e.actions.ExecutePomAction - Creating new launch configuration
2025-04-30 23:02:24,509 [Worker-94: Launching test-api (3)] INFO  o.eclipse.m2e.core.internal.Bundles - getClasspathEntries(Bundle=org.eclipse.m2e.maven.runtime_3.9.900.20240824-1409 [642])
2025-04-30 23:02:24,510 [Worker-94: Launching test-api (3)] INFO  o.eclipse.m2e.core.internal.Bundles - 	Entry: C:\Users\Dell\.p2\pool\plugins\org.eclipse.m2e.maven.runtime_3.9.900.20240824-1409
2025-04-30 23:02:24,510 [Worker-94: Launching test-api (3)] INFO  o.eclipse.m2e.core.internal.Bundles - 	Entry: C:\Users\Dell\.p2\pool\plugins\org.eclipse.m2e.maven.runtime_3.9.900.20240824-1409\jars\aopalliance-1.0.jar
2025-04-30 23:02:24,511 [Worker-94: Launching test-api (3)] INFO  o.eclipse.m2e.core.internal.Bundles - 	Entry: C:\Users\Dell\.p2\pool\plugins\org.eclipse.m2e.maven.runtime_3.9.900.20240824-1409\jars\guice-5.1.0.jar
2025-04-30 23:02:24,511 [Worker-94: Launching test-api (3)] INFO  o.eclipse.m2e.core.internal.Bundles - 	Entry: C:\Users\Dell\.p2\pool\plugins\org.eclipse.m2e.maven.runtime_3.9.900.20240824-1409\jars\httpclient-4.5.14.jar
2025-04-30 23:02:24,511 [Worker-94: Launching test-api (3)] INFO  o.eclipse.m2e.core.internal.Bundles - 	Entry: C:\Users\Dell\.p2\pool\plugins\org.eclipse.m2e.maven.runtime_3.9.900.20240824-1409\jars\httpcore-4.4.16.jar
2025-04-30 23:02:24,511 [Worker-94: Launching test-api (3)] INFO  o.eclipse.m2e.core.internal.Bundles - 	Entry: C:\Users\Dell\.p2\pool\plugins\org.eclipse.m2e.maven.runtime_3.9.900.20240824-1409\jars\jansi-2.4.1.jar
2025-04-30 23:02:24,512 [Worker-94: Launching test-api (3)] INFO  o.eclipse.m2e.core.internal.Bundles - 	Entry: C:\Users\Dell\.p2\pool\plugins\org.eclipse.m2e.maven.runtime_3.9.900.20240824-1409\jars\jcl-over-slf4j-1.7.36.jar
2025-04-30 23:02:24,512 [Worker-94: Launching test-api (3)] INFO  o.eclipse.m2e.core.internal.Bundles - 	Entry: C:\Users\Dell\.p2\pool\plugins\org.eclipse.m2e.maven.runtime_3.9.900.20240824-1409\jars\maven-artifact-3.9.9.jar
2025-04-30 23:02:24,512 [Worker-94: Launching test-api (3)] INFO  o.eclipse.m2e.core.internal.Bundles - 	Entry: C:\Users\Dell\.p2\pool\plugins\org.eclipse.m2e.maven.runtime_3.9.900.20240824-1409\jars\maven-builder-support-3.9.9.jar
2025-04-30 23:02:24,512 [Worker-94: Launching test-api (3)] INFO  o.eclipse.m2e.core.internal.Bundles - 	Entry: C:\Users\Dell\.p2\pool\plugins\org.eclipse.m2e.maven.runtime_3.9.900.20240824-1409\jars\maven-compat-3.9.9.jar
2025-04-30 23:02:24,513 [Worker-94: Launching test-api (3)] INFO  o.eclipse.m2e.core.internal.Bundles - 	Entry: C:\Users\Dell\.p2\pool\plugins\org.eclipse.m2e.maven.runtime_3.9.900.20240824-1409\jars\maven-core-3.9.9.jar
2025-04-30 23:02:24,513 [Worker-94: Launching test-api (3)] INFO  o.eclipse.m2e.core.internal.Bundles - 	Entry: C:\Users\Dell\.p2\pool\plugins\org.eclipse.m2e.maven.runtime_3.9.900.20240824-1409\jars\maven-embedder-3.9.9.jar
2025-04-30 23:02:24,513 [Worker-94: Launching test-api (3)] INFO  o.eclipse.m2e.core.internal.Bundles - 	Entry: C:\Users\Dell\.p2\pool\plugins\org.eclipse.m2e.maven.runtime_3.9.900.20240824-1409\jars\maven-model-3.9.9.jar
2025-04-30 23:02:24,513 [Worker-94: Launching test-api (3)] INFO  o.eclipse.m2e.core.internal.Bundles - 	Entry: C:\Users\Dell\.p2\pool\plugins\org.eclipse.m2e.maven.runtime_3.9.900.20240824-1409\jars\maven-model-builder-3.9.9.jar
2025-04-30 23:02:24,513 [Worker-94: Launching test-api (3)] INFO  o.eclipse.m2e.core.internal.Bundles - 	Entry: C:\Users\Dell\.p2\pool\plugins\org.eclipse.m2e.maven.runtime_3.9.900.20240824-1409\jars\maven-plugin-api-3.9.9.jar
2025-04-30 23:02:24,513 [Worker-94: Launching test-api (3)] INFO  o.eclipse.m2e.core.internal.Bundles - 	Entry: C:\Users\Dell\.p2\pool\plugins\org.eclipse.m2e.maven.runtime_3.9.900.20240824-1409\jars\maven-repository-metadata-3.9.9.jar
2025-04-30 23:02:24,514 [Worker-94: Launching test-api (3)] INFO  o.eclipse.m2e.core.internal.Bundles - 	Entry: C:\Users\Dell\.p2\pool\plugins\org.eclipse.m2e.maven.runtime_3.9.900.20240824-1409\jars\maven-resolver-api-1.9.22.jar
2025-04-30 23:02:24,514 [Worker-94: Launching test-api (3)] INFO  o.eclipse.m2e.core.internal.Bundles - 	Entry: C:\Users\Dell\.p2\pool\plugins\org.eclipse.m2e.maven.runtime_3.9.900.20240824-1409\jars\maven-resolver-connector-basic-1.9.22.jar
2025-04-30 23:02:24,514 [Worker-94: Launching test-api (3)] INFO  o.eclipse.m2e.core.internal.Bundles - 	Entry: C:\Users\Dell\.p2\pool\plugins\org.eclipse.m2e.maven.runtime_3.9.900.20240824-1409\jars\maven-resolver-impl-1.9.22.jar
2025-04-30 23:02:24,514 [Worker-94: Launching test-api (3)] INFO  o.eclipse.m2e.core.internal.Bundles - 	Entry: C:\Users\Dell\.p2\pool\plugins\org.eclipse.m2e.maven.runtime_3.9.900.20240824-1409\jars\maven-resolver-named-locks-1.9.22.jar
2025-04-30 23:02:24,514 [Worker-94: Launching test-api (3)] INFO  o.eclipse.m2e.core.internal.Bundles - 	Entry: C:\Users\Dell\.p2\pool\plugins\org.eclipse.m2e.maven.runtime_3.9.900.20240824-1409\jars\maven-resolver-provider-3.9.9.jar
2025-04-30 23:02:24,514 [Worker-94: Launching test-api (3)] INFO  o.eclipse.m2e.core.internal.Bundles - 	Entry: C:\Users\Dell\.p2\pool\plugins\org.eclipse.m2e.maven.runtime_3.9.900.20240824-1409\jars\maven-resolver-spi-1.9.22.jar
2025-04-30 23:02:24,515 [Worker-94: Launching test-api (3)] INFO  o.eclipse.m2e.core.internal.Bundles - 	Entry: C:\Users\Dell\.p2\pool\plugins\org.eclipse.m2e.maven.runtime_3.9.900.20240824-1409\jars\maven-resolver-transport-file-1.9.22.jar
2025-04-30 23:02:24,515 [Worker-94: Launching test-api (3)] INFO  o.eclipse.m2e.core.internal.Bundles - 	Entry: C:\Users\Dell\.p2\pool\plugins\org.eclipse.m2e.maven.runtime_3.9.900.20240824-1409\jars\maven-resolver-transport-http-1.9.22.jar
2025-04-30 23:02:24,515 [Worker-94: Launching test-api (3)] INFO  o.eclipse.m2e.core.internal.Bundles - 	Entry: C:\Users\Dell\.p2\pool\plugins\org.eclipse.m2e.maven.runtime_3.9.900.20240824-1409\jars\maven-resolver-transport-wagon-1.9.22.jar
2025-04-30 23:02:24,515 [Worker-94: Launching test-api (3)] INFO  o.eclipse.m2e.core.internal.Bundles - 	Entry: C:\Users\Dell\.p2\pool\plugins\org.eclipse.m2e.maven.runtime_3.9.900.20240824-1409\jars\maven-resolver-util-1.9.22.jar
2025-04-30 23:02:24,515 [Worker-94: Launching test-api (3)] INFO  o.eclipse.m2e.core.internal.Bundles - 	Entry: C:\Users\Dell\.p2\pool\plugins\org.eclipse.m2e.maven.runtime_3.9.900.20240824-1409\jars\maven-settings-3.9.9.jar
2025-04-30 23:02:24,515 [Worker-94: Launching test-api (3)] INFO  o.eclipse.m2e.core.internal.Bundles - 	Entry: C:\Users\Dell\.p2\pool\plugins\org.eclipse.m2e.maven.runtime_3.9.900.20240824-1409\jars\maven-settings-builder-3.9.9.jar
2025-04-30 23:02:24,516 [Worker-94: Launching test-api (3)] INFO  o.eclipse.m2e.core.internal.Bundles - 	Entry: C:\Users\Dell\.p2\pool\plugins\org.eclipse.m2e.maven.runtime_3.9.900.20240824-1409\jars\maven-shared-utils-3.4.2.jar
2025-04-30 23:02:24,516 [Worker-94: Launching test-api (3)] INFO  o.eclipse.m2e.core.internal.Bundles - 	Entry: C:\Users\Dell\.p2\pool\plugins\org.eclipse.m2e.maven.runtime_3.9.900.20240824-1409\jars\org.eclipse.sisu.inject-0.9.0.M3.jar
2025-04-30 23:02:24,516 [Worker-94: Launching test-api (3)] INFO  o.eclipse.m2e.core.internal.Bundles - 	Entry: C:\Users\Dell\.p2\pool\plugins\org.eclipse.m2e.maven.runtime_3.9.900.20240824-1409\jars\org.eclipse.sisu.plexus-0.9.0.M3.jar
2025-04-30 23:02:24,516 [Worker-94: Launching test-api (3)] INFO  o.eclipse.m2e.core.internal.Bundles - 	Entry: C:\Users\Dell\.p2\pool\plugins\org.eclipse.m2e.maven.runtime_3.9.900.20240824-1409\jars\plexus-build-api-0.0.7.jar
2025-04-30 23:02:24,516 [Worker-94: Launching test-api (3)] INFO  o.eclipse.m2e.core.internal.Bundles - 	Entry: C:\Users\Dell\.p2\pool\plugins\org.eclipse.m2e.maven.runtime_3.9.900.20240824-1409\jars\plexus-build-api-1.2.0.jar
2025-04-30 23:02:24,516 [Worker-94: Launching test-api (3)] INFO  o.eclipse.m2e.core.internal.Bundles - 	Entry: C:\Users\Dell\.p2\pool\plugins\org.eclipse.m2e.maven.runtime_3.9.900.20240824-1409\jars\plexus-cipher-2.0.jar
2025-04-30 23:02:24,517 [Worker-94: Launching test-api (3)] INFO  o.eclipse.m2e.core.internal.Bundles - 	Entry: C:\Users\Dell\.p2\pool\plugins\org.eclipse.m2e.maven.runtime_3.9.900.20240824-1409\jars\plexus-classworlds-2.8.0.jar
2025-04-30 23:02:24,517 [Worker-94: Launching test-api (3)] INFO  o.eclipse.m2e.core.internal.Bundles - 	Entry: C:\Users\Dell\.p2\pool\plugins\org.eclipse.m2e.maven.runtime_3.9.900.20240824-1409\jars\plexus-component-annotations-2.1.0.jar
2025-04-30 23:02:24,517 [Worker-94: Launching test-api (3)] INFO  o.eclipse.m2e.core.internal.Bundles - 	Entry: C:\Users\Dell\.p2\pool\plugins\org.eclipse.m2e.maven.runtime_3.9.900.20240824-1409\jars\plexus-interpolation-1.27.jar
2025-04-30 23:02:24,517 [Worker-94: Launching test-api (3)] INFO  o.eclipse.m2e.core.internal.Bundles - 	Entry: C:\Users\Dell\.p2\pool\plugins\org.eclipse.m2e.maven.runtime_3.9.900.20240824-1409\jars\plexus-sec-dispatcher-2.0.jar
2025-04-30 23:02:24,517 [Worker-94: Launching test-api (3)] INFO  o.eclipse.m2e.core.internal.Bundles - 	Entry: C:\Users\Dell\.p2\pool\plugins\org.eclipse.m2e.maven.runtime_3.9.900.20240824-1409\jars\plexus-utils-3.5.1.jar
2025-04-30 23:02:24,517 [Worker-94: Launching test-api (3)] INFO  o.eclipse.m2e.core.internal.Bundles - 	Entry: C:\Users\Dell\.p2\pool\plugins\org.eclipse.m2e.maven.runtime_3.9.900.20240824-1409\jars\plexus-xml-3.0.1.jar
2025-04-30 23:02:24,518 [Worker-94: Launching test-api (3)] INFO  o.eclipse.m2e.core.internal.Bundles - 	Entry: C:\Users\Dell\.p2\pool\plugins\org.eclipse.m2e.maven.runtime_3.9.900.20240824-1409\jars\wagon-file-3.5.3.jar
2025-04-30 23:02:24,518 [Worker-94: Launching test-api (3)] INFO  o.eclipse.m2e.core.internal.Bundles - 	Entry: C:\Users\Dell\.p2\pool\plugins\org.eclipse.m2e.maven.runtime_3.9.900.20240824-1409\jars\wagon-http-3.5.3.jar
2025-04-30 23:02:24,518 [Worker-94: Launching test-api (3)] INFO  o.eclipse.m2e.core.internal.Bundles - 	Entry: C:\Users\Dell\.p2\pool\plugins\org.eclipse.m2e.maven.runtime_3.9.900.20240824-1409\jars\wagon-http-shared-3.5.3.jar
2025-04-30 23:02:24,518 [Worker-94: Launching test-api (3)] INFO  o.eclipse.m2e.core.internal.Bundles - 	Entry: C:\Users\Dell\.p2\pool\plugins\org.eclipse.m2e.maven.runtime_3.9.900.20240824-1409\jars\wagon-provider-api-3.5.3.jar
2025-04-30 23:02:24,518 [Worker-94: Launching test-api (3)] INFO  o.eclipse.m2e.core.internal.Bundles - getClasspathEntries(Bundle=com.google.guava_33.3.1.jre [1017])
2025-04-30 23:02:24,519 [Worker-94: Launching test-api (3)] INFO  o.eclipse.m2e.core.internal.Bundles - 	Entry: C:\Users\Dell\.p2\pool\plugins\com.google.guava_33.3.1.jre.jar
2025-04-30 23:02:24,519 [Worker-94: Launching test-api (3)] INFO  o.eclipse.m2e.core.internal.Bundles - getClasspathEntries(Bundle=slf4j.api_2.0.16 [1007])
2025-04-30 23:02:24,520 [Worker-94: Launching test-api (3)] INFO  o.eclipse.m2e.core.internal.Bundles - 	Entry: C:\Users\Dell\.p2\pool\plugins\slf4j.api_2.0.16.jar
2025-04-30 23:02:24,520 [Worker-94: Launching test-api (3)] INFO  o.eclipse.m2e.core.internal.Bundles - getClasspathEntries(Bundle=javax.inject_1.0.0.v20220405-0441 [1026])
2025-04-30 23:02:24,520 [Worker-94: Launching test-api (3)] INFO  o.eclipse.m2e.core.internal.Bundles - 	Entry: C:\Users\Dell\.p2\pool\plugins\javax.inject_1.0.0.v20220405-0441.jar
2025-04-30 23:02:24,520 [Worker-94: Launching test-api (3)] INFO  o.eclipse.m2e.core.internal.Bundles - getClasspathEntries(Bundle=javax.annotation_1.3.5.v20230504-0748 [1025])
2025-04-30 23:02:24,521 [Worker-94: Launching test-api (3)] INFO  o.eclipse.m2e.core.internal.Bundles - 	Entry: C:\Users\Dell\.p2\pool\plugins\javax.annotation_1.3.5.v20230504-0748.jar
2025-04-30 23:02:24,523 [Worker-94: Launching test-api (3)] INFO  o.eclipse.m2e.core.internal.Bundles - getClasspathEntries(Bundle=org.apache.commons.cli_1.9.0 [78])
2025-04-30 23:02:24,524 [Worker-94: Launching test-api (3)] INFO  o.eclipse.m2e.core.internal.Bundles - 	Entry: C:\Users\Dell\.p2\pool\plugins\org.apache.commons.cli_1.9.0.jar
2025-04-30 23:02:24,524 [Worker-94: Launching test-api (3)] INFO  o.eclipse.m2e.core.internal.Bundles - getClasspathEntries(Bundle=org.apache.commons.commons-codec_1.16.0 [81])
2025-04-30 23:02:24,525 [Worker-94: Launching test-api (3)] INFO  o.eclipse.m2e.core.internal.Bundles - 	Entry: C:\Users\Dell\.p2\pool\plugins\org.apache.commons.commons-codec_1.16.0.jar
2025-04-30 23:02:24,525 [Worker-94: Launching test-api (3)] INFO  o.eclipse.m2e.core.internal.Bundles - getClasspathEntries(Bundle=com.google.guava.failureaccess_1.0.2 [17])
2025-04-30 23:02:24,526 [Worker-94: Launching test-api (3)] INFO  o.eclipse.m2e.core.internal.Bundles - 	Entry: C:\Users\Dell\.p2\pool\plugins\com.google.guava.failureaccess_1.0.2.jar
2025-04-30 23:02:24,530 [Worker-94: Launching test-api (3)] INFO  o.e.m.i.launch.MavenLaunchDelegate - Run build in "D:\pradeep\Automation\KarateAPI\test-api":
2025-04-30 23:02:24,530 [Worker-94: Launching test-api (3)] INFO  o.e.m.i.launch.MavenLaunchDelegate -  mvn  -B -Dstyle.color=always clean install
2025-04-30 23:03:00,747 [Worker-87: Updating Maven Project] INFO  o.e.m.c.i.p.ProjectConfigurationManager - Update started
2025-04-30 23:03:00,930 [Worker-87: Updating Maven Project] INFO  o.e.m.c.i.l.LifecycleMappingFactory - Using org.eclipse.m2e.jdt.JarLifecycleMapping lifecycle mapping for MavenProject: com.demo:test-api:0.0.1-SNAPSHOT @ D:\pradeep\Automation\KarateAPI\test-api\pom.xml.
2025-04-30 23:03:01,686 [Worker-87: Updating Maven Project] INFO  o.e.m.j.i.AbstractJavaProjectConfigurator - Adding source folder /test-api/src/main/java
2025-04-30 23:03:01,686 [Worker-87: Updating Maven Project] INFO  o.e.m.j.i.AbstractJavaProjectConfigurator - Adding resource folder /test-api/src/main/resources
2025-04-30 23:03:01,687 [Worker-87: Updating Maven Project] INFO  o.e.m.j.i.AbstractJavaProjectConfigurator - Adding source folder /test-api/src/test/java
2025-04-30 23:03:01,687 [Worker-87: Updating Maven Project] INFO  o.e.m.j.i.AbstractJavaProjectConfigurator - Adding resource folder /test-api/src/test/resources
2025-04-30 23:03:01,786 [Worker-87: Updating Maven Project] INFO  o.e.m.jdt.internal.UnitTestSupport - Reset launch configuration name: InventoryRunner
2025-04-30 23:03:01,786 [Worker-87: Updating Maven Project] INFO  o.e.m.jdt.internal.UnitTestSupport - Updating InventoryRunner from maven configuration
2025-04-30 23:03:02,181 [Worker-87: Updating Maven Project] INFO  o.e.m.c.i.p.ProjectConfigurationManager - Update completed for 1 poms: local refresh takes 0.00 sec, refresh facades takes 0.00 sec, update config takes 0.00 sec 
2025-04-30 23:03:02,395 [Worker-93: Building] WARN  o.a.m.s.f.DefaultMavenResourcesFiltering - Using platform encoding (UTF-8 actually) to copy filtered resources, i.e. build is platform dependent!
2025-04-30 23:03:02,397 [Worker-93: Building] INFO  o.a.m.s.f.DefaultMavenResourcesFiltering - Copying 0 resource from src\main\resources to target\classes
2025-04-30 23:03:02,400 [Worker-93: Building] WARN  o.a.m.s.f.DefaultMavenResourcesFiltering - Using platform encoding (UTF-8 actually) to copy filtered resources, i.e. build is platform dependent!
2025-04-30 23:03:02,422 [Worker-93: Building] INFO  o.a.m.s.f.DefaultMavenResourcesFiltering - Copying 0 resource from src\test\resources to target\test-classes
2025-04-30 23:03:32,008 [Worker-95: Building] WARN  o.a.m.s.f.DefaultMavenResourcesFiltering - Using platform encoding (UTF-8 actually) to copy filtered resources, i.e. build is platform dependent!
2025-04-30 23:03:32,011 [Worker-95: Building] INFO  o.a.m.s.f.DefaultMavenResourcesFiltering - Copying 0 resource from src\main\resources to target\classes
2025-04-30 23:03:32,013 [Worker-95: Building] WARN  o.a.m.s.f.DefaultMavenResourcesFiltering - Using platform encoding (UTF-8 actually) to copy filtered resources, i.e. build is platform dependent!
2025-04-30 23:03:32,016 [Worker-95: Building] INFO  o.a.m.s.f.DefaultMavenResourcesFiltering - Copying 0 resource from src\test\resources to target\test-classes
2025-04-30 23:03:42,965 [Worker-87: Updating Maven Project] INFO  o.e.m.c.i.p.ProjectConfigurationManager - Update started
2025-04-30 23:03:43,146 [Worker-87: Updating Maven Project] INFO  o.e.m.c.i.l.LifecycleMappingFactory - Using org.eclipse.m2e.jdt.JarLifecycleMapping lifecycle mapping for MavenProject: com.demo:test-api:0.0.1-SNAPSHOT @ D:\pradeep\Automation\KarateAPI\test-api\pom.xml.
2025-04-30 23:03:43,536 [Worker-87: Updating Maven Project] INFO  o.e.m.j.i.AbstractJavaProjectConfigurator - Adding source folder /test-api/src/main/java
2025-04-30 23:03:43,536 [Worker-87: Updating Maven Project] INFO  o.e.m.j.i.AbstractJavaProjectConfigurator - Adding resource folder /test-api/src/main/resources
2025-04-30 23:03:43,537 [Worker-87: Updating Maven Project] INFO  o.e.m.j.i.AbstractJavaProjectConfigurator - Adding source folder /test-api/src/test/java
2025-04-30 23:03:43,537 [Worker-87: Updating Maven Project] INFO  o.e.m.j.i.AbstractJavaProjectConfigurator - Adding resource folder /test-api/src/test/resources
2025-04-30 23:03:43,642 [Worker-87: Updating Maven Project] INFO  o.e.m.jdt.internal.UnitTestSupport - Reset launch configuration name: InventoryRunner
2025-04-30 23:03:43,642 [Worker-87: Updating Maven Project] INFO  o.e.m.jdt.internal.UnitTestSupport - Updating InventoryRunner from maven configuration
2025-04-30 23:03:43,804 [Worker-87: Updating Maven Project] INFO  o.e.m.c.i.p.ProjectConfigurationManager - Update completed for 1 poms: local refresh takes 0.00 sec, refresh facades takes 0.00 sec, update config takes 0.00 sec 
2025-04-30 23:03:43,969 [Worker-88: Building] WARN  o.a.m.s.f.DefaultMavenResourcesFiltering - Using platform encoding (UTF-8 actually) to copy filtered resources, i.e. build is platform dependent!
2025-04-30 23:03:43,970 [Worker-88: Building] INFO  o.a.m.s.f.DefaultMavenResourcesFiltering - Copying 0 resource from src\main\resources to target\classes
2025-04-30 23:03:43,973 [Worker-88: Building] WARN  o.a.m.s.f.DefaultMavenResourcesFiltering - Using platform encoding (UTF-8 actually) to copy filtered resources, i.e. build is platform dependent!
2025-04-30 23:03:43,973 [Worker-88: Building] INFO  o.a.m.s.f.DefaultMavenResourcesFiltering - Copying 0 resource from src\test\resources to target\test-classes
2025-04-30 23:05:54,027 [Worker-96: Building] INFO  o.e.m.c.i.l.LifecycleMappingFactory - Using org.eclipse.m2e.jdt.JarLifecycleMapping lifecycle mapping for MavenProject: com.demo:test-api:0.0.1-SNAPSHOT @ D:\pradeep\Automation\KarateAPI\test-api\pom.xml.
2025-04-30 23:05:54,231 [Worker-96: Building] INFO  o.e.m.c.i.e.AbstractTransferListenerAdapter - Downloaded https://repo.maven.apache.org/maven2/com/intuit/karate/karate-junit5/$%7Bkarate.version%7D/karate-junit5-$%7Bkarate.version%7D.pom
2025-04-30 23:05:54,239 [Worker-96: Building] WARN  o.e.m.c.i.embedder.EclipseLogger - The POM for com.intuit.karate:karate-junit5:jar:${karate.version} is missing, no dependency information available
2025-04-30 23:05:54,295 [Worker-96: Building] INFO  o.e.m.c.i.e.AbstractTransferListenerAdapter - Downloaded https://repo.maven.apache.org/maven2/com/intuit/karate/karate-core/$%7Bkarate.version%7D/karate-core-$%7Bkarate.version%7D.pom
2025-04-30 23:05:54,310 [Worker-96: Building] WARN  o.e.m.c.i.embedder.EclipseLogger - The POM for com.intuit.karate:karate-core:jar:shaded:${karate.version} is missing, no dependency information available
2025-04-30 23:05:54,740 [Worker-96: Building] INFO  o.e.m.c.i.e.AbstractTransferListenerAdapter - Downloaded https://repo.maven.apache.org/maven2/com/intuit/karate/karate-junit5/$%7Bkarate.version%7D/karate-junit5-$%7Bkarate.version%7D.jar
2025-04-30 23:05:54,803 [BasicRepositoryConnector-repo.maven.apache.org-2-0] INFO  o.e.m.c.i.e.AbstractTransferListenerAdapter - Downloaded https://repo.maven.apache.org/maven2/com/intuit/karate/karate-core/$%7Bkarate.version%7D/karate-core-$%7Bkarate.version%7D-shaded.jar
2025-04-30 23:05:54,897 [Worker-96: Building] WARN  o.a.m.s.f.DefaultMavenResourcesFiltering - Using platform encoding (UTF-8 actually) to copy filtered resources, i.e. build is platform dependent!
2025-04-30 23:05:54,910 [Worker-96: Building] INFO  o.a.m.s.f.DefaultMavenResourcesFiltering - Copying 0 resource from src\main\resources to target\classes
2025-04-30 23:05:54,913 [Worker-96: Building] WARN  o.a.m.s.f.DefaultMavenResourcesFiltering - Using platform encoding (UTF-8 actually) to copy filtered resources, i.e. build is platform dependent!
2025-04-30 23:05:54,915 [Worker-96: Building] INFO  o.a.m.s.f.DefaultMavenResourcesFiltering - Copying 0 resource from src\test\resources to target\test-classes
2025-04-30 23:05:56,322 [Worker-94: Download sources and javadoc] INFO  o.e.m.c.i.e.AbstractTransferListenerAdapter - Downloaded https://repo.maven.apache.org/maven2/com/intuit/karate/karate-junit5/$%7Bkarate.version%7D/karate-junit5-$%7Bkarate.version%7D-sources.jar
2025-04-30 23:05:56,327 [Worker-94: Download sources and javadoc] ERROR o.e.m.j.internal.DownloadSourcesJob - Could not download sources for com.intuit.karate:karate-junit5:${karate.version}
org.eclipse.core.runtime.CoreException: Could not resolve artifact com.intuit.karate:karate-junit5:jar:sources:${karate.version}
	at org.eclipse.m2e.core.internal.embedder.MavenImpl.lambda$7(MavenImpl.java:540)
	at org.eclipse.m2e.core.internal.embedder.MavenExecutionContext.executeBare(MavenExecutionContext.java:458)
	at org.eclipse.m2e.core.internal.embedder.MavenExecutionContext.execute(MavenExecutionContext.java:292)
	at org.eclipse.m2e.core.internal.embedder.MavenExecutionContext.execute(MavenExecutionContext.java:278)
	at org.eclipse.m2e.core.internal.embedder.MavenImpl.resolve(MavenImpl.java:509)
	at org.eclipse.m2e.core.internal.embedder.MavenImpl.resolve(MavenImpl.java:494)
	at org.eclipse.m2e.jdt.internal.DownloadSourcesJob.download(DownloadSourcesJob.java:308)
	at org.eclipse.m2e.jdt.internal.DownloadSourcesJob.downloadAttachments(DownloadSourcesJob.java:282)
	at org.eclipse.m2e.jdt.internal.DownloadSourcesJob.downloadMaven(DownloadSourcesJob.java:252)
	at org.eclipse.m2e.jdt.internal.DownloadSourcesJob.downloadFilesAndPopulateToUpdate(DownloadSourcesJob.java:220)
	at org.eclipse.m2e.jdt.internal.DownloadSourcesJob.lambda$0(DownloadSourcesJob.java:149)
	at org.eclipse.m2e.core.internal.embedder.MavenExecutionContext.executeBare(MavenExecutionContext.java:458)
	at org.eclipse.m2e.core.internal.embedder.MavenExecutionContext.execute(MavenExecutionContext.java:339)
	at org.eclipse.m2e.core.internal.embedder.MavenExecutionContext.execute(MavenExecutionContext.java:278)
	at org.eclipse.m2e.core.embedder.IMaven.execute(IMaven.java:300)
	at org.eclipse.m2e.jdt.internal.DownloadSourcesJob.run(DownloadSourcesJob.java:149)
	at org.eclipse.core.internal.jobs.Worker.run(Worker.java:63)
2025-04-30 23:05:56,790 [Worker-94: Download sources and javadoc] INFO  o.e.m.c.i.e.AbstractTransferListenerAdapter - Downloaded https://repo.maven.apache.org/maven2/com/intuit/karate/karate-core/$%7Bkarate.version%7D/karate-core-$%7Bkarate.version%7D-sources.jar
2025-04-30 23:05:56,797 [Worker-94: Download sources and javadoc] ERROR o.e.m.j.internal.DownloadSourcesJob - Could not download sources for com.intuit.karate:karate-core:${karate.version}shaded
org.eclipse.core.runtime.CoreException: Could not resolve artifact com.intuit.karate:karate-core:jar:sources:${karate.version}
	at org.eclipse.m2e.core.internal.embedder.MavenImpl.lambda$7(MavenImpl.java:540)
	at org.eclipse.m2e.core.internal.embedder.MavenExecutionContext.executeBare(MavenExecutionContext.java:458)
	at org.eclipse.m2e.core.internal.embedder.MavenExecutionContext.execute(MavenExecutionContext.java:292)
	at org.eclipse.m2e.core.internal.embedder.MavenExecutionContext.execute(MavenExecutionContext.java:278)
	at org.eclipse.m2e.core.internal.embedder.MavenImpl.resolve(MavenImpl.java:509)
	at org.eclipse.m2e.core.internal.embedder.MavenImpl.resolve(MavenImpl.java:494)
	at org.eclipse.m2e.jdt.internal.DownloadSourcesJob.download(DownloadSourcesJob.java:308)
	at org.eclipse.m2e.jdt.internal.DownloadSourcesJob.downloadAttachments(DownloadSourcesJob.java:282)
	at org.eclipse.m2e.jdt.internal.DownloadSourcesJob.downloadMaven(DownloadSourcesJob.java:252)
	at org.eclipse.m2e.jdt.internal.DownloadSourcesJob.downloadFilesAndPopulateToUpdate(DownloadSourcesJob.java:220)
	at org.eclipse.m2e.jdt.internal.DownloadSourcesJob.lambda$0(DownloadSourcesJob.java:149)
	at org.eclipse.m2e.core.internal.embedder.MavenExecutionContext.executeBare(MavenExecutionContext.java:458)
	at org.eclipse.m2e.core.internal.embedder.MavenExecutionContext.execute(MavenExecutionContext.java:339)
	at org.eclipse.m2e.core.internal.embedder.MavenExecutionContext.execute(MavenExecutionContext.java:278)
	at org.eclipse.m2e.core.embedder.IMaven.execute(IMaven.java:300)
	at org.eclipse.m2e.jdt.internal.DownloadSourcesJob.run(DownloadSourcesJob.java:149)
	at org.eclipse.core.internal.jobs.Worker.run(Worker.java:63)
2025-04-30 23:06:05,292 [Worker-97: Updating Maven Project] INFO  o.e.m.c.i.p.ProjectConfigurationManager - Update started
2025-04-30 23:06:05,443 [Worker-97: Updating Maven Project] INFO  o.e.m.c.i.l.LifecycleMappingFactory - Using org.eclipse.m2e.jdt.JarLifecycleMapping lifecycle mapping for MavenProject: com.demo:test-api:0.0.1-SNAPSHOT @ D:\pradeep\Automation\KarateAPI\test-api\pom.xml.
2025-04-30 23:06:05,445 [Worker-97: Updating Maven Project] WARN  o.e.m.c.i.embedder.EclipseLogger - The POM for com.intuit.karate:karate-junit5:jar:${karate.version} is missing, no dependency information available
2025-04-30 23:06:05,447 [Worker-97: Updating Maven Project] WARN  o.e.m.c.i.embedder.EclipseLogger - The POM for com.intuit.karate:karate-core:jar:shaded:${karate.version} is missing, no dependency information available
2025-04-30 23:06:05,532 [Worker-97: Updating Maven Project] INFO  o.e.m.j.i.AbstractJavaProjectConfigurator - Adding source folder /test-api/src/main/java
2025-04-30 23:06:05,532 [Worker-97: Updating Maven Project] INFO  o.e.m.j.i.AbstractJavaProjectConfigurator - Adding resource folder /test-api/src/main/resources
2025-04-30 23:06:05,533 [Worker-97: Updating Maven Project] INFO  o.e.m.j.i.AbstractJavaProjectConfigurator - Adding source folder /test-api/src/test/java
2025-04-30 23:06:05,533 [Worker-97: Updating Maven Project] INFO  o.e.m.j.i.AbstractJavaProjectConfigurator - Adding resource folder /test-api/src/test/resources
2025-04-30 23:06:05,544 [Worker-97: Updating Maven Project] INFO  o.e.m.jdt.internal.UnitTestSupport - Reset launch configuration name: InventoryRunner
2025-04-30 23:06:05,544 [Worker-97: Updating Maven Project] INFO  o.e.m.jdt.internal.UnitTestSupport - Updating InventoryRunner from maven configuration
2025-04-30 23:06:05,686 [Worker-97: Updating Maven Project] INFO  o.e.m.c.i.p.ProjectConfigurationManager - Update completed for 1 poms: local refresh takes 0.00 sec, refresh facades takes 0.00 sec, update config takes 0.00 sec 
2025-04-30 23:06:05,803 [Worker-94: Building] WARN  o.a.m.s.f.DefaultMavenResourcesFiltering - Using platform encoding (UTF-8 actually) to copy filtered resources, i.e. build is platform dependent!
2025-04-30 23:06:05,804 [Worker-94: Building] INFO  o.a.m.s.f.DefaultMavenResourcesFiltering - Copying 0 resource from src\main\resources to target\classes
2025-04-30 23:06:05,806 [Worker-94: Building] WARN  o.a.m.s.f.DefaultMavenResourcesFiltering - Using platform encoding (UTF-8 actually) to copy filtered resources, i.e. build is platform dependent!
2025-04-30 23:06:05,807 [Worker-94: Building] INFO  o.a.m.s.f.DefaultMavenResourcesFiltering - Copying 0 resource from src\test\resources to target\test-classes
2025-04-30 23:06:06,917 [Worker-97: Download sources and javadoc] INFO  o.e.m.c.i.e.AbstractTransferListenerAdapter - Downloaded https://repo.maven.apache.org/maven2/com/intuit/karate/karate-junit5/$%7Bkarate.version%7D/karate-junit5-$%7Bkarate.version%7D-javadoc.jar
2025-04-30 23:06:06,922 [Worker-97: Download sources and javadoc] ERROR o.e.m.j.internal.DownloadSourcesJob - Could not download javadoc for com.intuit.karate:karate-junit5:${karate.version}
org.eclipse.core.runtime.CoreException: Could not resolve artifact com.intuit.karate:karate-junit5:jar:javadoc:${karate.version}
	at org.eclipse.m2e.core.internal.embedder.MavenImpl.lambda$7(MavenImpl.java:540)
	at org.eclipse.m2e.core.internal.embedder.MavenExecutionContext.executeBare(MavenExecutionContext.java:458)
	at org.eclipse.m2e.core.internal.embedder.MavenExecutionContext.execute(MavenExecutionContext.java:292)
	at org.eclipse.m2e.core.internal.embedder.MavenExecutionContext.execute(MavenExecutionContext.java:278)
	at org.eclipse.m2e.core.internal.embedder.MavenImpl.resolve(MavenImpl.java:509)
	at org.eclipse.m2e.core.internal.embedder.MavenImpl.resolve(MavenImpl.java:494)
	at org.eclipse.m2e.jdt.internal.DownloadSourcesJob.download(DownloadSourcesJob.java:308)
	at org.eclipse.m2e.jdt.internal.DownloadSourcesJob.downloadAttachments(DownloadSourcesJob.java:294)
	at org.eclipse.m2e.jdt.internal.DownloadSourcesJob.downloadMaven(DownloadSourcesJob.java:252)
	at org.eclipse.m2e.jdt.internal.DownloadSourcesJob.downloadFilesAndPopulateToUpdate(DownloadSourcesJob.java:220)
	at org.eclipse.m2e.jdt.internal.DownloadSourcesJob.lambda$0(DownloadSourcesJob.java:149)
	at org.eclipse.m2e.core.internal.embedder.MavenExecutionContext.executeBare(MavenExecutionContext.java:458)
	at org.eclipse.m2e.core.internal.embedder.MavenExecutionContext.execute(MavenExecutionContext.java:339)
	at org.eclipse.m2e.core.internal.embedder.MavenExecutionContext.execute(MavenExecutionContext.java:278)
	at org.eclipse.m2e.core.embedder.IMaven.execute(IMaven.java:300)
	at org.eclipse.m2e.jdt.internal.DownloadSourcesJob.run(DownloadSourcesJob.java:149)
	at org.eclipse.core.internal.jobs.Worker.run(Worker.java:63)
2025-04-30 23:06:07,577 [Worker-97: Download sources and javadoc] INFO  o.e.m.c.i.e.AbstractTransferListenerAdapter - Downloaded https://repo.maven.apache.org/maven2/com/intuit/karate/karate-core/$%7Bkarate.version%7D/karate-core-$%7Bkarate.version%7D-javadoc.jar
2025-04-30 23:06:07,583 [Worker-97: Download sources and javadoc] ERROR o.e.m.j.internal.DownloadSourcesJob - Could not download javadoc for com.intuit.karate:karate-core:${karate.version}shaded
org.eclipse.core.runtime.CoreException: Could not resolve artifact com.intuit.karate:karate-core:jar:javadoc:${karate.version}
	at org.eclipse.m2e.core.internal.embedder.MavenImpl.lambda$7(MavenImpl.java:540)
	at org.eclipse.m2e.core.internal.embedder.MavenExecutionContext.executeBare(MavenExecutionContext.java:458)
	at org.eclipse.m2e.core.internal.embedder.MavenExecutionContext.execute(MavenExecutionContext.java:292)
	at org.eclipse.m2e.core.internal.embedder.MavenExecutionContext.execute(MavenExecutionContext.java:278)
	at org.eclipse.m2e.core.internal.embedder.MavenImpl.resolve(MavenImpl.java:509)
	at org.eclipse.m2e.core.internal.embedder.MavenImpl.resolve(MavenImpl.java:494)
	at org.eclipse.m2e.jdt.internal.DownloadSourcesJob.download(DownloadSourcesJob.java:308)
	at org.eclipse.m2e.jdt.internal.DownloadSourcesJob.downloadAttachments(DownloadSourcesJob.java:294)
	at org.eclipse.m2e.jdt.internal.DownloadSourcesJob.downloadMaven(DownloadSourcesJob.java:252)
	at org.eclipse.m2e.jdt.internal.DownloadSourcesJob.downloadFilesAndPopulateToUpdate(DownloadSourcesJob.java:220)
	at org.eclipse.m2e.jdt.internal.DownloadSourcesJob.lambda$0(DownloadSourcesJob.java:149)
	at org.eclipse.m2e.core.internal.embedder.MavenExecutionContext.executeBare(MavenExecutionContext.java:458)
	at org.eclipse.m2e.core.internal.embedder.MavenExecutionContext.execute(MavenExecutionContext.java:339)
	at org.eclipse.m2e.core.internal.embedder.MavenExecutionContext.execute(MavenExecutionContext.java:278)
	at org.eclipse.m2e.core.embedder.IMaven.execute(IMaven.java:300)
	at org.eclipse.m2e.jdt.internal.DownloadSourcesJob.run(DownloadSourcesJob.java:149)
	at org.eclipse.core.internal.jobs.Worker.run(Worker.java:63)
2025-05-01 09:05:33,519 [Worker-0: Loading available Gradle versions] INFO  o.e.b.c.i.u.g.PublishedGradleVersions - Gradle version information cache is up-to-date. Trying to read.
2025-05-01 09:05:38,126 [Worker-1: reload maven project] INFO  o.e.m.c.i.e.AbstractTransferListenerAdapter - Downloaded https://repo.maven.apache.org/maven2/com/intuit/karate/karate-junit5/$%7Bkarate.version%7D/karate-junit5-$%7Bkarate.version%7D.pom
2025-05-01 09:05:38,140 [Worker-1: reload maven project] WARN  o.e.m.c.i.embedder.EclipseLogger - The POM for com.intuit.karate:karate-junit5:jar:${karate.version} is missing, no dependency information available
2025-05-01 09:05:38,270 [Worker-1: reload maven project] INFO  o.e.m.c.i.e.AbstractTransferListenerAdapter - Downloaded https://repo.maven.apache.org/maven2/com/intuit/karate/karate-core/$%7Bkarate.version%7D/karate-core-$%7Bkarate.version%7D.pom
2025-05-01 09:05:38,275 [Worker-1: reload maven project] WARN  o.e.m.c.i.embedder.EclipseLogger - The POM for com.intuit.karate:karate-core:jar:shaded:${karate.version} is missing, no dependency information available
2025-05-01 09:05:38,665 [Worker-1: reload maven project] INFO  o.e.m.c.i.e.AbstractTransferListenerAdapter - Downloaded https://repo.maven.apache.org/maven2/com/intuit/karate/karate-junit5/$%7Bkarate.version%7D/karate-junit5-$%7Bkarate.version%7D.jar
2025-05-01 09:05:38,977 [BasicRepositoryConnector-repo.maven.apache.org-0-0] INFO  o.e.m.c.i.e.AbstractTransferListenerAdapter - Downloaded https://repo.maven.apache.org/maven2/com/intuit/karate/karate-core/$%7Bkarate.version%7D/karate-core-$%7Bkarate.version%7D-shaded.jar
2025-05-01 09:07:43,503 [Worker-28: Building] WARN  o.a.m.s.f.DefaultMavenResourcesFiltering - Using platform encoding (UTF-8 actually) to copy filtered resources, i.e. build is platform dependent!
2025-05-01 09:07:43,509 [Worker-28: Building] INFO  o.a.m.s.f.DefaultMavenResourcesFiltering - Copying 0 resource from src\main\resources to target\classes
2025-05-01 09:07:43,515 [Worker-28: Building] WARN  o.a.m.s.f.DefaultMavenResourcesFiltering - Using platform encoding (UTF-8 actually) to copy filtered resources, i.e. build is platform dependent!
2025-05-01 09:07:43,548 [Worker-28: Building] INFO  o.a.m.s.f.DefaultMavenResourcesFiltering - Copying 0 resource from src\test\resources to target\test-classes
2025-05-01 09:07:51,364 [Worker-3: Updating Maven Project] INFO  o.e.m.c.i.p.ProjectConfigurationManager - Update started
2025-05-01 09:07:53,571 [Worker-3: Updating Maven Project] INFO  o.e.m.c.i.l.LifecycleMappingFactory - Using org.eclipse.m2e.jdt.JarLifecycleMapping lifecycle mapping for MavenProject: com.demo:test-api:0.0.1-SNAPSHOT @ D:\pradeep\Automation\KarateAPI\test-api\pom.xml.
2025-05-01 09:07:53,584 [Worker-3: Updating Maven Project] WARN  o.e.m.c.i.embedder.EclipseLogger - The POM for com.intuit.karate:karate-junit5:jar:${karate.version} is missing, no dependency information available
2025-05-01 09:07:53,594 [Worker-3: Updating Maven Project] WARN  o.e.m.c.i.embedder.EclipseLogger - The POM for com.intuit.karate:karate-core:jar:shaded:${karate.version} is missing, no dependency information available
2025-05-01 09:07:54,028 [Worker-3: Updating Maven Project] INFO  o.e.m.j.i.AbstractJavaProjectConfigurator - Adding source folder /test-api/src/main/java
2025-05-01 09:07:54,030 [Worker-3: Updating Maven Project] INFO  o.e.m.j.i.AbstractJavaProjectConfigurator - Adding resource folder /test-api/src/main/resources
2025-05-01 09:07:54,032 [Worker-3: Updating Maven Project] INFO  o.e.m.j.i.AbstractJavaProjectConfigurator - Adding source folder /test-api/src/test/java
2025-05-01 09:07:54,034 [Worker-3: Updating Maven Project] INFO  o.e.m.j.i.AbstractJavaProjectConfigurator - Adding resource folder /test-api/src/test/resources
2025-05-01 09:07:54,076 [Worker-3: Updating Maven Project] INFO  o.e.m.jdt.internal.UnitTestSupport - Reset launch configuration name: InventoryRunner
2025-05-01 09:07:54,092 [Worker-3: Updating Maven Project] INFO  o.e.m.jdt.internal.UnitTestSupport - Updating InventoryRunner from maven configuration
2025-05-01 09:07:55,408 [Worker-3: Updating Maven Project] INFO  o.e.m.c.i.p.ProjectConfigurationManager - Update completed for 1 poms: local refresh takes 0.00 sec, refresh facades takes 2.00 sec, update config takes 1.00 sec 
2025-05-01 09:07:55,531 [Worker-28: Building] WARN  o.a.m.s.f.DefaultMavenResourcesFiltering - Using platform encoding (UTF-8 actually) to copy filtered resources, i.e. build is platform dependent!
2025-05-01 09:07:55,532 [Worker-28: Building] INFO  o.a.m.s.f.DefaultMavenResourcesFiltering - Copying 0 resource from src\main\resources to target\classes
2025-05-01 09:07:55,537 [Worker-28: Building] WARN  o.a.m.s.f.DefaultMavenResourcesFiltering - Using platform encoding (UTF-8 actually) to copy filtered resources, i.e. build is platform dependent!
2025-05-01 09:07:55,539 [Worker-28: Building] INFO  o.a.m.s.f.DefaultMavenResourcesFiltering - Copying 0 resource from src\test\resources to target\test-classes
2025-05-01 09:08:03,500 [Worker-27: Launching Executing clean in D__pradeep_Automation_KarateAPI_test-api] INFO  o.eclipse.m2e.core.internal.Bundles - getClasspathEntries(Bundle=org.eclipse.m2e.maven.runtime_3.9.900.20240824-1409 [642])
2025-05-01 09:08:03,501 [Worker-27: Launching Executing clean in D__pradeep_Automation_KarateAPI_test-api] INFO  o.eclipse.m2e.core.internal.Bundles - 	Entry: C:\Users\Dell\.p2\pool\plugins\org.eclipse.m2e.maven.runtime_3.9.900.20240824-1409
2025-05-01 09:08:03,502 [Worker-27: Launching Executing clean in D__pradeep_Automation_KarateAPI_test-api] INFO  o.eclipse.m2e.core.internal.Bundles - 	Entry: C:\Users\Dell\.p2\pool\plugins\org.eclipse.m2e.maven.runtime_3.9.900.20240824-1409\jars\aopalliance-1.0.jar
2025-05-01 09:08:03,502 [Worker-27: Launching Executing clean in D__pradeep_Automation_KarateAPI_test-api] INFO  o.eclipse.m2e.core.internal.Bundles - 	Entry: C:\Users\Dell\.p2\pool\plugins\org.eclipse.m2e.maven.runtime_3.9.900.20240824-1409\jars\guice-5.1.0.jar
2025-05-01 09:08:03,502 [Worker-27: Launching Executing clean in D__pradeep_Automation_KarateAPI_test-api] INFO  o.eclipse.m2e.core.internal.Bundles - 	Entry: C:\Users\Dell\.p2\pool\plugins\org.eclipse.m2e.maven.runtime_3.9.900.20240824-1409\jars\httpclient-4.5.14.jar
2025-05-01 09:08:03,502 [Worker-27: Launching Executing clean in D__pradeep_Automation_KarateAPI_test-api] INFO  o.eclipse.m2e.core.internal.Bundles - 	Entry: C:\Users\Dell\.p2\pool\plugins\org.eclipse.m2e.maven.runtime_3.9.900.20240824-1409\jars\httpcore-4.4.16.jar
2025-05-01 09:08:03,502 [Worker-27: Launching Executing clean in D__pradeep_Automation_KarateAPI_test-api] INFO  o.eclipse.m2e.core.internal.Bundles - 	Entry: C:\Users\Dell\.p2\pool\plugins\org.eclipse.m2e.maven.runtime_3.9.900.20240824-1409\jars\jansi-2.4.1.jar
2025-05-01 09:08:03,502 [Worker-27: Launching Executing clean in D__pradeep_Automation_KarateAPI_test-api] INFO  o.eclipse.m2e.core.internal.Bundles - 	Entry: C:\Users\Dell\.p2\pool\plugins\org.eclipse.m2e.maven.runtime_3.9.900.20240824-1409\jars\jcl-over-slf4j-1.7.36.jar
2025-05-01 09:08:03,502 [Worker-27: Launching Executing clean in D__pradeep_Automation_KarateAPI_test-api] INFO  o.eclipse.m2e.core.internal.Bundles - 	Entry: C:\Users\Dell\.p2\pool\plugins\org.eclipse.m2e.maven.runtime_3.9.900.20240824-1409\jars\maven-artifact-3.9.9.jar
2025-05-01 09:08:03,503 [Worker-27: Launching Executing clean in D__pradeep_Automation_KarateAPI_test-api] INFO  o.eclipse.m2e.core.internal.Bundles - 	Entry: C:\Users\Dell\.p2\pool\plugins\org.eclipse.m2e.maven.runtime_3.9.900.20240824-1409\jars\maven-builder-support-3.9.9.jar
2025-05-01 09:08:03,503 [Worker-27: Launching Executing clean in D__pradeep_Automation_KarateAPI_test-api] INFO  o.eclipse.m2e.core.internal.Bundles - 	Entry: C:\Users\Dell\.p2\pool\plugins\org.eclipse.m2e.maven.runtime_3.9.900.20240824-1409\jars\maven-compat-3.9.9.jar
2025-05-01 09:08:03,503 [Worker-27: Launching Executing clean in D__pradeep_Automation_KarateAPI_test-api] INFO  o.eclipse.m2e.core.internal.Bundles - 	Entry: C:\Users\Dell\.p2\pool\plugins\org.eclipse.m2e.maven.runtime_3.9.900.20240824-1409\jars\maven-core-3.9.9.jar
2025-05-01 09:08:03,503 [Worker-27: Launching Executing clean in D__pradeep_Automation_KarateAPI_test-api] INFO  o.eclipse.m2e.core.internal.Bundles - 	Entry: C:\Users\Dell\.p2\pool\plugins\org.eclipse.m2e.maven.runtime_3.9.900.20240824-1409\jars\maven-embedder-3.9.9.jar
2025-05-01 09:08:03,503 [Worker-27: Launching Executing clean in D__pradeep_Automation_KarateAPI_test-api] INFO  o.eclipse.m2e.core.internal.Bundles - 	Entry: C:\Users\Dell\.p2\pool\plugins\org.eclipse.m2e.maven.runtime_3.9.900.20240824-1409\jars\maven-model-3.9.9.jar
2025-05-01 09:08:03,503 [Worker-27: Launching Executing clean in D__pradeep_Automation_KarateAPI_test-api] INFO  o.eclipse.m2e.core.internal.Bundles - 	Entry: C:\Users\Dell\.p2\pool\plugins\org.eclipse.m2e.maven.runtime_3.9.900.20240824-1409\jars\maven-model-builder-3.9.9.jar
2025-05-01 09:08:03,503 [Worker-27: Launching Executing clean in D__pradeep_Automation_KarateAPI_test-api] INFO  o.eclipse.m2e.core.internal.Bundles - 	Entry: C:\Users\Dell\.p2\pool\plugins\org.eclipse.m2e.maven.runtime_3.9.900.20240824-1409\jars\maven-plugin-api-3.9.9.jar
2025-05-01 09:08:03,503 [Worker-27: Launching Executing clean in D__pradeep_Automation_KarateAPI_test-api] INFO  o.eclipse.m2e.core.internal.Bundles - 	Entry: C:\Users\Dell\.p2\pool\plugins\org.eclipse.m2e.maven.runtime_3.9.900.20240824-1409\jars\maven-repository-metadata-3.9.9.jar
2025-05-01 09:08:03,504 [Worker-27: Launching Executing clean in D__pradeep_Automation_KarateAPI_test-api] INFO  o.eclipse.m2e.core.internal.Bundles - 	Entry: C:\Users\Dell\.p2\pool\plugins\org.eclipse.m2e.maven.runtime_3.9.900.20240824-1409\jars\maven-resolver-api-1.9.22.jar
2025-05-01 09:08:03,504 [Worker-27: Launching Executing clean in D__pradeep_Automation_KarateAPI_test-api] INFO  o.eclipse.m2e.core.internal.Bundles - 	Entry: C:\Users\Dell\.p2\pool\plugins\org.eclipse.m2e.maven.runtime_3.9.900.20240824-1409\jars\maven-resolver-connector-basic-1.9.22.jar
2025-05-01 09:08:03,504 [Worker-27: Launching Executing clean in D__pradeep_Automation_KarateAPI_test-api] INFO  o.eclipse.m2e.core.internal.Bundles - 	Entry: C:\Users\Dell\.p2\pool\plugins\org.eclipse.m2e.maven.runtime_3.9.900.20240824-1409\jars\maven-resolver-impl-1.9.22.jar
2025-05-01 09:08:03,504 [Worker-27: Launching Executing clean in D__pradeep_Automation_KarateAPI_test-api] INFO  o.eclipse.m2e.core.internal.Bundles - 	Entry: C:\Users\Dell\.p2\pool\plugins\org.eclipse.m2e.maven.runtime_3.9.900.20240824-1409\jars\maven-resolver-named-locks-1.9.22.jar
2025-05-01 09:08:03,504 [Worker-27: Launching Executing clean in D__pradeep_Automation_KarateAPI_test-api] INFO  o.eclipse.m2e.core.internal.Bundles - 	Entry: C:\Users\Dell\.p2\pool\plugins\org.eclipse.m2e.maven.runtime_3.9.900.20240824-1409\jars\maven-resolver-provider-3.9.9.jar
2025-05-01 09:08:03,504 [Worker-27: Launching Executing clean in D__pradeep_Automation_KarateAPI_test-api] INFO  o.eclipse.m2e.core.internal.Bundles - 	Entry: C:\Users\Dell\.p2\pool\plugins\org.eclipse.m2e.maven.runtime_3.9.900.20240824-1409\jars\maven-resolver-spi-1.9.22.jar
2025-05-01 09:08:03,504 [Worker-27: Launching Executing clean in D__pradeep_Automation_KarateAPI_test-api] INFO  o.eclipse.m2e.core.internal.Bundles - 	Entry: C:\Users\Dell\.p2\pool\plugins\org.eclipse.m2e.maven.runtime_3.9.900.20240824-1409\jars\maven-resolver-transport-file-1.9.22.jar
2025-05-01 09:08:03,504 [Worker-27: Launching Executing clean in D__pradeep_Automation_KarateAPI_test-api] INFO  o.eclipse.m2e.core.internal.Bundles - 	Entry: C:\Users\Dell\.p2\pool\plugins\org.eclipse.m2e.maven.runtime_3.9.900.20240824-1409\jars\maven-resolver-transport-http-1.9.22.jar
2025-05-01 09:08:03,505 [Worker-27: Launching Executing clean in D__pradeep_Automation_KarateAPI_test-api] INFO  o.eclipse.m2e.core.internal.Bundles - 	Entry: C:\Users\Dell\.p2\pool\plugins\org.eclipse.m2e.maven.runtime_3.9.900.20240824-1409\jars\maven-resolver-transport-wagon-1.9.22.jar
2025-05-01 09:08:03,505 [Worker-27: Launching Executing clean in D__pradeep_Automation_KarateAPI_test-api] INFO  o.eclipse.m2e.core.internal.Bundles - 	Entry: C:\Users\Dell\.p2\pool\plugins\org.eclipse.m2e.maven.runtime_3.9.900.20240824-1409\jars\maven-resolver-util-1.9.22.jar
2025-05-01 09:08:03,505 [Worker-27: Launching Executing clean in D__pradeep_Automation_KarateAPI_test-api] INFO  o.eclipse.m2e.core.internal.Bundles - 	Entry: C:\Users\Dell\.p2\pool\plugins\org.eclipse.m2e.maven.runtime_3.9.900.20240824-1409\jars\maven-settings-3.9.9.jar
2025-05-01 09:08:03,505 [Worker-27: Launching Executing clean in D__pradeep_Automation_KarateAPI_test-api] INFO  o.eclipse.m2e.core.internal.Bundles - 	Entry: C:\Users\Dell\.p2\pool\plugins\org.eclipse.m2e.maven.runtime_3.9.900.20240824-1409\jars\maven-settings-builder-3.9.9.jar
2025-05-01 09:08:03,505 [Worker-27: Launching Executing clean in D__pradeep_Automation_KarateAPI_test-api] INFO  o.eclipse.m2e.core.internal.Bundles - 	Entry: C:\Users\Dell\.p2\pool\plugins\org.eclipse.m2e.maven.runtime_3.9.900.20240824-1409\jars\maven-shared-utils-3.4.2.jar
2025-05-01 09:08:03,505 [Worker-27: Launching Executing clean in D__pradeep_Automation_KarateAPI_test-api] INFO  o.eclipse.m2e.core.internal.Bundles - 	Entry: C:\Users\Dell\.p2\pool\plugins\org.eclipse.m2e.maven.runtime_3.9.900.20240824-1409\jars\org.eclipse.sisu.inject-0.9.0.M3.jar
2025-05-01 09:08:03,505 [Worker-27: Launching Executing clean in D__pradeep_Automation_KarateAPI_test-api] INFO  o.eclipse.m2e.core.internal.Bundles - 	Entry: C:\Users\Dell\.p2\pool\plugins\org.eclipse.m2e.maven.runtime_3.9.900.20240824-1409\jars\org.eclipse.sisu.plexus-0.9.0.M3.jar
2025-05-01 09:08:03,506 [Worker-27: Launching Executing clean in D__pradeep_Automation_KarateAPI_test-api] INFO  o.eclipse.m2e.core.internal.Bundles - 	Entry: C:\Users\Dell\.p2\pool\plugins\org.eclipse.m2e.maven.runtime_3.9.900.20240824-1409\jars\plexus-build-api-0.0.7.jar
2025-05-01 09:08:03,506 [Worker-27: Launching Executing clean in D__pradeep_Automation_KarateAPI_test-api] INFO  o.eclipse.m2e.core.internal.Bundles - 	Entry: C:\Users\Dell\.p2\pool\plugins\org.eclipse.m2e.maven.runtime_3.9.900.20240824-1409\jars\plexus-build-api-1.2.0.jar
2025-05-01 09:08:03,506 [Worker-27: Launching Executing clean in D__pradeep_Automation_KarateAPI_test-api] INFO  o.eclipse.m2e.core.internal.Bundles - 	Entry: C:\Users\Dell\.p2\pool\plugins\org.eclipse.m2e.maven.runtime_3.9.900.20240824-1409\jars\plexus-cipher-2.0.jar
2025-05-01 09:08:03,506 [Worker-27: Launching Executing clean in D__pradeep_Automation_KarateAPI_test-api] INFO  o.eclipse.m2e.core.internal.Bundles - 	Entry: C:\Users\Dell\.p2\pool\plugins\org.eclipse.m2e.maven.runtime_3.9.900.20240824-1409\jars\plexus-classworlds-2.8.0.jar
2025-05-01 09:08:03,506 [Worker-27: Launching Executing clean in D__pradeep_Automation_KarateAPI_test-api] INFO  o.eclipse.m2e.core.internal.Bundles - 	Entry: C:\Users\Dell\.p2\pool\plugins\org.eclipse.m2e.maven.runtime_3.9.900.20240824-1409\jars\plexus-component-annotations-2.1.0.jar
2025-05-01 09:08:03,506 [Worker-27: Launching Executing clean in D__pradeep_Automation_KarateAPI_test-api] INFO  o.eclipse.m2e.core.internal.Bundles - 	Entry: C:\Users\Dell\.p2\pool\plugins\org.eclipse.m2e.maven.runtime_3.9.900.20240824-1409\jars\plexus-interpolation-1.27.jar
2025-05-01 09:08:03,506 [Worker-27: Launching Executing clean in D__pradeep_Automation_KarateAPI_test-api] INFO  o.eclipse.m2e.core.internal.Bundles - 	Entry: C:\Users\Dell\.p2\pool\plugins\org.eclipse.m2e.maven.runtime_3.9.900.20240824-1409\jars\plexus-sec-dispatcher-2.0.jar
2025-05-01 09:08:03,506 [Worker-27: Launching Executing clean in D__pradeep_Automation_KarateAPI_test-api] INFO  o.eclipse.m2e.core.internal.Bundles - 	Entry: C:\Users\Dell\.p2\pool\plugins\org.eclipse.m2e.maven.runtime_3.9.900.20240824-1409\jars\plexus-utils-3.5.1.jar
2025-05-01 09:08:03,506 [Worker-27: Launching Executing clean in D__pradeep_Automation_KarateAPI_test-api] INFO  o.eclipse.m2e.core.internal.Bundles - 	Entry: C:\Users\Dell\.p2\pool\plugins\org.eclipse.m2e.maven.runtime_3.9.900.20240824-1409\jars\plexus-xml-3.0.1.jar
2025-05-01 09:08:03,507 [Worker-27: Launching Executing clean in D__pradeep_Automation_KarateAPI_test-api] INFO  o.eclipse.m2e.core.internal.Bundles - 	Entry: C:\Users\Dell\.p2\pool\plugins\org.eclipse.m2e.maven.runtime_3.9.900.20240824-1409\jars\wagon-file-3.5.3.jar
2025-05-01 09:08:03,507 [Worker-27: Launching Executing clean in D__pradeep_Automation_KarateAPI_test-api] INFO  o.eclipse.m2e.core.internal.Bundles - 	Entry: C:\Users\Dell\.p2\pool\plugins\org.eclipse.m2e.maven.runtime_3.9.900.20240824-1409\jars\wagon-http-3.5.3.jar
2025-05-01 09:08:03,507 [Worker-27: Launching Executing clean in D__pradeep_Automation_KarateAPI_test-api] INFO  o.eclipse.m2e.core.internal.Bundles - 	Entry: C:\Users\Dell\.p2\pool\plugins\org.eclipse.m2e.maven.runtime_3.9.900.20240824-1409\jars\wagon-http-shared-3.5.3.jar
2025-05-01 09:08:03,507 [Worker-27: Launching Executing clean in D__pradeep_Automation_KarateAPI_test-api] INFO  o.eclipse.m2e.core.internal.Bundles - 	Entry: C:\Users\Dell\.p2\pool\plugins\org.eclipse.m2e.maven.runtime_3.9.900.20240824-1409\jars\wagon-provider-api-3.5.3.jar
2025-05-01 09:08:03,508 [Worker-27: Launching Executing clean in D__pradeep_Automation_KarateAPI_test-api] INFO  o.eclipse.m2e.core.internal.Bundles - getClasspathEntries(Bundle=com.google.guava_33.3.1.jre [1017])
2025-05-01 09:08:03,509 [Worker-27: Launching Executing clean in D__pradeep_Automation_KarateAPI_test-api] INFO  o.eclipse.m2e.core.internal.Bundles - 	Entry: C:\Users\Dell\.p2\pool\plugins\com.google.guava_33.3.1.jre.jar
2025-05-01 09:08:03,509 [Worker-27: Launching Executing clean in D__pradeep_Automation_KarateAPI_test-api] INFO  o.eclipse.m2e.core.internal.Bundles - getClasspathEntries(Bundle=slf4j.api_2.0.16 [1007])
2025-05-01 09:08:03,509 [Worker-27: Launching Executing clean in D__pradeep_Automation_KarateAPI_test-api] INFO  o.eclipse.m2e.core.internal.Bundles - 	Entry: C:\Users\Dell\.p2\pool\plugins\slf4j.api_2.0.16.jar
2025-05-01 09:08:03,509 [Worker-27: Launching Executing clean in D__pradeep_Automation_KarateAPI_test-api] INFO  o.eclipse.m2e.core.internal.Bundles - getClasspathEntries(Bundle=javax.inject_1.0.0.v20220405-0441 [1026])
2025-05-01 09:08:03,509 [Worker-27: Launching Executing clean in D__pradeep_Automation_KarateAPI_test-api] INFO  o.eclipse.m2e.core.internal.Bundles - 	Entry: C:\Users\Dell\.p2\pool\plugins\javax.inject_1.0.0.v20220405-0441.jar
2025-05-01 09:08:03,509 [Worker-27: Launching Executing clean in D__pradeep_Automation_KarateAPI_test-api] INFO  o.eclipse.m2e.core.internal.Bundles - getClasspathEntries(Bundle=javax.annotation_1.3.5.v20230504-0748 [1025])
2025-05-01 09:08:03,510 [Worker-27: Launching Executing clean in D__pradeep_Automation_KarateAPI_test-api] INFO  o.eclipse.m2e.core.internal.Bundles - 	Entry: C:\Users\Dell\.p2\pool\plugins\javax.annotation_1.3.5.v20230504-0748.jar
2025-05-01 09:08:03,510 [Worker-27: Launching Executing clean in D__pradeep_Automation_KarateAPI_test-api] INFO  o.eclipse.m2e.core.internal.Bundles - getClasspathEntries(Bundle=org.apache.commons.cli_1.9.0 [78])
2025-05-01 09:08:03,510 [Worker-27: Launching Executing clean in D__pradeep_Automation_KarateAPI_test-api] INFO  o.eclipse.m2e.core.internal.Bundles - 	Entry: C:\Users\Dell\.p2\pool\plugins\org.apache.commons.cli_1.9.0.jar
2025-05-01 09:08:03,510 [Worker-27: Launching Executing clean in D__pradeep_Automation_KarateAPI_test-api] INFO  o.eclipse.m2e.core.internal.Bundles - getClasspathEntries(Bundle=org.apache.commons.commons-codec_1.16.0 [81])
2025-05-01 09:08:03,510 [Worker-27: Launching Executing clean in D__pradeep_Automation_KarateAPI_test-api] INFO  o.eclipse.m2e.core.internal.Bundles - 	Entry: C:\Users\Dell\.p2\pool\plugins\org.apache.commons.commons-codec_1.16.0.jar
2025-05-01 09:08:03,510 [Worker-27: Launching Executing clean in D__pradeep_Automation_KarateAPI_test-api] INFO  o.eclipse.m2e.core.internal.Bundles - getClasspathEntries(Bundle=com.google.guava.failureaccess_1.0.2 [17])
2025-05-01 09:08:03,510 [Worker-27: Launching Executing clean in D__pradeep_Automation_KarateAPI_test-api] INFO  o.eclipse.m2e.core.internal.Bundles - 	Entry: C:\Users\Dell\.p2\pool\plugins\com.google.guava.failureaccess_1.0.2.jar
2025-05-01 09:08:03,515 [Worker-27: Launching Executing clean in D__pradeep_Automation_KarateAPI_test-api] INFO  o.e.m.i.launch.MavenLaunchDelegate - Run build in "D:\pradeep\Automation\KarateAPI\test-api":
2025-05-01 09:08:03,534 [Worker-27: Launching Executing clean in D__pradeep_Automation_KarateAPI_test-api] INFO  o.e.m.i.launch.MavenLaunchDelegate -  mvn  -B -Dstyle.color=always clean
2025-05-01 09:08:53,958 [Worker-27: Building] INFO  o.e.m.c.i.l.LifecycleMappingFactory - Using org.eclipse.m2e.jdt.JarLifecycleMapping lifecycle mapping for MavenProject: com.demo:test-api:0.0.1-SNAPSHOT @ D:\pradeep\Automation\KarateAPI\test-api\pom.xml.
2025-05-01 09:08:59,979 [Worker-27: Building] WARN  o.a.m.s.f.DefaultMavenResourcesFiltering - Using platform encoding (UTF-8 actually) to copy filtered resources, i.e. build is platform dependent!
2025-05-01 09:08:59,983 [Worker-27: Building] INFO  o.a.m.s.f.DefaultMavenResourcesFiltering - Copying 0 resource from src\main\resources to target\classes
2025-05-01 09:08:59,986 [Worker-27: Building] WARN  o.a.m.s.f.DefaultMavenResourcesFiltering - Using platform encoding (UTF-8 actually) to copy filtered resources, i.e. build is platform dependent!
2025-05-01 09:09:00,113 [Worker-27: Building] INFO  o.a.m.s.f.DefaultMavenResourcesFiltering - Copying 0 resource from src\test\resources to target\test-classes
2025-05-01 09:09:01,818 [Worker-10: Building] WARN  o.a.m.s.f.DefaultMavenResourcesFiltering - Using platform encoding (UTF-8 actually) to copy filtered resources, i.e. build is platform dependent!
2025-05-01 09:09:01,820 [Worker-10: Building] INFO  o.a.m.s.f.DefaultMavenResourcesFiltering - Copying 0 resource from src\main\resources to target\classes
2025-05-01 09:09:01,824 [Worker-10: Building] WARN  o.a.m.s.f.DefaultMavenResourcesFiltering - Using platform encoding (UTF-8 actually) to copy filtered resources, i.e. build is platform dependent!
2025-05-01 09:09:01,826 [Worker-10: Building] INFO  o.a.m.s.f.DefaultMavenResourcesFiltering - Copying 0 resource from src\test\resources to target\test-classes
2025-05-01 09:09:09,142 [main] INFO  o.e.m2e.actions.ExecutePomAction - Creating new launch configuration
2025-05-01 09:09:19,642 [Worker-10: Launching test-api (4)] INFO  o.eclipse.m2e.core.internal.Bundles - getClasspathEntries(Bundle=org.eclipse.m2e.maven.runtime_3.9.900.20240824-1409 [642])
2025-05-01 09:09:19,643 [Worker-10: Launching test-api (4)] INFO  o.eclipse.m2e.core.internal.Bundles - 	Entry: C:\Users\Dell\.p2\pool\plugins\org.eclipse.m2e.maven.runtime_3.9.900.20240824-1409
2025-05-01 09:09:19,643 [Worker-10: Launching test-api (4)] INFO  o.eclipse.m2e.core.internal.Bundles - 	Entry: C:\Users\Dell\.p2\pool\plugins\org.eclipse.m2e.maven.runtime_3.9.900.20240824-1409\jars\aopalliance-1.0.jar
2025-05-01 09:09:19,644 [Worker-10: Launching test-api (4)] INFO  o.eclipse.m2e.core.internal.Bundles - 	Entry: C:\Users\Dell\.p2\pool\plugins\org.eclipse.m2e.maven.runtime_3.9.900.20240824-1409\jars\guice-5.1.0.jar
2025-05-01 09:09:19,644 [Worker-10: Launching test-api (4)] INFO  o.eclipse.m2e.core.internal.Bundles - 	Entry: C:\Users\Dell\.p2\pool\plugins\org.eclipse.m2e.maven.runtime_3.9.900.20240824-1409\jars\httpclient-4.5.14.jar
2025-05-01 09:09:19,644 [Worker-10: Launching test-api (4)] INFO  o.eclipse.m2e.core.internal.Bundles - 	Entry: C:\Users\Dell\.p2\pool\plugins\org.eclipse.m2e.maven.runtime_3.9.900.20240824-1409\jars\httpcore-4.4.16.jar
2025-05-01 09:09:19,644 [Worker-10: Launching test-api (4)] INFO  o.eclipse.m2e.core.internal.Bundles - 	Entry: C:\Users\Dell\.p2\pool\plugins\org.eclipse.m2e.maven.runtime_3.9.900.20240824-1409\jars\jansi-2.4.1.jar
2025-05-01 09:09:19,644 [Worker-10: Launching test-api (4)] INFO  o.eclipse.m2e.core.internal.Bundles - 	Entry: C:\Users\Dell\.p2\pool\plugins\org.eclipse.m2e.maven.runtime_3.9.900.20240824-1409\jars\jcl-over-slf4j-1.7.36.jar
2025-05-01 09:09:19,645 [Worker-10: Launching test-api (4)] INFO  o.eclipse.m2e.core.internal.Bundles - 	Entry: C:\Users\Dell\.p2\pool\plugins\org.eclipse.m2e.maven.runtime_3.9.900.20240824-1409\jars\maven-artifact-3.9.9.jar
2025-05-01 09:09:19,645 [Worker-10: Launching test-api (4)] INFO  o.eclipse.m2e.core.internal.Bundles - 	Entry: C:\Users\Dell\.p2\pool\plugins\org.eclipse.m2e.maven.runtime_3.9.900.20240824-1409\jars\maven-builder-support-3.9.9.jar
2025-05-01 09:09:19,645 [Worker-10: Launching test-api (4)] INFO  o.eclipse.m2e.core.internal.Bundles - 	Entry: C:\Users\Dell\.p2\pool\plugins\org.eclipse.m2e.maven.runtime_3.9.900.20240824-1409\jars\maven-compat-3.9.9.jar
2025-05-01 09:09:19,645 [Worker-10: Launching test-api (4)] INFO  o.eclipse.m2e.core.internal.Bundles - 	Entry: C:\Users\Dell\.p2\pool\plugins\org.eclipse.m2e.maven.runtime_3.9.900.20240824-1409\jars\maven-core-3.9.9.jar
2025-05-01 09:09:19,645 [Worker-10: Launching test-api (4)] INFO  o.eclipse.m2e.core.internal.Bundles - 	Entry: C:\Users\Dell\.p2\pool\plugins\org.eclipse.m2e.maven.runtime_3.9.900.20240824-1409\jars\maven-embedder-3.9.9.jar
2025-05-01 09:09:19,645 [Worker-10: Launching test-api (4)] INFO  o.eclipse.m2e.core.internal.Bundles - 	Entry: C:\Users\Dell\.p2\pool\plugins\org.eclipse.m2e.maven.runtime_3.9.900.20240824-1409\jars\maven-model-3.9.9.jar
2025-05-01 09:09:19,646 [Worker-10: Launching test-api (4)] INFO  o.eclipse.m2e.core.internal.Bundles - 	Entry: C:\Users\Dell\.p2\pool\plugins\org.eclipse.m2e.maven.runtime_3.9.900.20240824-1409\jars\maven-model-builder-3.9.9.jar
2025-05-01 09:09:19,646 [Worker-10: Launching test-api (4)] INFO  o.eclipse.m2e.core.internal.Bundles - 	Entry: C:\Users\Dell\.p2\pool\plugins\org.eclipse.m2e.maven.runtime_3.9.900.20240824-1409\jars\maven-plugin-api-3.9.9.jar
2025-05-01 09:09:19,647 [Worker-10: Launching test-api (4)] INFO  o.eclipse.m2e.core.internal.Bundles - 	Entry: C:\Users\Dell\.p2\pool\plugins\org.eclipse.m2e.maven.runtime_3.9.900.20240824-1409\jars\maven-repository-metadata-3.9.9.jar
2025-05-01 09:09:19,647 [Worker-10: Launching test-api (4)] INFO  o.eclipse.m2e.core.internal.Bundles - 	Entry: C:\Users\Dell\.p2\pool\plugins\org.eclipse.m2e.maven.runtime_3.9.900.20240824-1409\jars\maven-resolver-api-1.9.22.jar
2025-05-01 09:09:19,647 [Worker-10: Launching test-api (4)] INFO  o.eclipse.m2e.core.internal.Bundles - 	Entry: C:\Users\Dell\.p2\pool\plugins\org.eclipse.m2e.maven.runtime_3.9.900.20240824-1409\jars\maven-resolver-connector-basic-1.9.22.jar
2025-05-01 09:09:19,647 [Worker-10: Launching test-api (4)] INFO  o.eclipse.m2e.core.internal.Bundles - 	Entry: C:\Users\Dell\.p2\pool\plugins\org.eclipse.m2e.maven.runtime_3.9.900.20240824-1409\jars\maven-resolver-impl-1.9.22.jar
2025-05-01 09:09:19,647 [Worker-10: Launching test-api (4)] INFO  o.eclipse.m2e.core.internal.Bundles - 	Entry: C:\Users\Dell\.p2\pool\plugins\org.eclipse.m2e.maven.runtime_3.9.900.20240824-1409\jars\maven-resolver-named-locks-1.9.22.jar
2025-05-01 09:09:19,647 [Worker-10: Launching test-api (4)] INFO  o.eclipse.m2e.core.internal.Bundles - 	Entry: C:\Users\Dell\.p2\pool\plugins\org.eclipse.m2e.maven.runtime_3.9.900.20240824-1409\jars\maven-resolver-provider-3.9.9.jar
2025-05-01 09:09:19,648 [Worker-10: Launching test-api (4)] INFO  o.eclipse.m2e.core.internal.Bundles - 	Entry: C:\Users\Dell\.p2\pool\plugins\org.eclipse.m2e.maven.runtime_3.9.900.20240824-1409\jars\maven-resolver-spi-1.9.22.jar
2025-05-01 09:09:19,648 [Worker-10: Launching test-api (4)] INFO  o.eclipse.m2e.core.internal.Bundles - 	Entry: C:\Users\Dell\.p2\pool\plugins\org.eclipse.m2e.maven.runtime_3.9.900.20240824-1409\jars\maven-resolver-transport-file-1.9.22.jar
2025-05-01 09:09:19,648 [Worker-10: Launching test-api (4)] INFO  o.eclipse.m2e.core.internal.Bundles - 	Entry: C:\Users\Dell\.p2\pool\plugins\org.eclipse.m2e.maven.runtime_3.9.900.20240824-1409\jars\maven-resolver-transport-http-1.9.22.jar
2025-05-01 09:09:19,649 [Worker-10: Launching test-api (4)] INFO  o.eclipse.m2e.core.internal.Bundles - 	Entry: C:\Users\Dell\.p2\pool\plugins\org.eclipse.m2e.maven.runtime_3.9.900.20240824-1409\jars\maven-resolver-transport-wagon-1.9.22.jar
2025-05-01 09:09:19,649 [Worker-10: Launching test-api (4)] INFO  o.eclipse.m2e.core.internal.Bundles - 	Entry: C:\Users\Dell\.p2\pool\plugins\org.eclipse.m2e.maven.runtime_3.9.900.20240824-1409\jars\maven-resolver-util-1.9.22.jar
2025-05-01 09:09:19,649 [Worker-10: Launching test-api (4)] INFO  o.eclipse.m2e.core.internal.Bundles - 	Entry: C:\Users\Dell\.p2\pool\plugins\org.eclipse.m2e.maven.runtime_3.9.900.20240824-1409\jars\maven-settings-3.9.9.jar
2025-05-01 09:09:19,649 [Worker-10: Launching test-api (4)] INFO  o.eclipse.m2e.core.internal.Bundles - 	Entry: C:\Users\Dell\.p2\pool\plugins\org.eclipse.m2e.maven.runtime_3.9.900.20240824-1409\jars\maven-settings-builder-3.9.9.jar
2025-05-01 09:09:19,650 [Worker-10: Launching test-api (4)] INFO  o.eclipse.m2e.core.internal.Bundles - 	Entry: C:\Users\Dell\.p2\pool\plugins\org.eclipse.m2e.maven.runtime_3.9.900.20240824-1409\jars\maven-shared-utils-3.4.2.jar
2025-05-01 09:09:19,650 [Worker-10: Launching test-api (4)] INFO  o.eclipse.m2e.core.internal.Bundles - 	Entry: C:\Users\Dell\.p2\pool\plugins\org.eclipse.m2e.maven.runtime_3.9.900.20240824-1409\jars\org.eclipse.sisu.inject-0.9.0.M3.jar
2025-05-01 09:09:19,650 [Worker-10: Launching test-api (4)] INFO  o.eclipse.m2e.core.internal.Bundles - 	Entry: C:\Users\Dell\.p2\pool\plugins\org.eclipse.m2e.maven.runtime_3.9.900.20240824-1409\jars\org.eclipse.sisu.plexus-0.9.0.M3.jar
2025-05-01 09:09:19,650 [Worker-10: Launching test-api (4)] INFO  o.eclipse.m2e.core.internal.Bundles - 	Entry: C:\Users\Dell\.p2\pool\plugins\org.eclipse.m2e.maven.runtime_3.9.900.20240824-1409\jars\plexus-build-api-0.0.7.jar
2025-05-01 09:09:19,650 [Worker-10: Launching test-api (4)] INFO  o.eclipse.m2e.core.internal.Bundles - 	Entry: C:\Users\Dell\.p2\pool\plugins\org.eclipse.m2e.maven.runtime_3.9.900.20240824-1409\jars\plexus-build-api-1.2.0.jar
2025-05-01 09:09:19,651 [Worker-10: Launching test-api (4)] INFO  o.eclipse.m2e.core.internal.Bundles - 	Entry: C:\Users\Dell\.p2\pool\plugins\org.eclipse.m2e.maven.runtime_3.9.900.20240824-1409\jars\plexus-cipher-2.0.jar
2025-05-01 09:09:19,651 [Worker-10: Launching test-api (4)] INFO  o.eclipse.m2e.core.internal.Bundles - 	Entry: C:\Users\Dell\.p2\pool\plugins\org.eclipse.m2e.maven.runtime_3.9.900.20240824-1409\jars\plexus-classworlds-2.8.0.jar
2025-05-01 09:09:19,651 [Worker-10: Launching test-api (4)] INFO  o.eclipse.m2e.core.internal.Bundles - 	Entry: C:\Users\Dell\.p2\pool\plugins\org.eclipse.m2e.maven.runtime_3.9.900.20240824-1409\jars\plexus-component-annotations-2.1.0.jar
2025-05-01 09:09:19,651 [Worker-10: Launching test-api (4)] INFO  o.eclipse.m2e.core.internal.Bundles - 	Entry: C:\Users\Dell\.p2\pool\plugins\org.eclipse.m2e.maven.runtime_3.9.900.20240824-1409\jars\plexus-interpolation-1.27.jar
2025-05-01 09:09:19,651 [Worker-10: Launching test-api (4)] INFO  o.eclipse.m2e.core.internal.Bundles - 	Entry: C:\Users\Dell\.p2\pool\plugins\org.eclipse.m2e.maven.runtime_3.9.900.20240824-1409\jars\plexus-sec-dispatcher-2.0.jar
2025-05-01 09:09:19,651 [Worker-10: Launching test-api (4)] INFO  o.eclipse.m2e.core.internal.Bundles - 	Entry: C:\Users\Dell\.p2\pool\plugins\org.eclipse.m2e.maven.runtime_3.9.900.20240824-1409\jars\plexus-utils-3.5.1.jar
2025-05-01 09:09:19,652 [Worker-10: Launching test-api (4)] INFO  o.eclipse.m2e.core.internal.Bundles - 	Entry: C:\Users\Dell\.p2\pool\plugins\org.eclipse.m2e.maven.runtime_3.9.900.20240824-1409\jars\plexus-xml-3.0.1.jar
2025-05-01 09:09:19,652 [Worker-10: Launching test-api (4)] INFO  o.eclipse.m2e.core.internal.Bundles - 	Entry: C:\Users\Dell\.p2\pool\plugins\org.eclipse.m2e.maven.runtime_3.9.900.20240824-1409\jars\wagon-file-3.5.3.jar
2025-05-01 09:09:19,652 [Worker-10: Launching test-api (4)] INFO  o.eclipse.m2e.core.internal.Bundles - 	Entry: C:\Users\Dell\.p2\pool\plugins\org.eclipse.m2e.maven.runtime_3.9.900.20240824-1409\jars\wagon-http-3.5.3.jar
2025-05-01 09:09:19,652 [Worker-10: Launching test-api (4)] INFO  o.eclipse.m2e.core.internal.Bundles - 	Entry: C:\Users\Dell\.p2\pool\plugins\org.eclipse.m2e.maven.runtime_3.9.900.20240824-1409\jars\wagon-http-shared-3.5.3.jar
2025-05-01 09:09:19,652 [Worker-10: Launching test-api (4)] INFO  o.eclipse.m2e.core.internal.Bundles - 	Entry: C:\Users\Dell\.p2\pool\plugins\org.eclipse.m2e.maven.runtime_3.9.900.20240824-1409\jars\wagon-provider-api-3.5.3.jar
2025-05-01 09:09:19,653 [Worker-10: Launching test-api (4)] INFO  o.eclipse.m2e.core.internal.Bundles - getClasspathEntries(Bundle=com.google.guava_33.3.1.jre [1017])
2025-05-01 09:09:19,653 [Worker-10: Launching test-api (4)] INFO  o.eclipse.m2e.core.internal.Bundles - 	Entry: C:\Users\Dell\.p2\pool\plugins\com.google.guava_33.3.1.jre.jar
2025-05-01 09:09:19,653 [Worker-10: Launching test-api (4)] INFO  o.eclipse.m2e.core.internal.Bundles - getClasspathEntries(Bundle=slf4j.api_2.0.16 [1007])
2025-05-01 09:09:19,654 [Worker-10: Launching test-api (4)] INFO  o.eclipse.m2e.core.internal.Bundles - 	Entry: C:\Users\Dell\.p2\pool\plugins\slf4j.api_2.0.16.jar
2025-05-01 09:09:19,654 [Worker-10: Launching test-api (4)] INFO  o.eclipse.m2e.core.internal.Bundles - getClasspathEntries(Bundle=javax.inject_1.0.0.v20220405-0441 [1026])
2025-05-01 09:09:19,654 [Worker-10: Launching test-api (4)] INFO  o.eclipse.m2e.core.internal.Bundles - 	Entry: C:\Users\Dell\.p2\pool\plugins\javax.inject_1.0.0.v20220405-0441.jar
2025-05-01 09:09:19,654 [Worker-10: Launching test-api (4)] INFO  o.eclipse.m2e.core.internal.Bundles - getClasspathEntries(Bundle=javax.annotation_1.3.5.v20230504-0748 [1025])
2025-05-01 09:09:19,655 [Worker-10: Launching test-api (4)] INFO  o.eclipse.m2e.core.internal.Bundles - 	Entry: C:\Users\Dell\.p2\pool\plugins\javax.annotation_1.3.5.v20230504-0748.jar
2025-05-01 09:09:19,655 [Worker-10: Launching test-api (4)] INFO  o.eclipse.m2e.core.internal.Bundles - getClasspathEntries(Bundle=org.apache.commons.cli_1.9.0 [78])
2025-05-01 09:09:19,655 [Worker-10: Launching test-api (4)] INFO  o.eclipse.m2e.core.internal.Bundles - 	Entry: C:\Users\Dell\.p2\pool\plugins\org.apache.commons.cli_1.9.0.jar
2025-05-01 09:09:19,655 [Worker-10: Launching test-api (4)] INFO  o.eclipse.m2e.core.internal.Bundles - getClasspathEntries(Bundle=org.apache.commons.commons-codec_1.16.0 [81])
2025-05-01 09:09:19,655 [Worker-10: Launching test-api (4)] INFO  o.eclipse.m2e.core.internal.Bundles - 	Entry: C:\Users\Dell\.p2\pool\plugins\org.apache.commons.commons-codec_1.16.0.jar
2025-05-01 09:09:19,655 [Worker-10: Launching test-api (4)] INFO  o.eclipse.m2e.core.internal.Bundles - getClasspathEntries(Bundle=com.google.guava.failureaccess_1.0.2 [17])
2025-05-01 09:09:19,656 [Worker-10: Launching test-api (4)] INFO  o.eclipse.m2e.core.internal.Bundles - 	Entry: C:\Users\Dell\.p2\pool\plugins\com.google.guava.failureaccess_1.0.2.jar
2025-05-01 09:09:19,657 [Worker-10: Launching test-api (4)] INFO  o.e.m.i.launch.MavenLaunchDelegate - Run build in "D:\pradeep\Automation\KarateAPI\test-api":
2025-05-01 09:09:19,657 [Worker-10: Launching test-api (4)] INFO  o.e.m.i.launch.MavenLaunchDelegate -  mvn  -B -Dstyle.color=always clean install
2025-05-01 09:27:30,025 [Worker-34: Building] WARN  o.a.m.s.f.DefaultMavenResourcesFiltering - Using platform encoding (UTF-8 actually) to copy filtered resources, i.e. build is platform dependent!
2025-05-01 09:27:30,039 [Worker-34: Building] INFO  o.a.m.s.f.DefaultMavenResourcesFiltering - Copying 0 resource from src\main\resources to target\classes
2025-05-01 09:27:30,042 [Worker-34: Building] WARN  o.a.m.s.f.DefaultMavenResourcesFiltering - Using platform encoding (UTF-8 actually) to copy filtered resources, i.e. build is platform dependent!
2025-05-01 09:27:30,118 [Worker-34: Building] INFO  o.a.m.s.f.DefaultMavenResourcesFiltering - Copying 0 resource from src\test\resources to target\test-classes
2025-05-01 09:28:24,792 [Worker-36: Launching Executing clean in D__pradeep_Automation_KarateAPI_test-api] INFO  o.eclipse.m2e.core.internal.Bundles - getClasspathEntries(Bundle=org.eclipse.m2e.maven.runtime_3.9.900.20240824-1409 [642])
2025-05-01 09:28:24,794 [Worker-36: Launching Executing clean in D__pradeep_Automation_KarateAPI_test-api] INFO  o.eclipse.m2e.core.internal.Bundles - 	Entry: C:\Users\Dell\.p2\pool\plugins\org.eclipse.m2e.maven.runtime_3.9.900.20240824-1409
2025-05-01 09:28:24,794 [Worker-36: Launching Executing clean in D__pradeep_Automation_KarateAPI_test-api] INFO  o.eclipse.m2e.core.internal.Bundles - 	Entry: C:\Users\Dell\.p2\pool\plugins\org.eclipse.m2e.maven.runtime_3.9.900.20240824-1409\jars\aopalliance-1.0.jar
2025-05-01 09:28:24,794 [Worker-36: Launching Executing clean in D__pradeep_Automation_KarateAPI_test-api] INFO  o.eclipse.m2e.core.internal.Bundles - 	Entry: C:\Users\Dell\.p2\pool\plugins\org.eclipse.m2e.maven.runtime_3.9.900.20240824-1409\jars\guice-5.1.0.jar
2025-05-01 09:28:24,794 [Worker-36: Launching Executing clean in D__pradeep_Automation_KarateAPI_test-api] INFO  o.eclipse.m2e.core.internal.Bundles - 	Entry: C:\Users\Dell\.p2\pool\plugins\org.eclipse.m2e.maven.runtime_3.9.900.20240824-1409\jars\httpclient-4.5.14.jar
2025-05-01 09:28:24,795 [Worker-36: Launching Executing clean in D__pradeep_Automation_KarateAPI_test-api] INFO  o.eclipse.m2e.core.internal.Bundles - 	Entry: C:\Users\Dell\.p2\pool\plugins\org.eclipse.m2e.maven.runtime_3.9.900.20240824-1409\jars\httpcore-4.4.16.jar
2025-05-01 09:28:24,795 [Worker-36: Launching Executing clean in D__pradeep_Automation_KarateAPI_test-api] INFO  o.eclipse.m2e.core.internal.Bundles - 	Entry: C:\Users\Dell\.p2\pool\plugins\org.eclipse.m2e.maven.runtime_3.9.900.20240824-1409\jars\jansi-2.4.1.jar
2025-05-01 09:28:24,795 [Worker-36: Launching Executing clean in D__pradeep_Automation_KarateAPI_test-api] INFO  o.eclipse.m2e.core.internal.Bundles - 	Entry: C:\Users\Dell\.p2\pool\plugins\org.eclipse.m2e.maven.runtime_3.9.900.20240824-1409\jars\jcl-over-slf4j-1.7.36.jar
2025-05-01 09:28:24,795 [Worker-36: Launching Executing clean in D__pradeep_Automation_KarateAPI_test-api] INFO  o.eclipse.m2e.core.internal.Bundles - 	Entry: C:\Users\Dell\.p2\pool\plugins\org.eclipse.m2e.maven.runtime_3.9.900.20240824-1409\jars\maven-artifact-3.9.9.jar
2025-05-01 09:28:24,795 [Worker-36: Launching Executing clean in D__pradeep_Automation_KarateAPI_test-api] INFO  o.eclipse.m2e.core.internal.Bundles - 	Entry: C:\Users\Dell\.p2\pool\plugins\org.eclipse.m2e.maven.runtime_3.9.900.20240824-1409\jars\maven-builder-support-3.9.9.jar
2025-05-01 09:28:24,796 [Worker-36: Launching Executing clean in D__pradeep_Automation_KarateAPI_test-api] INFO  o.eclipse.m2e.core.internal.Bundles - 	Entry: C:\Users\Dell\.p2\pool\plugins\org.eclipse.m2e.maven.runtime_3.9.900.20240824-1409\jars\maven-compat-3.9.9.jar
2025-05-01 09:28:24,796 [Worker-36: Launching Executing clean in D__pradeep_Automation_KarateAPI_test-api] INFO  o.eclipse.m2e.core.internal.Bundles - 	Entry: C:\Users\Dell\.p2\pool\plugins\org.eclipse.m2e.maven.runtime_3.9.900.20240824-1409\jars\maven-core-3.9.9.jar
2025-05-01 09:28:24,796 [Worker-36: Launching Executing clean in D__pradeep_Automation_KarateAPI_test-api] INFO  o.eclipse.m2e.core.internal.Bundles - 	Entry: C:\Users\Dell\.p2\pool\plugins\org.eclipse.m2e.maven.runtime_3.9.900.20240824-1409\jars\maven-embedder-3.9.9.jar
2025-05-01 09:28:24,796 [Worker-36: Launching Executing clean in D__pradeep_Automation_KarateAPI_test-api] INFO  o.eclipse.m2e.core.internal.Bundles - 	Entry: C:\Users\Dell\.p2\pool\plugins\org.eclipse.m2e.maven.runtime_3.9.900.20240824-1409\jars\maven-model-3.9.9.jar
2025-05-01 09:28:24,796 [Worker-36: Launching Executing clean in D__pradeep_Automation_KarateAPI_test-api] INFO  o.eclipse.m2e.core.internal.Bundles - 	Entry: C:\Users\Dell\.p2\pool\plugins\org.eclipse.m2e.maven.runtime_3.9.900.20240824-1409\jars\maven-model-builder-3.9.9.jar
2025-05-01 09:28:24,796 [Worker-36: Launching Executing clean in D__pradeep_Automation_KarateAPI_test-api] INFO  o.eclipse.m2e.core.internal.Bundles - 	Entry: C:\Users\Dell\.p2\pool\plugins\org.eclipse.m2e.maven.runtime_3.9.900.20240824-1409\jars\maven-plugin-api-3.9.9.jar
2025-05-01 09:28:24,797 [Worker-36: Launching Executing clean in D__pradeep_Automation_KarateAPI_test-api] INFO  o.eclipse.m2e.core.internal.Bundles - 	Entry: C:\Users\Dell\.p2\pool\plugins\org.eclipse.m2e.maven.runtime_3.9.900.20240824-1409\jars\maven-repository-metadata-3.9.9.jar
2025-05-01 09:28:24,797 [Worker-36: Launching Executing clean in D__pradeep_Automation_KarateAPI_test-api] INFO  o.eclipse.m2e.core.internal.Bundles - 	Entry: C:\Users\Dell\.p2\pool\plugins\org.eclipse.m2e.maven.runtime_3.9.900.20240824-1409\jars\maven-resolver-api-1.9.22.jar
2025-05-01 09:28:24,797 [Worker-36: Launching Executing clean in D__pradeep_Automation_KarateAPI_test-api] INFO  o.eclipse.m2e.core.internal.Bundles - 	Entry: C:\Users\Dell\.p2\pool\plugins\org.eclipse.m2e.maven.runtime_3.9.900.20240824-1409\jars\maven-resolver-connector-basic-1.9.22.jar
2025-05-01 09:28:24,797 [Worker-36: Launching Executing clean in D__pradeep_Automation_KarateAPI_test-api] INFO  o.eclipse.m2e.core.internal.Bundles - 	Entry: C:\Users\Dell\.p2\pool\plugins\org.eclipse.m2e.maven.runtime_3.9.900.20240824-1409\jars\maven-resolver-impl-1.9.22.jar
2025-05-01 09:28:24,797 [Worker-36: Launching Executing clean in D__pradeep_Automation_KarateAPI_test-api] INFO  o.eclipse.m2e.core.internal.Bundles - 	Entry: C:\Users\Dell\.p2\pool\plugins\org.eclipse.m2e.maven.runtime_3.9.900.20240824-1409\jars\maven-resolver-named-locks-1.9.22.jar
2025-05-01 09:28:24,798 [Worker-36: Launching Executing clean in D__pradeep_Automation_KarateAPI_test-api] INFO  o.eclipse.m2e.core.internal.Bundles - 	Entry: C:\Users\Dell\.p2\pool\plugins\org.eclipse.m2e.maven.runtime_3.9.900.20240824-1409\jars\maven-resolver-provider-3.9.9.jar
2025-05-01 09:28:24,798 [Worker-36: Launching Executing clean in D__pradeep_Automation_KarateAPI_test-api] INFO  o.eclipse.m2e.core.internal.Bundles - 	Entry: C:\Users\Dell\.p2\pool\plugins\org.eclipse.m2e.maven.runtime_3.9.900.20240824-1409\jars\maven-resolver-spi-1.9.22.jar
2025-05-01 09:28:24,798 [Worker-36: Launching Executing clean in D__pradeep_Automation_KarateAPI_test-api] INFO  o.eclipse.m2e.core.internal.Bundles - 	Entry: C:\Users\Dell\.p2\pool\plugins\org.eclipse.m2e.maven.runtime_3.9.900.20240824-1409\jars\maven-resolver-transport-file-1.9.22.jar
2025-05-01 09:28:24,798 [Worker-36: Launching Executing clean in D__pradeep_Automation_KarateAPI_test-api] INFO  o.eclipse.m2e.core.internal.Bundles - 	Entry: C:\Users\Dell\.p2\pool\plugins\org.eclipse.m2e.maven.runtime_3.9.900.20240824-1409\jars\maven-resolver-transport-http-1.9.22.jar
2025-05-01 09:28:24,798 [Worker-36: Launching Executing clean in D__pradeep_Automation_KarateAPI_test-api] INFO  o.eclipse.m2e.core.internal.Bundles - 	Entry: C:\Users\Dell\.p2\pool\plugins\org.eclipse.m2e.maven.runtime_3.9.900.20240824-1409\jars\maven-resolver-transport-wagon-1.9.22.jar
2025-05-01 09:28:24,799 [Worker-36: Launching Executing clean in D__pradeep_Automation_KarateAPI_test-api] INFO  o.eclipse.m2e.core.internal.Bundles - 	Entry: C:\Users\Dell\.p2\pool\plugins\org.eclipse.m2e.maven.runtime_3.9.900.20240824-1409\jars\maven-resolver-util-1.9.22.jar
2025-05-01 09:28:24,799 [Worker-36: Launching Executing clean in D__pradeep_Automation_KarateAPI_test-api] INFO  o.eclipse.m2e.core.internal.Bundles - 	Entry: C:\Users\Dell\.p2\pool\plugins\org.eclipse.m2e.maven.runtime_3.9.900.20240824-1409\jars\maven-settings-3.9.9.jar
2025-05-01 09:28:24,799 [Worker-36: Launching Executing clean in D__pradeep_Automation_KarateAPI_test-api] INFO  o.eclipse.m2e.core.internal.Bundles - 	Entry: C:\Users\Dell\.p2\pool\plugins\org.eclipse.m2e.maven.runtime_3.9.900.20240824-1409\jars\maven-settings-builder-3.9.9.jar
2025-05-01 09:28:24,799 [Worker-36: Launching Executing clean in D__pradeep_Automation_KarateAPI_test-api] INFO  o.eclipse.m2e.core.internal.Bundles - 	Entry: C:\Users\Dell\.p2\pool\plugins\org.eclipse.m2e.maven.runtime_3.9.900.20240824-1409\jars\maven-shared-utils-3.4.2.jar
2025-05-01 09:28:24,799 [Worker-36: Launching Executing clean in D__pradeep_Automation_KarateAPI_test-api] INFO  o.eclipse.m2e.core.internal.Bundles - 	Entry: C:\Users\Dell\.p2\pool\plugins\org.eclipse.m2e.maven.runtime_3.9.900.20240824-1409\jars\org.eclipse.sisu.inject-0.9.0.M3.jar
2025-05-01 09:28:24,800 [Worker-36: Launching Executing clean in D__pradeep_Automation_KarateAPI_test-api] INFO  o.eclipse.m2e.core.internal.Bundles - 	Entry: C:\Users\Dell\.p2\pool\plugins\org.eclipse.m2e.maven.runtime_3.9.900.20240824-1409\jars\org.eclipse.sisu.plexus-0.9.0.M3.jar
2025-05-01 09:28:24,800 [Worker-36: Launching Executing clean in D__pradeep_Automation_KarateAPI_test-api] INFO  o.eclipse.m2e.core.internal.Bundles - 	Entry: C:\Users\Dell\.p2\pool\plugins\org.eclipse.m2e.maven.runtime_3.9.900.20240824-1409\jars\plexus-build-api-0.0.7.jar
2025-05-01 09:28:24,800 [Worker-36: Launching Executing clean in D__pradeep_Automation_KarateAPI_test-api] INFO  o.eclipse.m2e.core.internal.Bundles - 	Entry: C:\Users\Dell\.p2\pool\plugins\org.eclipse.m2e.maven.runtime_3.9.900.20240824-1409\jars\plexus-build-api-1.2.0.jar
2025-05-01 09:28:24,800 [Worker-36: Launching Executing clean in D__pradeep_Automation_KarateAPI_test-api] INFO  o.eclipse.m2e.core.internal.Bundles - 	Entry: C:\Users\Dell\.p2\pool\plugins\org.eclipse.m2e.maven.runtime_3.9.900.20240824-1409\jars\plexus-cipher-2.0.jar
2025-05-01 09:28:24,800 [Worker-36: Launching Executing clean in D__pradeep_Automation_KarateAPI_test-api] INFO  o.eclipse.m2e.core.internal.Bundles - 	Entry: C:\Users\Dell\.p2\pool\plugins\org.eclipse.m2e.maven.runtime_3.9.900.20240824-1409\jars\plexus-classworlds-2.8.0.jar
2025-05-01 09:28:24,800 [Worker-36: Launching Executing clean in D__pradeep_Automation_KarateAPI_test-api] INFO  o.eclipse.m2e.core.internal.Bundles - 	Entry: C:\Users\Dell\.p2\pool\plugins\org.eclipse.m2e.maven.runtime_3.9.900.20240824-1409\jars\plexus-component-annotations-2.1.0.jar
2025-05-01 09:28:24,801 [Worker-36: Launching Executing clean in D__pradeep_Automation_KarateAPI_test-api] INFO  o.eclipse.m2e.core.internal.Bundles - 	Entry: C:\Users\Dell\.p2\pool\plugins\org.eclipse.m2e.maven.runtime_3.9.900.20240824-1409\jars\plexus-interpolation-1.27.jar
2025-05-01 09:28:24,801 [Worker-36: Launching Executing clean in D__pradeep_Automation_KarateAPI_test-api] INFO  o.eclipse.m2e.core.internal.Bundles - 	Entry: C:\Users\Dell\.p2\pool\plugins\org.eclipse.m2e.maven.runtime_3.9.900.20240824-1409\jars\plexus-sec-dispatcher-2.0.jar
2025-05-01 09:28:24,801 [Worker-36: Launching Executing clean in D__pradeep_Automation_KarateAPI_test-api] INFO  o.eclipse.m2e.core.internal.Bundles - 	Entry: C:\Users\Dell\.p2\pool\plugins\org.eclipse.m2e.maven.runtime_3.9.900.20240824-1409\jars\plexus-utils-3.5.1.jar
2025-05-01 09:28:24,801 [Worker-36: Launching Executing clean in D__pradeep_Automation_KarateAPI_test-api] INFO  o.eclipse.m2e.core.internal.Bundles - 	Entry: C:\Users\Dell\.p2\pool\plugins\org.eclipse.m2e.maven.runtime_3.9.900.20240824-1409\jars\plexus-xml-3.0.1.jar
2025-05-01 09:28:24,801 [Worker-36: Launching Executing clean in D__pradeep_Automation_KarateAPI_test-api] INFO  o.eclipse.m2e.core.internal.Bundles - 	Entry: C:\Users\Dell\.p2\pool\plugins\org.eclipse.m2e.maven.runtime_3.9.900.20240824-1409\jars\wagon-file-3.5.3.jar
2025-05-01 09:28:24,801 [Worker-36: Launching Executing clean in D__pradeep_Automation_KarateAPI_test-api] INFO  o.eclipse.m2e.core.internal.Bundles - 	Entry: C:\Users\Dell\.p2\pool\plugins\org.eclipse.m2e.maven.runtime_3.9.900.20240824-1409\jars\wagon-http-3.5.3.jar
2025-05-01 09:28:24,802 [Worker-36: Launching Executing clean in D__pradeep_Automation_KarateAPI_test-api] INFO  o.eclipse.m2e.core.internal.Bundles - 	Entry: C:\Users\Dell\.p2\pool\plugins\org.eclipse.m2e.maven.runtime_3.9.900.20240824-1409\jars\wagon-http-shared-3.5.3.jar
2025-05-01 09:28:24,802 [Worker-36: Launching Executing clean in D__pradeep_Automation_KarateAPI_test-api] INFO  o.eclipse.m2e.core.internal.Bundles - 	Entry: C:\Users\Dell\.p2\pool\plugins\org.eclipse.m2e.maven.runtime_3.9.900.20240824-1409\jars\wagon-provider-api-3.5.3.jar
2025-05-01 09:28:24,802 [Worker-36: Launching Executing clean in D__pradeep_Automation_KarateAPI_test-api] INFO  o.eclipse.m2e.core.internal.Bundles - getClasspathEntries(Bundle=com.google.guava_33.3.1.jre [1017])
2025-05-01 09:28:24,802 [Worker-36: Launching Executing clean in D__pradeep_Automation_KarateAPI_test-api] INFO  o.eclipse.m2e.core.internal.Bundles - 	Entry: C:\Users\Dell\.p2\pool\plugins\com.google.guava_33.3.1.jre.jar
2025-05-01 09:28:24,802 [Worker-36: Launching Executing clean in D__pradeep_Automation_KarateAPI_test-api] INFO  o.eclipse.m2e.core.internal.Bundles - getClasspathEntries(Bundle=slf4j.api_2.0.16 [1007])
2025-05-01 09:28:24,803 [Worker-36: Launching Executing clean in D__pradeep_Automation_KarateAPI_test-api] INFO  o.eclipse.m2e.core.internal.Bundles - 	Entry: C:\Users\Dell\.p2\pool\plugins\slf4j.api_2.0.16.jar
2025-05-01 09:28:24,803 [Worker-36: Launching Executing clean in D__pradeep_Automation_KarateAPI_test-api] INFO  o.eclipse.m2e.core.internal.Bundles - getClasspathEntries(Bundle=javax.inject_1.0.0.v20220405-0441 [1026])
2025-05-01 09:28:24,803 [Worker-36: Launching Executing clean in D__pradeep_Automation_KarateAPI_test-api] INFO  o.eclipse.m2e.core.internal.Bundles - 	Entry: C:\Users\Dell\.p2\pool\plugins\javax.inject_1.0.0.v20220405-0441.jar
2025-05-01 09:28:24,803 [Worker-36: Launching Executing clean in D__pradeep_Automation_KarateAPI_test-api] INFO  o.eclipse.m2e.core.internal.Bundles - getClasspathEntries(Bundle=javax.annotation_1.3.5.v20230504-0748 [1025])
2025-05-01 09:28:24,803 [Worker-36: Launching Executing clean in D__pradeep_Automation_KarateAPI_test-api] INFO  o.eclipse.m2e.core.internal.Bundles - 	Entry: C:\Users\Dell\.p2\pool\plugins\javax.annotation_1.3.5.v20230504-0748.jar
2025-05-01 09:28:24,803 [Worker-36: Launching Executing clean in D__pradeep_Automation_KarateAPI_test-api] INFO  o.eclipse.m2e.core.internal.Bundles - getClasspathEntries(Bundle=org.apache.commons.cli_1.9.0 [78])
2025-05-01 09:28:24,804 [Worker-36: Launching Executing clean in D__pradeep_Automation_KarateAPI_test-api] INFO  o.eclipse.m2e.core.internal.Bundles - 	Entry: C:\Users\Dell\.p2\pool\plugins\org.apache.commons.cli_1.9.0.jar
2025-05-01 09:28:24,804 [Worker-36: Launching Executing clean in D__pradeep_Automation_KarateAPI_test-api] INFO  o.eclipse.m2e.core.internal.Bundles - getClasspathEntries(Bundle=org.apache.commons.commons-codec_1.16.0 [81])
2025-05-01 09:28:24,804 [Worker-36: Launching Executing clean in D__pradeep_Automation_KarateAPI_test-api] INFO  o.eclipse.m2e.core.internal.Bundles - 	Entry: C:\Users\Dell\.p2\pool\plugins\org.apache.commons.commons-codec_1.16.0.jar
2025-05-01 09:28:24,804 [Worker-36: Launching Executing clean in D__pradeep_Automation_KarateAPI_test-api] INFO  o.eclipse.m2e.core.internal.Bundles - getClasspathEntries(Bundle=com.google.guava.failureaccess_1.0.2 [17])
2025-05-01 09:28:24,804 [Worker-36: Launching Executing clean in D__pradeep_Automation_KarateAPI_test-api] INFO  o.eclipse.m2e.core.internal.Bundles - 	Entry: C:\Users\Dell\.p2\pool\plugins\com.google.guava.failureaccess_1.0.2.jar
2025-05-01 09:28:24,805 [Worker-36: Launching Executing clean in D__pradeep_Automation_KarateAPI_test-api] INFO  o.e.m.i.launch.MavenLaunchDelegate - Run build in "D:\pradeep\Automation\KarateAPI\test-api":
2025-05-01 09:28:24,806 [Worker-36: Launching Executing clean in D__pradeep_Automation_KarateAPI_test-api] INFO  o.e.m.i.launch.MavenLaunchDelegate -  mvn  -B -Dstyle.color=always clean
2025-05-01 09:28:27,891 [Worker-31: Building] WARN  o.a.m.s.f.DefaultMavenResourcesFiltering - Using platform encoding (UTF-8 actually) to copy filtered resources, i.e. build is platform dependent!
2025-05-01 09:28:27,895 [Worker-31: Building] INFO  o.a.m.s.f.DefaultMavenResourcesFiltering - Copying 0 resource from src\main\resources to target\classes
2025-05-01 09:28:27,899 [Worker-31: Building] WARN  o.a.m.s.f.DefaultMavenResourcesFiltering - Using platform encoding (UTF-8 actually) to copy filtered resources, i.e. build is platform dependent!
2025-05-01 09:28:27,939 [Worker-31: Building] INFO  o.a.m.s.f.DefaultMavenResourcesFiltering - Copying 0 resource from src\test\resources to target\test-classes
2025-05-01 09:30:20,411 [Worker-10: Updating Maven Project] INFO  o.e.m.c.i.p.ProjectConfigurationManager - Update started
2025-05-01 09:30:20,860 [Worker-10: Updating Maven Project] INFO  o.e.m.c.i.l.LifecycleMappingFactory - Using org.eclipse.m2e.jdt.JarLifecycleMapping lifecycle mapping for MavenProject: com.demo:test-api:0.0.1-SNAPSHOT @ D:\pradeep\Automation\KarateAPI\test-api\pom.xml.
2025-05-01 09:30:21,866 [Worker-10: Updating Maven Project] INFO  o.e.m.j.i.AbstractJavaProjectConfigurator - Adding source folder /test-api/src/main/java
2025-05-01 09:30:21,867 [Worker-10: Updating Maven Project] INFO  o.e.m.j.i.AbstractJavaProjectConfigurator - Adding resource folder /test-api/src/main/resources
2025-05-01 09:30:21,868 [Worker-10: Updating Maven Project] INFO  o.e.m.j.i.AbstractJavaProjectConfigurator - Adding source folder /test-api/src/test/java
2025-05-01 09:30:21,870 [Worker-10: Updating Maven Project] INFO  o.e.m.j.i.AbstractJavaProjectConfigurator - Adding resource folder /test-api/src/test/resources
2025-05-01 09:30:22,028 [Worker-10: Updating Maven Project] INFO  o.e.m.jdt.internal.UnitTestSupport - Reset launch configuration name: InventoryRunner
2025-05-01 09:30:22,029 [Worker-10: Updating Maven Project] INFO  o.e.m.jdt.internal.UnitTestSupport - Updating InventoryRunner from maven configuration
2025-05-01 09:30:22,361 [Worker-10: Updating Maven Project] INFO  o.e.m.c.i.p.ProjectConfigurationManager - Update completed for 1 poms: local refresh takes 0.00 sec, refresh facades takes 1.00 sec, update config takes 0.00 sec 
2025-05-01 09:30:22,779 [Worker-35: Building] WARN  o.a.m.s.f.DefaultMavenResourcesFiltering - Using platform encoding (UTF-8 actually) to copy filtered resources, i.e. build is platform dependent!
2025-05-01 09:30:22,781 [Worker-35: Building] INFO  o.a.m.s.f.DefaultMavenResourcesFiltering - Copying 0 resource from src\main\resources to target\classes
2025-05-01 09:30:22,784 [Worker-35: Building] WARN  o.a.m.s.f.DefaultMavenResourcesFiltering - Using platform encoding (UTF-8 actually) to copy filtered resources, i.e. build is platform dependent!
2025-05-01 09:30:22,785 [Worker-35: Building] INFO  o.a.m.s.f.DefaultMavenResourcesFiltering - Copying 0 resource from src\test\resources to target\test-classes
2025-05-01 09:32:13,899 [Worker-31: Building] INFO  o.e.m.c.i.l.LifecycleMappingFactory - Using org.eclipse.m2e.jdt.JarLifecycleMapping lifecycle mapping for MavenProject: com.demo:test-api:0.0.1-SNAPSHOT @ D:\pradeep\Automation\KarateAPI\test-api\pom.xml.
2025-05-01 09:32:14,412 [Worker-31: Building] INFO  o.e.m.c.i.e.AbstractTransferListenerAdapter - Downloaded https://repo.maven.apache.org/maven2/com/intuit/karate/karate-core/1.4.1/karate-core-1.4.1-shaded.jar
2025-05-01 09:32:14,593 [Worker-31: Building] WARN  o.a.m.s.f.DefaultMavenResourcesFiltering - Using platform encoding (UTF-8 actually) to copy filtered resources, i.e. build is platform dependent!
2025-05-01 09:32:14,596 [Worker-31: Building] INFO  o.a.m.s.f.DefaultMavenResourcesFiltering - Copying 0 resource from src\main\resources to target\classes
2025-05-01 09:32:14,600 [Worker-31: Building] WARN  o.a.m.s.f.DefaultMavenResourcesFiltering - Using platform encoding (UTF-8 actually) to copy filtered resources, i.e. build is platform dependent!
2025-05-01 09:32:14,601 [Worker-31: Building] INFO  o.a.m.s.f.DefaultMavenResourcesFiltering - Copying 0 resource from src\test\resources to target\test-classes
2025-05-01 09:33:31,486 [Worker-10: Building] WARN  o.a.m.s.f.DefaultMavenResourcesFiltering - Using platform encoding (UTF-8 actually) to copy filtered resources, i.e. build is platform dependent!
2025-05-01 09:33:31,487 [Worker-10: Building] INFO  o.a.m.s.f.DefaultMavenResourcesFiltering - Copying 0 resource from src\main\resources to target\classes
2025-05-01 09:33:31,489 [Worker-10: Building] WARN  o.a.m.s.f.DefaultMavenResourcesFiltering - Using platform encoding (UTF-8 actually) to copy filtered resources, i.e. build is platform dependent!
2025-05-01 09:33:31,491 [Worker-10: Building] INFO  o.a.m.s.f.DefaultMavenResourcesFiltering - Copying 0 resource from src\test\resources to target\test-classes
2025-05-01 09:33:50,323 [Worker-35: Updating Maven Project] INFO  o.e.m.c.i.p.ProjectConfigurationManager - Update started
2025-05-01 09:33:50,512 [Worker-35: Updating Maven Project] INFO  o.e.m.c.i.l.LifecycleMappingFactory - Using org.eclipse.m2e.jdt.JarLifecycleMapping lifecycle mapping for MavenProject: com.demo:test-api:0.0.1-SNAPSHOT @ D:\pradeep\Automation\KarateAPI\test-api\pom.xml.
2025-05-01 09:33:51,413 [Worker-35: Updating Maven Project] INFO  o.e.m.c.i.e.AbstractTransferListenerAdapter - Downloaded https://repo.maven.apache.org/maven2/com/intuit/karate/karate-core/1.4.1/karate-core-1.4.1-shaded.jar
2025-05-01 09:33:51,595 [Worker-35: Updating Maven Project] INFO  o.e.m.j.i.AbstractJavaProjectConfigurator - Adding source folder /test-api/src/main/java
2025-05-01 09:33:51,595 [Worker-35: Updating Maven Project] INFO  o.e.m.j.i.AbstractJavaProjectConfigurator - Adding resource folder /test-api/src/main/resources
2025-05-01 09:33:51,596 [Worker-35: Updating Maven Project] INFO  o.e.m.j.i.AbstractJavaProjectConfigurator - Adding source folder /test-api/src/test/java
2025-05-01 09:33:51,597 [Worker-35: Updating Maven Project] INFO  o.e.m.j.i.AbstractJavaProjectConfigurator - Adding resource folder /test-api/src/test/resources
2025-05-01 09:33:51,692 [Worker-35: Updating Maven Project] INFO  o.e.m.jdt.internal.UnitTestSupport - Reset launch configuration name: InventoryRunner
2025-05-01 09:33:51,692 [Worker-35: Updating Maven Project] INFO  o.e.m.jdt.internal.UnitTestSupport - Updating InventoryRunner from maven configuration
2025-05-01 09:33:51,850 [Worker-35: Updating Maven Project] INFO  o.e.m.c.i.p.ProjectConfigurationManager - Update completed for 1 poms: local refresh takes 0.00 sec, refresh facades takes 1.00 sec, update config takes 0.00 sec 
2025-05-01 09:33:51,967 [Worker-37: Building] WARN  o.a.m.s.f.DefaultMavenResourcesFiltering - Using platform encoding (UTF-8 actually) to copy filtered resources, i.e. build is platform dependent!
2025-05-01 09:33:51,968 [Worker-37: Building] INFO  o.a.m.s.f.DefaultMavenResourcesFiltering - Copying 0 resource from src\main\resources to target\classes
2025-05-01 09:33:51,972 [Worker-37: Building] WARN  o.a.m.s.f.DefaultMavenResourcesFiltering - Using platform encoding (UTF-8 actually) to copy filtered resources, i.e. build is platform dependent!
2025-05-01 09:33:51,973 [Worker-37: Building] INFO  o.a.m.s.f.DefaultMavenResourcesFiltering - Copying 0 resource from src\test\resources to target\test-classes
2025-05-01 09:34:31,013 [Worker-35: Launching Executing clean in D__pradeep_Automation_KarateAPI_test-api] INFO  o.eclipse.m2e.core.internal.Bundles - getClasspathEntries(Bundle=org.eclipse.m2e.maven.runtime_3.9.900.20240824-1409 [642])
2025-05-01 09:34:31,014 [Worker-35: Launching Executing clean in D__pradeep_Automation_KarateAPI_test-api] INFO  o.eclipse.m2e.core.internal.Bundles - 	Entry: C:\Users\Dell\.p2\pool\plugins\org.eclipse.m2e.maven.runtime_3.9.900.20240824-1409
2025-05-01 09:34:31,014 [Worker-35: Launching Executing clean in D__pradeep_Automation_KarateAPI_test-api] INFO  o.eclipse.m2e.core.internal.Bundles - 	Entry: C:\Users\Dell\.p2\pool\plugins\org.eclipse.m2e.maven.runtime_3.9.900.20240824-1409\jars\aopalliance-1.0.jar
2025-05-01 09:34:31,014 [Worker-35: Launching Executing clean in D__pradeep_Automation_KarateAPI_test-api] INFO  o.eclipse.m2e.core.internal.Bundles - 	Entry: C:\Users\Dell\.p2\pool\plugins\org.eclipse.m2e.maven.runtime_3.9.900.20240824-1409\jars\guice-5.1.0.jar
2025-05-01 09:34:31,015 [Worker-35: Launching Executing clean in D__pradeep_Automation_KarateAPI_test-api] INFO  o.eclipse.m2e.core.internal.Bundles - 	Entry: C:\Users\Dell\.p2\pool\plugins\org.eclipse.m2e.maven.runtime_3.9.900.20240824-1409\jars\httpclient-4.5.14.jar
2025-05-01 09:34:31,015 [Worker-35: Launching Executing clean in D__pradeep_Automation_KarateAPI_test-api] INFO  o.eclipse.m2e.core.internal.Bundles - 	Entry: C:\Users\Dell\.p2\pool\plugins\org.eclipse.m2e.maven.runtime_3.9.900.20240824-1409\jars\httpcore-4.4.16.jar
2025-05-01 09:34:31,015 [Worker-35: Launching Executing clean in D__pradeep_Automation_KarateAPI_test-api] INFO  o.eclipse.m2e.core.internal.Bundles - 	Entry: C:\Users\Dell\.p2\pool\plugins\org.eclipse.m2e.maven.runtime_3.9.900.20240824-1409\jars\jansi-2.4.1.jar
2025-05-01 09:34:31,015 [Worker-35: Launching Executing clean in D__pradeep_Automation_KarateAPI_test-api] INFO  o.eclipse.m2e.core.internal.Bundles - 	Entry: C:\Users\Dell\.p2\pool\plugins\org.eclipse.m2e.maven.runtime_3.9.900.20240824-1409\jars\jcl-over-slf4j-1.7.36.jar
2025-05-01 09:34:31,015 [Worker-35: Launching Executing clean in D__pradeep_Automation_KarateAPI_test-api] INFO  o.eclipse.m2e.core.internal.Bundles - 	Entry: C:\Users\Dell\.p2\pool\plugins\org.eclipse.m2e.maven.runtime_3.9.900.20240824-1409\jars\maven-artifact-3.9.9.jar
2025-05-01 09:34:31,015 [Worker-35: Launching Executing clean in D__pradeep_Automation_KarateAPI_test-api] INFO  o.eclipse.m2e.core.internal.Bundles - 	Entry: C:\Users\Dell\.p2\pool\plugins\org.eclipse.m2e.maven.runtime_3.9.900.20240824-1409\jars\maven-builder-support-3.9.9.jar
2025-05-01 09:34:31,015 [Worker-35: Launching Executing clean in D__pradeep_Automation_KarateAPI_test-api] INFO  o.eclipse.m2e.core.internal.Bundles - 	Entry: C:\Users\Dell\.p2\pool\plugins\org.eclipse.m2e.maven.runtime_3.9.900.20240824-1409\jars\maven-compat-3.9.9.jar
2025-05-01 09:34:31,015 [Worker-35: Launching Executing clean in D__pradeep_Automation_KarateAPI_test-api] INFO  o.eclipse.m2e.core.internal.Bundles - 	Entry: C:\Users\Dell\.p2\pool\plugins\org.eclipse.m2e.maven.runtime_3.9.900.20240824-1409\jars\maven-core-3.9.9.jar
2025-05-01 09:34:31,015 [Worker-35: Launching Executing clean in D__pradeep_Automation_KarateAPI_test-api] INFO  o.eclipse.m2e.core.internal.Bundles - 	Entry: C:\Users\Dell\.p2\pool\plugins\org.eclipse.m2e.maven.runtime_3.9.900.20240824-1409\jars\maven-embedder-3.9.9.jar
2025-05-01 09:34:31,016 [Worker-35: Launching Executing clean in D__pradeep_Automation_KarateAPI_test-api] INFO  o.eclipse.m2e.core.internal.Bundles - 	Entry: C:\Users\Dell\.p2\pool\plugins\org.eclipse.m2e.maven.runtime_3.9.900.20240824-1409\jars\maven-model-3.9.9.jar
2025-05-01 09:34:31,016 [Worker-35: Launching Executing clean in D__pradeep_Automation_KarateAPI_test-api] INFO  o.eclipse.m2e.core.internal.Bundles - 	Entry: C:\Users\Dell\.p2\pool\plugins\org.eclipse.m2e.maven.runtime_3.9.900.20240824-1409\jars\maven-model-builder-3.9.9.jar
2025-05-01 09:34:31,016 [Worker-35: Launching Executing clean in D__pradeep_Automation_KarateAPI_test-api] INFO  o.eclipse.m2e.core.internal.Bundles - 	Entry: C:\Users\Dell\.p2\pool\plugins\org.eclipse.m2e.maven.runtime_3.9.900.20240824-1409\jars\maven-plugin-api-3.9.9.jar
2025-05-01 09:34:31,016 [Worker-35: Launching Executing clean in D__pradeep_Automation_KarateAPI_test-api] INFO  o.eclipse.m2e.core.internal.Bundles - 	Entry: C:\Users\Dell\.p2\pool\plugins\org.eclipse.m2e.maven.runtime_3.9.900.20240824-1409\jars\maven-repository-metadata-3.9.9.jar
2025-05-01 09:34:31,016 [Worker-35: Launching Executing clean in D__pradeep_Automation_KarateAPI_test-api] INFO  o.eclipse.m2e.core.internal.Bundles - 	Entry: C:\Users\Dell\.p2\pool\plugins\org.eclipse.m2e.maven.runtime_3.9.900.20240824-1409\jars\maven-resolver-api-1.9.22.jar
2025-05-01 09:34:31,016 [Worker-35: Launching Executing clean in D__pradeep_Automation_KarateAPI_test-api] INFO  o.eclipse.m2e.core.internal.Bundles - 	Entry: C:\Users\Dell\.p2\pool\plugins\org.eclipse.m2e.maven.runtime_3.9.900.20240824-1409\jars\maven-resolver-connector-basic-1.9.22.jar
2025-05-01 09:34:31,016 [Worker-35: Launching Executing clean in D__pradeep_Automation_KarateAPI_test-api] INFO  o.eclipse.m2e.core.internal.Bundles - 	Entry: C:\Users\Dell\.p2\pool\plugins\org.eclipse.m2e.maven.runtime_3.9.900.20240824-1409\jars\maven-resolver-impl-1.9.22.jar
2025-05-01 09:34:31,016 [Worker-35: Launching Executing clean in D__pradeep_Automation_KarateAPI_test-api] INFO  o.eclipse.m2e.core.internal.Bundles - 	Entry: C:\Users\Dell\.p2\pool\plugins\org.eclipse.m2e.maven.runtime_3.9.900.20240824-1409\jars\maven-resolver-named-locks-1.9.22.jar
2025-05-01 09:34:31,016 [Worker-35: Launching Executing clean in D__pradeep_Automation_KarateAPI_test-api] INFO  o.eclipse.m2e.core.internal.Bundles - 	Entry: C:\Users\Dell\.p2\pool\plugins\org.eclipse.m2e.maven.runtime_3.9.900.20240824-1409\jars\maven-resolver-provider-3.9.9.jar
2025-05-01 09:34:31,017 [Worker-35: Launching Executing clean in D__pradeep_Automation_KarateAPI_test-api] INFO  o.eclipse.m2e.core.internal.Bundles - 	Entry: C:\Users\Dell\.p2\pool\plugins\org.eclipse.m2e.maven.runtime_3.9.900.20240824-1409\jars\maven-resolver-spi-1.9.22.jar
2025-05-01 09:34:31,017 [Worker-35: Launching Executing clean in D__pradeep_Automation_KarateAPI_test-api] INFO  o.eclipse.m2e.core.internal.Bundles - 	Entry: C:\Users\Dell\.p2\pool\plugins\org.eclipse.m2e.maven.runtime_3.9.900.20240824-1409\jars\maven-resolver-transport-file-1.9.22.jar
2025-05-01 09:34:31,017 [Worker-35: Launching Executing clean in D__pradeep_Automation_KarateAPI_test-api] INFO  o.eclipse.m2e.core.internal.Bundles - 	Entry: C:\Users\Dell\.p2\pool\plugins\org.eclipse.m2e.maven.runtime_3.9.900.20240824-1409\jars\maven-resolver-transport-http-1.9.22.jar
2025-05-01 09:34:31,017 [Worker-35: Launching Executing clean in D__pradeep_Automation_KarateAPI_test-api] INFO  o.eclipse.m2e.core.internal.Bundles - 	Entry: C:\Users\Dell\.p2\pool\plugins\org.eclipse.m2e.maven.runtime_3.9.900.20240824-1409\jars\maven-resolver-transport-wagon-1.9.22.jar
2025-05-01 09:34:31,017 [Worker-35: Launching Executing clean in D__pradeep_Automation_KarateAPI_test-api] INFO  o.eclipse.m2e.core.internal.Bundles - 	Entry: C:\Users\Dell\.p2\pool\plugins\org.eclipse.m2e.maven.runtime_3.9.900.20240824-1409\jars\maven-resolver-util-1.9.22.jar
2025-05-01 09:34:31,017 [Worker-35: Launching Executing clean in D__pradeep_Automation_KarateAPI_test-api] INFO  o.eclipse.m2e.core.internal.Bundles - 	Entry: C:\Users\Dell\.p2\pool\plugins\org.eclipse.m2e.maven.runtime_3.9.900.20240824-1409\jars\maven-settings-3.9.9.jar
2025-05-01 09:34:31,017 [Worker-35: Launching Executing clean in D__pradeep_Automation_KarateAPI_test-api] INFO  o.eclipse.m2e.core.internal.Bundles - 	Entry: C:\Users\Dell\.p2\pool\plugins\org.eclipse.m2e.maven.runtime_3.9.900.20240824-1409\jars\maven-settings-builder-3.9.9.jar
2025-05-01 09:34:31,017 [Worker-35: Launching Executing clean in D__pradeep_Automation_KarateAPI_test-api] INFO  o.eclipse.m2e.core.internal.Bundles - 	Entry: C:\Users\Dell\.p2\pool\plugins\org.eclipse.m2e.maven.runtime_3.9.900.20240824-1409\jars\maven-shared-utils-3.4.2.jar
2025-05-01 09:34:31,018 [Worker-35: Launching Executing clean in D__pradeep_Automation_KarateAPI_test-api] INFO  o.eclipse.m2e.core.internal.Bundles - 	Entry: C:\Users\Dell\.p2\pool\plugins\org.eclipse.m2e.maven.runtime_3.9.900.20240824-1409\jars\org.eclipse.sisu.inject-0.9.0.M3.jar
2025-05-01 09:34:31,018 [Worker-35: Launching Executing clean in D__pradeep_Automation_KarateAPI_test-api] INFO  o.eclipse.m2e.core.internal.Bundles - 	Entry: C:\Users\Dell\.p2\pool\plugins\org.eclipse.m2e.maven.runtime_3.9.900.20240824-1409\jars\org.eclipse.sisu.plexus-0.9.0.M3.jar
2025-05-01 09:34:31,018 [Worker-35: Launching Executing clean in D__pradeep_Automation_KarateAPI_test-api] INFO  o.eclipse.m2e.core.internal.Bundles - 	Entry: C:\Users\Dell\.p2\pool\plugins\org.eclipse.m2e.maven.runtime_3.9.900.20240824-1409\jars\plexus-build-api-0.0.7.jar
2025-05-01 09:34:31,018 [Worker-35: Launching Executing clean in D__pradeep_Automation_KarateAPI_test-api] INFO  o.eclipse.m2e.core.internal.Bundles - 	Entry: C:\Users\Dell\.p2\pool\plugins\org.eclipse.m2e.maven.runtime_3.9.900.20240824-1409\jars\plexus-build-api-1.2.0.jar
2025-05-01 09:34:31,018 [Worker-35: Launching Executing clean in D__pradeep_Automation_KarateAPI_test-api] INFO  o.eclipse.m2e.core.internal.Bundles - 	Entry: C:\Users\Dell\.p2\pool\plugins\org.eclipse.m2e.maven.runtime_3.9.900.20240824-1409\jars\plexus-cipher-2.0.jar
2025-05-01 09:34:31,018 [Worker-35: Launching Executing clean in D__pradeep_Automation_KarateAPI_test-api] INFO  o.eclipse.m2e.core.internal.Bundles - 	Entry: C:\Users\Dell\.p2\pool\plugins\org.eclipse.m2e.maven.runtime_3.9.900.20240824-1409\jars\plexus-classworlds-2.8.0.jar
2025-05-01 09:34:31,018 [Worker-35: Launching Executing clean in D__pradeep_Automation_KarateAPI_test-api] INFO  o.eclipse.m2e.core.internal.Bundles - 	Entry: C:\Users\Dell\.p2\pool\plugins\org.eclipse.m2e.maven.runtime_3.9.900.20240824-1409\jars\plexus-component-annotations-2.1.0.jar
2025-05-01 09:34:31,018 [Worker-35: Launching Executing clean in D__pradeep_Automation_KarateAPI_test-api] INFO  o.eclipse.m2e.core.internal.Bundles - 	Entry: C:\Users\Dell\.p2\pool\plugins\org.eclipse.m2e.maven.runtime_3.9.900.20240824-1409\jars\plexus-interpolation-1.27.jar
2025-05-01 09:34:31,018 [Worker-35: Launching Executing clean in D__pradeep_Automation_KarateAPI_test-api] INFO  o.eclipse.m2e.core.internal.Bundles - 	Entry: C:\Users\Dell\.p2\pool\plugins\org.eclipse.m2e.maven.runtime_3.9.900.20240824-1409\jars\plexus-sec-dispatcher-2.0.jar
2025-05-01 09:34:31,019 [Worker-35: Launching Executing clean in D__pradeep_Automation_KarateAPI_test-api] INFO  o.eclipse.m2e.core.internal.Bundles - 	Entry: C:\Users\Dell\.p2\pool\plugins\org.eclipse.m2e.maven.runtime_3.9.900.20240824-1409\jars\plexus-utils-3.5.1.jar
2025-05-01 09:34:31,019 [Worker-35: Launching Executing clean in D__pradeep_Automation_KarateAPI_test-api] INFO  o.eclipse.m2e.core.internal.Bundles - 	Entry: C:\Users\Dell\.p2\pool\plugins\org.eclipse.m2e.maven.runtime_3.9.900.20240824-1409\jars\plexus-xml-3.0.1.jar
2025-05-01 09:34:31,019 [Worker-35: Launching Executing clean in D__pradeep_Automation_KarateAPI_test-api] INFO  o.eclipse.m2e.core.internal.Bundles - 	Entry: C:\Users\Dell\.p2\pool\plugins\org.eclipse.m2e.maven.runtime_3.9.900.20240824-1409\jars\wagon-file-3.5.3.jar
2025-05-01 09:34:31,019 [Worker-35: Launching Executing clean in D__pradeep_Automation_KarateAPI_test-api] INFO  o.eclipse.m2e.core.internal.Bundles - 	Entry: C:\Users\Dell\.p2\pool\plugins\org.eclipse.m2e.maven.runtime_3.9.900.20240824-1409\jars\wagon-http-3.5.3.jar
2025-05-01 09:34:31,019 [Worker-35: Launching Executing clean in D__pradeep_Automation_KarateAPI_test-api] INFO  o.eclipse.m2e.core.internal.Bundles - 	Entry: C:\Users\Dell\.p2\pool\plugins\org.eclipse.m2e.maven.runtime_3.9.900.20240824-1409\jars\wagon-http-shared-3.5.3.jar
2025-05-01 09:34:31,019 [Worker-35: Launching Executing clean in D__pradeep_Automation_KarateAPI_test-api] INFO  o.eclipse.m2e.core.internal.Bundles - 	Entry: C:\Users\Dell\.p2\pool\plugins\org.eclipse.m2e.maven.runtime_3.9.900.20240824-1409\jars\wagon-provider-api-3.5.3.jar
2025-05-01 09:34:31,019 [Worker-35: Launching Executing clean in D__pradeep_Automation_KarateAPI_test-api] INFO  o.eclipse.m2e.core.internal.Bundles - getClasspathEntries(Bundle=com.google.guava_33.3.1.jre [1017])
2025-05-01 09:34:31,020 [Worker-35: Launching Executing clean in D__pradeep_Automation_KarateAPI_test-api] INFO  o.eclipse.m2e.core.internal.Bundles - 	Entry: C:\Users\Dell\.p2\pool\plugins\com.google.guava_33.3.1.jre.jar
2025-05-01 09:34:31,020 [Worker-35: Launching Executing clean in D__pradeep_Automation_KarateAPI_test-api] INFO  o.eclipse.m2e.core.internal.Bundles - getClasspathEntries(Bundle=slf4j.api_2.0.16 [1007])
2025-05-01 09:34:31,020 [Worker-35: Launching Executing clean in D__pradeep_Automation_KarateAPI_test-api] INFO  o.eclipse.m2e.core.internal.Bundles - 	Entry: C:\Users\Dell\.p2\pool\plugins\slf4j.api_2.0.16.jar
2025-05-01 09:34:31,020 [Worker-35: Launching Executing clean in D__pradeep_Automation_KarateAPI_test-api] INFO  o.eclipse.m2e.core.internal.Bundles - getClasspathEntries(Bundle=javax.inject_1.0.0.v20220405-0441 [1026])
2025-05-01 09:34:31,021 [Worker-35: Launching Executing clean in D__pradeep_Automation_KarateAPI_test-api] INFO  o.eclipse.m2e.core.internal.Bundles - 	Entry: C:\Users\Dell\.p2\pool\plugins\javax.inject_1.0.0.v20220405-0441.jar
2025-05-01 09:34:31,021 [Worker-35: Launching Executing clean in D__pradeep_Automation_KarateAPI_test-api] INFO  o.eclipse.m2e.core.internal.Bundles - getClasspathEntries(Bundle=javax.annotation_1.3.5.v20230504-0748 [1025])
2025-05-01 09:34:31,021 [Worker-35: Launching Executing clean in D__pradeep_Automation_KarateAPI_test-api] INFO  o.eclipse.m2e.core.internal.Bundles - 	Entry: C:\Users\Dell\.p2\pool\plugins\javax.annotation_1.3.5.v20230504-0748.jar
2025-05-01 09:34:31,021 [Worker-35: Launching Executing clean in D__pradeep_Automation_KarateAPI_test-api] INFO  o.eclipse.m2e.core.internal.Bundles - getClasspathEntries(Bundle=org.apache.commons.cli_1.9.0 [78])
2025-05-01 09:34:31,021 [Worker-35: Launching Executing clean in D__pradeep_Automation_KarateAPI_test-api] INFO  o.eclipse.m2e.core.internal.Bundles - 	Entry: C:\Users\Dell\.p2\pool\plugins\org.apache.commons.cli_1.9.0.jar
2025-05-01 09:34:31,021 [Worker-35: Launching Executing clean in D__pradeep_Automation_KarateAPI_test-api] INFO  o.eclipse.m2e.core.internal.Bundles - getClasspathEntries(Bundle=org.apache.commons.commons-codec_1.16.0 [81])
2025-05-01 09:34:31,022 [Worker-35: Launching Executing clean in D__pradeep_Automation_KarateAPI_test-api] INFO  o.eclipse.m2e.core.internal.Bundles - 	Entry: C:\Users\Dell\.p2\pool\plugins\org.apache.commons.commons-codec_1.16.0.jar
2025-05-01 09:34:31,022 [Worker-35: Launching Executing clean in D__pradeep_Automation_KarateAPI_test-api] INFO  o.eclipse.m2e.core.internal.Bundles - getClasspathEntries(Bundle=com.google.guava.failureaccess_1.0.2 [17])
2025-05-01 09:34:31,022 [Worker-35: Launching Executing clean in D__pradeep_Automation_KarateAPI_test-api] INFO  o.eclipse.m2e.core.internal.Bundles - 	Entry: C:\Users\Dell\.p2\pool\plugins\com.google.guava.failureaccess_1.0.2.jar
2025-05-01 09:34:31,023 [Worker-35: Launching Executing clean in D__pradeep_Automation_KarateAPI_test-api] INFO  o.e.m.i.launch.MavenLaunchDelegate - Run build in "D:\pradeep\Automation\KarateAPI\test-api":
2025-05-01 09:34:31,024 [Worker-35: Launching Executing clean in D__pradeep_Automation_KarateAPI_test-api] INFO  o.e.m.i.launch.MavenLaunchDelegate -  mvn  -B -Dstyle.color=always clean
2025-05-01 09:34:33,307 [Worker-31: Building] WARN  o.a.m.s.f.DefaultMavenResourcesFiltering - Using platform encoding (UTF-8 actually) to copy filtered resources, i.e. build is platform dependent!
2025-05-01 09:34:33,310 [Worker-31: Building] INFO  o.a.m.s.f.DefaultMavenResourcesFiltering - Copying 0 resource from src\main\resources to target\classes
2025-05-01 09:34:33,313 [Worker-31: Building] WARN  o.a.m.s.f.DefaultMavenResourcesFiltering - Using platform encoding (UTF-8 actually) to copy filtered resources, i.e. build is platform dependent!
2025-05-01 09:34:33,363 [Worker-31: Building] INFO  o.a.m.s.f.DefaultMavenResourcesFiltering - Copying 0 resource from src\test\resources to target\test-classes
2025-05-01 09:34:56,085 [Worker-31: Building] WARN  o.a.m.s.f.DefaultMavenResourcesFiltering - Using platform encoding (UTF-8 actually) to copy filtered resources, i.e. build is platform dependent!
2025-05-01 09:34:56,088 [Worker-31: Building] INFO  o.a.m.s.f.DefaultMavenResourcesFiltering - Copying 0 resource from src\main\resources to target\classes
2025-05-01 09:34:56,093 [Worker-31: Building] WARN  o.a.m.s.f.DefaultMavenResourcesFiltering - Using platform encoding (UTF-8 actually) to copy filtered resources, i.e. build is platform dependent!
2025-05-01 09:34:56,094 [Worker-31: Building] INFO  o.a.m.s.f.DefaultMavenResourcesFiltering - Copying 0 resource from src\test\resources to target\test-classes
2025-05-01 09:35:04,034 [Worker-10: Updating Maven Project] INFO  o.e.m.c.i.p.ProjectConfigurationManager - Update started
2025-05-01 09:35:04,215 [Worker-10: Updating Maven Project] INFO  o.e.m.c.i.l.LifecycleMappingFactory - Using org.eclipse.m2e.jdt.JarLifecycleMapping lifecycle mapping for MavenProject: com.demo:test-api:0.0.1-SNAPSHOT @ D:\pradeep\Automation\KarateAPI\test-api\pom.xml.
2025-05-01 09:35:04,754 [Worker-10: Updating Maven Project] INFO  o.e.m.j.i.AbstractJavaProjectConfigurator - Adding source folder /test-api/src/main/java
2025-05-01 09:35:04,755 [Worker-10: Updating Maven Project] INFO  o.e.m.j.i.AbstractJavaProjectConfigurator - Adding resource folder /test-api/src/main/resources
2025-05-01 09:35:04,755 [Worker-10: Updating Maven Project] INFO  o.e.m.j.i.AbstractJavaProjectConfigurator - Adding source folder /test-api/src/test/java
2025-05-01 09:35:04,756 [Worker-10: Updating Maven Project] INFO  o.e.m.j.i.AbstractJavaProjectConfigurator - Adding resource folder /test-api/src/test/resources
2025-05-01 09:35:04,861 [Worker-10: Updating Maven Project] INFO  o.e.m.jdt.internal.UnitTestSupport - Reset launch configuration name: InventoryRunner
2025-05-01 09:35:04,861 [Worker-10: Updating Maven Project] INFO  o.e.m.jdt.internal.UnitTestSupport - Updating InventoryRunner from maven configuration
2025-05-01 09:35:05,137 [Worker-10: Updating Maven Project] INFO  o.e.m.c.i.p.ProjectConfigurationManager - Update completed for 1 poms: local refresh takes 0.00 sec, refresh facades takes 0.00 sec, update config takes 0.00 sec 
2025-05-01 09:35:05,275 [Worker-41: Building] WARN  o.a.m.s.f.DefaultMavenResourcesFiltering - Using platform encoding (UTF-8 actually) to copy filtered resources, i.e. build is platform dependent!
2025-05-01 09:35:05,277 [Worker-41: Building] INFO  o.a.m.s.f.DefaultMavenResourcesFiltering - Copying 0 resource from src\main\resources to target\classes
2025-05-01 09:35:05,281 [Worker-41: Building] WARN  o.a.m.s.f.DefaultMavenResourcesFiltering - Using platform encoding (UTF-8 actually) to copy filtered resources, i.e. build is platform dependent!
2025-05-01 09:35:05,282 [Worker-41: Building] INFO  o.a.m.s.f.DefaultMavenResourcesFiltering - Copying 0 resource from src\test\resources to target\test-classes
2025-05-01 09:35:12,306 [Worker-40: Updating Maven Project] INFO  o.e.m.c.i.p.ProjectConfigurationManager - Update started
2025-05-01 09:35:12,482 [Worker-40: Updating Maven Project] INFO  o.e.m.c.i.l.LifecycleMappingFactory - Using org.eclipse.m2e.jdt.JarLifecycleMapping lifecycle mapping for MavenProject: com.demo:test-api:0.0.1-SNAPSHOT @ D:\pradeep\Automation\KarateAPI\test-api\pom.xml.
2025-05-01 09:35:13,072 [Worker-40: Updating Maven Project] INFO  o.e.m.c.i.e.AbstractTransferListenerAdapter - Downloaded https://repo.maven.apache.org/maven2/com/intuit/karate/karate-core/1.4.1/karate-core-1.4.1-shaded.jar
2025-05-01 09:35:13,272 [Worker-40: Updating Maven Project] INFO  o.e.m.j.i.AbstractJavaProjectConfigurator - Adding source folder /test-api/src/main/java
2025-05-01 09:35:13,273 [Worker-40: Updating Maven Project] INFO  o.e.m.j.i.AbstractJavaProjectConfigurator - Adding resource folder /test-api/src/main/resources
2025-05-01 09:35:13,274 [Worker-40: Updating Maven Project] INFO  o.e.m.j.i.AbstractJavaProjectConfigurator - Adding source folder /test-api/src/test/java
2025-05-01 09:35:13,276 [Worker-40: Updating Maven Project] INFO  o.e.m.j.i.AbstractJavaProjectConfigurator - Adding resource folder /test-api/src/test/resources
2025-05-01 09:35:13,370 [Worker-40: Updating Maven Project] INFO  o.e.m.jdt.internal.UnitTestSupport - Reset launch configuration name: InventoryRunner
2025-05-01 09:35:13,370 [Worker-40: Updating Maven Project] INFO  o.e.m.jdt.internal.UnitTestSupport - Updating InventoryRunner from maven configuration
2025-05-01 09:35:13,505 [Worker-40: Updating Maven Project] INFO  o.e.m.c.i.p.ProjectConfigurationManager - Update completed for 1 poms: local refresh takes 0.00 sec, refresh facades takes 0.00 sec, update config takes 0.00 sec 
2025-05-01 09:35:13,672 [Worker-40: Building] WARN  o.a.m.s.f.DefaultMavenResourcesFiltering - Using platform encoding (UTF-8 actually) to copy filtered resources, i.e. build is platform dependent!
2025-05-01 09:35:13,673 [Worker-40: Building] INFO  o.a.m.s.f.DefaultMavenResourcesFiltering - Copying 0 resource from src\main\resources to target\classes
2025-05-01 09:35:13,676 [Worker-40: Building] WARN  o.a.m.s.f.DefaultMavenResourcesFiltering - Using platform encoding (UTF-8 actually) to copy filtered resources, i.e. build is platform dependent!
2025-05-01 09:35:13,677 [Worker-40: Building] INFO  o.a.m.s.f.DefaultMavenResourcesFiltering - Copying 0 resource from src\test\resources to target\test-classes
2025-05-01 09:35:28,145 [Worker-41: Launching Executing clean in D__pradeep_Automation_KarateAPI_test-api] INFO  o.eclipse.m2e.core.internal.Bundles - getClasspathEntries(Bundle=org.eclipse.m2e.maven.runtime_3.9.900.20240824-1409 [642])
2025-05-01 09:35:28,146 [Worker-41: Launching Executing clean in D__pradeep_Automation_KarateAPI_test-api] INFO  o.eclipse.m2e.core.internal.Bundles - 	Entry: C:\Users\Dell\.p2\pool\plugins\org.eclipse.m2e.maven.runtime_3.9.900.20240824-1409
2025-05-01 09:35:28,146 [Worker-41: Launching Executing clean in D__pradeep_Automation_KarateAPI_test-api] INFO  o.eclipse.m2e.core.internal.Bundles - 	Entry: C:\Users\Dell\.p2\pool\plugins\org.eclipse.m2e.maven.runtime_3.9.900.20240824-1409\jars\aopalliance-1.0.jar
2025-05-01 09:35:28,147 [Worker-41: Launching Executing clean in D__pradeep_Automation_KarateAPI_test-api] INFO  o.eclipse.m2e.core.internal.Bundles - 	Entry: C:\Users\Dell\.p2\pool\plugins\org.eclipse.m2e.maven.runtime_3.9.900.20240824-1409\jars\guice-5.1.0.jar
2025-05-01 09:35:28,147 [Worker-41: Launching Executing clean in D__pradeep_Automation_KarateAPI_test-api] INFO  o.eclipse.m2e.core.internal.Bundles - 	Entry: C:\Users\Dell\.p2\pool\plugins\org.eclipse.m2e.maven.runtime_3.9.900.20240824-1409\jars\httpclient-4.5.14.jar
2025-05-01 09:35:28,147 [Worker-41: Launching Executing clean in D__pradeep_Automation_KarateAPI_test-api] INFO  o.eclipse.m2e.core.internal.Bundles - 	Entry: C:\Users\Dell\.p2\pool\plugins\org.eclipse.m2e.maven.runtime_3.9.900.20240824-1409\jars\httpcore-4.4.16.jar
2025-05-01 09:35:28,147 [Worker-41: Launching Executing clean in D__pradeep_Automation_KarateAPI_test-api] INFO  o.eclipse.m2e.core.internal.Bundles - 	Entry: C:\Users\Dell\.p2\pool\plugins\org.eclipse.m2e.maven.runtime_3.9.900.20240824-1409\jars\jansi-2.4.1.jar
2025-05-01 09:35:28,147 [Worker-41: Launching Executing clean in D__pradeep_Automation_KarateAPI_test-api] INFO  o.eclipse.m2e.core.internal.Bundles - 	Entry: C:\Users\Dell\.p2\pool\plugins\org.eclipse.m2e.maven.runtime_3.9.900.20240824-1409\jars\jcl-over-slf4j-1.7.36.jar
2025-05-01 09:35:28,147 [Worker-41: Launching Executing clean in D__pradeep_Automation_KarateAPI_test-api] INFO  o.eclipse.m2e.core.internal.Bundles - 	Entry: C:\Users\Dell\.p2\pool\plugins\org.eclipse.m2e.maven.runtime_3.9.900.20240824-1409\jars\maven-artifact-3.9.9.jar
2025-05-01 09:35:28,147 [Worker-41: Launching Executing clean in D__pradeep_Automation_KarateAPI_test-api] INFO  o.eclipse.m2e.core.internal.Bundles - 	Entry: C:\Users\Dell\.p2\pool\plugins\org.eclipse.m2e.maven.runtime_3.9.900.20240824-1409\jars\maven-builder-support-3.9.9.jar
2025-05-01 09:35:28,148 [Worker-41: Launching Executing clean in D__pradeep_Automation_KarateAPI_test-api] INFO  o.eclipse.m2e.core.internal.Bundles - 	Entry: C:\Users\Dell\.p2\pool\plugins\org.eclipse.m2e.maven.runtime_3.9.900.20240824-1409\jars\maven-compat-3.9.9.jar
2025-05-01 09:35:28,148 [Worker-41: Launching Executing clean in D__pradeep_Automation_KarateAPI_test-api] INFO  o.eclipse.m2e.core.internal.Bundles - 	Entry: C:\Users\Dell\.p2\pool\plugins\org.eclipse.m2e.maven.runtime_3.9.900.20240824-1409\jars\maven-core-3.9.9.jar
2025-05-01 09:35:28,148 [Worker-41: Launching Executing clean in D__pradeep_Automation_KarateAPI_test-api] INFO  o.eclipse.m2e.core.internal.Bundles - 	Entry: C:\Users\Dell\.p2\pool\plugins\org.eclipse.m2e.maven.runtime_3.9.900.20240824-1409\jars\maven-embedder-3.9.9.jar
2025-05-01 09:35:28,148 [Worker-41: Launching Executing clean in D__pradeep_Automation_KarateAPI_test-api] INFO  o.eclipse.m2e.core.internal.Bundles - 	Entry: C:\Users\Dell\.p2\pool\plugins\org.eclipse.m2e.maven.runtime_3.9.900.20240824-1409\jars\maven-model-3.9.9.jar
2025-05-01 09:35:28,148 [Worker-41: Launching Executing clean in D__pradeep_Automation_KarateAPI_test-api] INFO  o.eclipse.m2e.core.internal.Bundles - 	Entry: C:\Users\Dell\.p2\pool\plugins\org.eclipse.m2e.maven.runtime_3.9.900.20240824-1409\jars\maven-model-builder-3.9.9.jar
2025-05-01 09:35:28,148 [Worker-41: Launching Executing clean in D__pradeep_Automation_KarateAPI_test-api] INFO  o.eclipse.m2e.core.internal.Bundles - 	Entry: C:\Users\Dell\.p2\pool\plugins\org.eclipse.m2e.maven.runtime_3.9.900.20240824-1409\jars\maven-plugin-api-3.9.9.jar
2025-05-01 09:35:28,148 [Worker-41: Launching Executing clean in D__pradeep_Automation_KarateAPI_test-api] INFO  o.eclipse.m2e.core.internal.Bundles - 	Entry: C:\Users\Dell\.p2\pool\plugins\org.eclipse.m2e.maven.runtime_3.9.900.20240824-1409\jars\maven-repository-metadata-3.9.9.jar
2025-05-01 09:35:28,148 [Worker-41: Launching Executing clean in D__pradeep_Automation_KarateAPI_test-api] INFO  o.eclipse.m2e.core.internal.Bundles - 	Entry: C:\Users\Dell\.p2\pool\plugins\org.eclipse.m2e.maven.runtime_3.9.900.20240824-1409\jars\maven-resolver-api-1.9.22.jar
2025-05-01 09:35:28,148 [Worker-41: Launching Executing clean in D__pradeep_Automation_KarateAPI_test-api] INFO  o.eclipse.m2e.core.internal.Bundles - 	Entry: C:\Users\Dell\.p2\pool\plugins\org.eclipse.m2e.maven.runtime_3.9.900.20240824-1409\jars\maven-resolver-connector-basic-1.9.22.jar
2025-05-01 09:35:28,149 [Worker-41: Launching Executing clean in D__pradeep_Automation_KarateAPI_test-api] INFO  o.eclipse.m2e.core.internal.Bundles - 	Entry: C:\Users\Dell\.p2\pool\plugins\org.eclipse.m2e.maven.runtime_3.9.900.20240824-1409\jars\maven-resolver-impl-1.9.22.jar
2025-05-01 09:35:28,149 [Worker-41: Launching Executing clean in D__pradeep_Automation_KarateAPI_test-api] INFO  o.eclipse.m2e.core.internal.Bundles - 	Entry: C:\Users\Dell\.p2\pool\plugins\org.eclipse.m2e.maven.runtime_3.9.900.20240824-1409\jars\maven-resolver-named-locks-1.9.22.jar
2025-05-01 09:35:28,149 [Worker-41: Launching Executing clean in D__pradeep_Automation_KarateAPI_test-api] INFO  o.eclipse.m2e.core.internal.Bundles - 	Entry: C:\Users\Dell\.p2\pool\plugins\org.eclipse.m2e.maven.runtime_3.9.900.20240824-1409\jars\maven-resolver-provider-3.9.9.jar
2025-05-01 09:35:28,149 [Worker-41: Launching Executing clean in D__pradeep_Automation_KarateAPI_test-api] INFO  o.eclipse.m2e.core.internal.Bundles - 	Entry: C:\Users\Dell\.p2\pool\plugins\org.eclipse.m2e.maven.runtime_3.9.900.20240824-1409\jars\maven-resolver-spi-1.9.22.jar
2025-05-01 09:35:28,149 [Worker-41: Launching Executing clean in D__pradeep_Automation_KarateAPI_test-api] INFO  o.eclipse.m2e.core.internal.Bundles - 	Entry: C:\Users\Dell\.p2\pool\plugins\org.eclipse.m2e.maven.runtime_3.9.900.20240824-1409\jars\maven-resolver-transport-file-1.9.22.jar
2025-05-01 09:35:28,149 [Worker-41: Launching Executing clean in D__pradeep_Automation_KarateAPI_test-api] INFO  o.eclipse.m2e.core.internal.Bundles - 	Entry: C:\Users\Dell\.p2\pool\plugins\org.eclipse.m2e.maven.runtime_3.9.900.20240824-1409\jars\maven-resolver-transport-http-1.9.22.jar
2025-05-01 09:35:28,149 [Worker-41: Launching Executing clean in D__pradeep_Automation_KarateAPI_test-api] INFO  o.eclipse.m2e.core.internal.Bundles - 	Entry: C:\Users\Dell\.p2\pool\plugins\org.eclipse.m2e.maven.runtime_3.9.900.20240824-1409\jars\maven-resolver-transport-wagon-1.9.22.jar
2025-05-01 09:35:28,149 [Worker-41: Launching Executing clean in D__pradeep_Automation_KarateAPI_test-api] INFO  o.eclipse.m2e.core.internal.Bundles - 	Entry: C:\Users\Dell\.p2\pool\plugins\org.eclipse.m2e.maven.runtime_3.9.900.20240824-1409\jars\maven-resolver-util-1.9.22.jar
2025-05-01 09:35:28,149 [Worker-41: Launching Executing clean in D__pradeep_Automation_KarateAPI_test-api] INFO  o.eclipse.m2e.core.internal.Bundles - 	Entry: C:\Users\Dell\.p2\pool\plugins\org.eclipse.m2e.maven.runtime_3.9.900.20240824-1409\jars\maven-settings-3.9.9.jar
2025-05-01 09:35:28,150 [Worker-41: Launching Executing clean in D__pradeep_Automation_KarateAPI_test-api] INFO  o.eclipse.m2e.core.internal.Bundles - 	Entry: C:\Users\Dell\.p2\pool\plugins\org.eclipse.m2e.maven.runtime_3.9.900.20240824-1409\jars\maven-settings-builder-3.9.9.jar
2025-05-01 09:35:28,150 [Worker-41: Launching Executing clean in D__pradeep_Automation_KarateAPI_test-api] INFO  o.eclipse.m2e.core.internal.Bundles - 	Entry: C:\Users\Dell\.p2\pool\plugins\org.eclipse.m2e.maven.runtime_3.9.900.20240824-1409\jars\maven-shared-utils-3.4.2.jar
2025-05-01 09:35:28,150 [Worker-41: Launching Executing clean in D__pradeep_Automation_KarateAPI_test-api] INFO  o.eclipse.m2e.core.internal.Bundles - 	Entry: C:\Users\Dell\.p2\pool\plugins\org.eclipse.m2e.maven.runtime_3.9.900.20240824-1409\jars\org.eclipse.sisu.inject-0.9.0.M3.jar
2025-05-01 09:35:28,150 [Worker-41: Launching Executing clean in D__pradeep_Automation_KarateAPI_test-api] INFO  o.eclipse.m2e.core.internal.Bundles - 	Entry: C:\Users\Dell\.p2\pool\plugins\org.eclipse.m2e.maven.runtime_3.9.900.20240824-1409\jars\org.eclipse.sisu.plexus-0.9.0.M3.jar
2025-05-01 09:35:28,150 [Worker-41: Launching Executing clean in D__pradeep_Automation_KarateAPI_test-api] INFO  o.eclipse.m2e.core.internal.Bundles - 	Entry: C:\Users\Dell\.p2\pool\plugins\org.eclipse.m2e.maven.runtime_3.9.900.20240824-1409\jars\plexus-build-api-0.0.7.jar
2025-05-01 09:35:28,150 [Worker-41: Launching Executing clean in D__pradeep_Automation_KarateAPI_test-api] INFO  o.eclipse.m2e.core.internal.Bundles - 	Entry: C:\Users\Dell\.p2\pool\plugins\org.eclipse.m2e.maven.runtime_3.9.900.20240824-1409\jars\plexus-build-api-1.2.0.jar
2025-05-01 09:35:28,150 [Worker-41: Launching Executing clean in D__pradeep_Automation_KarateAPI_test-api] INFO  o.eclipse.m2e.core.internal.Bundles - 	Entry: C:\Users\Dell\.p2\pool\plugins\org.eclipse.m2e.maven.runtime_3.9.900.20240824-1409\jars\plexus-cipher-2.0.jar
2025-05-01 09:35:28,150 [Worker-41: Launching Executing clean in D__pradeep_Automation_KarateAPI_test-api] INFO  o.eclipse.m2e.core.internal.Bundles - 	Entry: C:\Users\Dell\.p2\pool\plugins\org.eclipse.m2e.maven.runtime_3.9.900.20240824-1409\jars\plexus-classworlds-2.8.0.jar
2025-05-01 09:35:28,151 [Worker-41: Launching Executing clean in D__pradeep_Automation_KarateAPI_test-api] INFO  o.eclipse.m2e.core.internal.Bundles - 	Entry: C:\Users\Dell\.p2\pool\plugins\org.eclipse.m2e.maven.runtime_3.9.900.20240824-1409\jars\plexus-component-annotations-2.1.0.jar
2025-05-01 09:35:28,151 [Worker-41: Launching Executing clean in D__pradeep_Automation_KarateAPI_test-api] INFO  o.eclipse.m2e.core.internal.Bundles - 	Entry: C:\Users\Dell\.p2\pool\plugins\org.eclipse.m2e.maven.runtime_3.9.900.20240824-1409\jars\plexus-interpolation-1.27.jar
2025-05-01 09:35:28,151 [Worker-41: Launching Executing clean in D__pradeep_Automation_KarateAPI_test-api] INFO  o.eclipse.m2e.core.internal.Bundles - 	Entry: C:\Users\Dell\.p2\pool\plugins\org.eclipse.m2e.maven.runtime_3.9.900.20240824-1409\jars\plexus-sec-dispatcher-2.0.jar
2025-05-01 09:35:28,151 [Worker-41: Launching Executing clean in D__pradeep_Automation_KarateAPI_test-api] INFO  o.eclipse.m2e.core.internal.Bundles - 	Entry: C:\Users\Dell\.p2\pool\plugins\org.eclipse.m2e.maven.runtime_3.9.900.20240824-1409\jars\plexus-utils-3.5.1.jar
2025-05-01 09:35:28,151 [Worker-41: Launching Executing clean in D__pradeep_Automation_KarateAPI_test-api] INFO  o.eclipse.m2e.core.internal.Bundles - 	Entry: C:\Users\Dell\.p2\pool\plugins\org.eclipse.m2e.maven.runtime_3.9.900.20240824-1409\jars\plexus-xml-3.0.1.jar
2025-05-01 09:35:28,151 [Worker-41: Launching Executing clean in D__pradeep_Automation_KarateAPI_test-api] INFO  o.eclipse.m2e.core.internal.Bundles - 	Entry: C:\Users\Dell\.p2\pool\plugins\org.eclipse.m2e.maven.runtime_3.9.900.20240824-1409\jars\wagon-file-3.5.3.jar
2025-05-01 09:35:28,151 [Worker-41: Launching Executing clean in D__pradeep_Automation_KarateAPI_test-api] INFO  o.eclipse.m2e.core.internal.Bundles - 	Entry: C:\Users\Dell\.p2\pool\plugins\org.eclipse.m2e.maven.runtime_3.9.900.20240824-1409\jars\wagon-http-3.5.3.jar
2025-05-01 09:35:28,151 [Worker-41: Launching Executing clean in D__pradeep_Automation_KarateAPI_test-api] INFO  o.eclipse.m2e.core.internal.Bundles - 	Entry: C:\Users\Dell\.p2\pool\plugins\org.eclipse.m2e.maven.runtime_3.9.900.20240824-1409\jars\wagon-http-shared-3.5.3.jar
2025-05-01 09:35:28,151 [Worker-41: Launching Executing clean in D__pradeep_Automation_KarateAPI_test-api] INFO  o.eclipse.m2e.core.internal.Bundles - 	Entry: C:\Users\Dell\.p2\pool\plugins\org.eclipse.m2e.maven.runtime_3.9.900.20240824-1409\jars\wagon-provider-api-3.5.3.jar
2025-05-01 09:35:28,152 [Worker-41: Launching Executing clean in D__pradeep_Automation_KarateAPI_test-api] INFO  o.eclipse.m2e.core.internal.Bundles - getClasspathEntries(Bundle=com.google.guava_33.3.1.jre [1017])
2025-05-01 09:35:28,152 [Worker-41: Launching Executing clean in D__pradeep_Automation_KarateAPI_test-api] INFO  o.eclipse.m2e.core.internal.Bundles - 	Entry: C:\Users\Dell\.p2\pool\plugins\com.google.guava_33.3.1.jre.jar
2025-05-01 09:35:28,152 [Worker-41: Launching Executing clean in D__pradeep_Automation_KarateAPI_test-api] INFO  o.eclipse.m2e.core.internal.Bundles - getClasspathEntries(Bundle=slf4j.api_2.0.16 [1007])
2025-05-01 09:35:28,152 [Worker-41: Launching Executing clean in D__pradeep_Automation_KarateAPI_test-api] INFO  o.eclipse.m2e.core.internal.Bundles - 	Entry: C:\Users\Dell\.p2\pool\plugins\slf4j.api_2.0.16.jar
2025-05-01 09:35:28,152 [Worker-41: Launching Executing clean in D__pradeep_Automation_KarateAPI_test-api] INFO  o.eclipse.m2e.core.internal.Bundles - getClasspathEntries(Bundle=javax.inject_1.0.0.v20220405-0441 [1026])
2025-05-01 09:35:28,153 [Worker-41: Launching Executing clean in D__pradeep_Automation_KarateAPI_test-api] INFO  o.eclipse.m2e.core.internal.Bundles - 	Entry: C:\Users\Dell\.p2\pool\plugins\javax.inject_1.0.0.v20220405-0441.jar
2025-05-01 09:35:28,153 [Worker-41: Launching Executing clean in D__pradeep_Automation_KarateAPI_test-api] INFO  o.eclipse.m2e.core.internal.Bundles - getClasspathEntries(Bundle=javax.annotation_1.3.5.v20230504-0748 [1025])
2025-05-01 09:35:28,153 [Worker-41: Launching Executing clean in D__pradeep_Automation_KarateAPI_test-api] INFO  o.eclipse.m2e.core.internal.Bundles - 	Entry: C:\Users\Dell\.p2\pool\plugins\javax.annotation_1.3.5.v20230504-0748.jar
2025-05-01 09:35:28,153 [Worker-41: Launching Executing clean in D__pradeep_Automation_KarateAPI_test-api] INFO  o.eclipse.m2e.core.internal.Bundles - getClasspathEntries(Bundle=org.apache.commons.cli_1.9.0 [78])
2025-05-01 09:35:28,153 [Worker-41: Launching Executing clean in D__pradeep_Automation_KarateAPI_test-api] INFO  o.eclipse.m2e.core.internal.Bundles - 	Entry: C:\Users\Dell\.p2\pool\plugins\org.apache.commons.cli_1.9.0.jar
2025-05-01 09:35:28,153 [Worker-41: Launching Executing clean in D__pradeep_Automation_KarateAPI_test-api] INFO  o.eclipse.m2e.core.internal.Bundles - getClasspathEntries(Bundle=org.apache.commons.commons-codec_1.16.0 [81])
2025-05-01 09:35:28,153 [Worker-41: Launching Executing clean in D__pradeep_Automation_KarateAPI_test-api] INFO  o.eclipse.m2e.core.internal.Bundles - 	Entry: C:\Users\Dell\.p2\pool\plugins\org.apache.commons.commons-codec_1.16.0.jar
2025-05-01 09:35:28,153 [Worker-41: Launching Executing clean in D__pradeep_Automation_KarateAPI_test-api] INFO  o.eclipse.m2e.core.internal.Bundles - getClasspathEntries(Bundle=com.google.guava.failureaccess_1.0.2 [17])
2025-05-01 09:35:28,154 [Worker-41: Launching Executing clean in D__pradeep_Automation_KarateAPI_test-api] INFO  o.eclipse.m2e.core.internal.Bundles - 	Entry: C:\Users\Dell\.p2\pool\plugins\com.google.guava.failureaccess_1.0.2.jar
2025-05-01 09:35:28,155 [Worker-41: Launching Executing clean in D__pradeep_Automation_KarateAPI_test-api] INFO  o.e.m.i.launch.MavenLaunchDelegate - Run build in "D:\pradeep\Automation\KarateAPI\test-api":
2025-05-01 09:35:28,155 [Worker-41: Launching Executing clean in D__pradeep_Automation_KarateAPI_test-api] INFO  o.e.m.i.launch.MavenLaunchDelegate -  mvn  -B -Dstyle.color=always clean
2025-05-01 09:35:30,384 [Worker-41: Building] WARN  o.a.m.s.f.DefaultMavenResourcesFiltering - Using platform encoding (UTF-8 actually) to copy filtered resources, i.e. build is platform dependent!
2025-05-01 09:35:30,385 [Worker-41: Building] INFO  o.a.m.s.f.DefaultMavenResourcesFiltering - Copying 0 resource from src\main\resources to target\classes
2025-05-01 09:35:30,387 [Worker-41: Building] WARN  o.a.m.s.f.DefaultMavenResourcesFiltering - Using platform encoding (UTF-8 actually) to copy filtered resources, i.e. build is platform dependent!
2025-05-01 09:35:30,434 [Worker-41: Building] INFO  o.a.m.s.f.DefaultMavenResourcesFiltering - Copying 0 resource from src\test\resources to target\test-classes
2025-05-01 09:37:42,889 [Worker-42: Building] INFO  o.e.m.c.i.l.LifecycleMappingFactory - Using org.eclipse.m2e.jdt.JarLifecycleMapping lifecycle mapping for MavenProject: com.demo:test-api:0.0.1-SNAPSHOT @ D:\pradeep\Automation\KarateAPI\test-api\pom.xml.
2025-05-01 09:37:43,382 [Worker-42: Building] WARN  o.a.m.s.f.DefaultMavenResourcesFiltering - Using platform encoding (UTF-8 actually) to copy filtered resources, i.e. build is platform dependent!
2025-05-01 09:37:43,382 [Worker-42: Building] INFO  o.a.m.s.f.DefaultMavenResourcesFiltering - Copying 0 resource from src\main\resources to target\classes
2025-05-01 09:37:43,398 [Worker-42: Building] WARN  o.a.m.s.f.DefaultMavenResourcesFiltering - Using platform encoding (UTF-8 actually) to copy filtered resources, i.e. build is platform dependent!
2025-05-01 09:37:43,398 [Worker-42: Building] INFO  o.a.m.s.f.DefaultMavenResourcesFiltering - Copying 0 resource from src\test\resources to target\test-classes
2025-05-01 09:37:44,709 [Worker-40: Building] WARN  o.a.m.s.f.DefaultMavenResourcesFiltering - Using platform encoding (UTF-8 actually) to copy filtered resources, i.e. build is platform dependent!
2025-05-01 09:37:44,722 [Worker-40: Building] INFO  o.a.m.s.f.DefaultMavenResourcesFiltering - Copying 0 resource from src\main\resources to target\classes
2025-05-01 09:37:44,722 [Worker-40: Building] WARN  o.a.m.s.f.DefaultMavenResourcesFiltering - Using platform encoding (UTF-8 actually) to copy filtered resources, i.e. build is platform dependent!
2025-05-01 09:37:44,722 [Worker-40: Building] INFO  o.a.m.s.f.DefaultMavenResourcesFiltering - Copying 0 resource from src\test\resources to target\test-classes
2025-05-01 09:37:52,844 [Worker-43: Updating Maven Project] INFO  o.e.m.c.i.p.ProjectConfigurationManager - Update started
2025-05-01 09:37:53,023 [Worker-43: Updating Maven Project] INFO  o.e.m.c.i.l.LifecycleMappingFactory - Using org.eclipse.m2e.jdt.JarLifecycleMapping lifecycle mapping for MavenProject: com.demo:test-api:0.0.1-SNAPSHOT @ D:\pradeep\Automation\KarateAPI\test-api\pom.xml.
2025-05-01 09:37:53,488 [Worker-43: Updating Maven Project] INFO  o.e.m.j.i.AbstractJavaProjectConfigurator - Adding source folder /test-api/src/main/java
2025-05-01 09:37:53,489 [Worker-43: Updating Maven Project] INFO  o.e.m.j.i.AbstractJavaProjectConfigurator - Adding resource folder /test-api/src/main/resources
2025-05-01 09:37:53,490 [Worker-43: Updating Maven Project] INFO  o.e.m.j.i.AbstractJavaProjectConfigurator - Adding source folder /test-api/src/test/java
2025-05-01 09:37:53,490 [Worker-43: Updating Maven Project] INFO  o.e.m.j.i.AbstractJavaProjectConfigurator - Adding resource folder /test-api/src/test/resources
2025-05-01 09:37:53,598 [Worker-43: Updating Maven Project] INFO  o.e.m.jdt.internal.UnitTestSupport - Reset launch configuration name: InventoryRunner
2025-05-01 09:37:53,598 [Worker-43: Updating Maven Project] INFO  o.e.m.jdt.internal.UnitTestSupport - Updating InventoryRunner from maven configuration
2025-05-01 09:37:53,784 [Worker-43: Updating Maven Project] INFO  o.e.m.c.i.p.ProjectConfigurationManager - Update completed for 1 poms: local refresh takes 0.00 sec, refresh facades takes 0.00 sec, update config takes 0.00 sec 
2025-05-01 09:37:53,982 [Worker-41: Building] WARN  o.a.m.s.f.DefaultMavenResourcesFiltering - Using platform encoding (UTF-8 actually) to copy filtered resources, i.e. build is platform dependent!
2025-05-01 09:37:53,984 [Worker-41: Building] INFO  o.a.m.s.f.DefaultMavenResourcesFiltering - Copying 0 resource from src\main\resources to target\classes
2025-05-01 09:37:53,987 [Worker-41: Building] WARN  o.a.m.s.f.DefaultMavenResourcesFiltering - Using platform encoding (UTF-8 actually) to copy filtered resources, i.e. build is platform dependent!
2025-05-01 09:37:53,988 [Worker-41: Building] INFO  o.a.m.s.f.DefaultMavenResourcesFiltering - Copying 0 resource from src\test\resources to target\test-classes
2025-05-01 09:39:57,823 [Worker-43: Launching Executing clean in D__pradeep_Automation_KarateAPI_test-api] INFO  o.eclipse.m2e.core.internal.Bundles - getClasspathEntries(Bundle=org.eclipse.m2e.maven.runtime_3.9.900.20240824-1409 [642])
2025-05-01 09:39:57,824 [Worker-43: Launching Executing clean in D__pradeep_Automation_KarateAPI_test-api] INFO  o.eclipse.m2e.core.internal.Bundles - 	Entry: C:\Users\Dell\.p2\pool\plugins\org.eclipse.m2e.maven.runtime_3.9.900.20240824-1409
2025-05-01 09:39:57,825 [Worker-43: Launching Executing clean in D__pradeep_Automation_KarateAPI_test-api] INFO  o.eclipse.m2e.core.internal.Bundles - 	Entry: C:\Users\Dell\.p2\pool\plugins\org.eclipse.m2e.maven.runtime_3.9.900.20240824-1409\jars\aopalliance-1.0.jar
2025-05-01 09:39:57,825 [Worker-43: Launching Executing clean in D__pradeep_Automation_KarateAPI_test-api] INFO  o.eclipse.m2e.core.internal.Bundles - 	Entry: C:\Users\Dell\.p2\pool\plugins\org.eclipse.m2e.maven.runtime_3.9.900.20240824-1409\jars\guice-5.1.0.jar
2025-05-01 09:39:57,825 [Worker-43: Launching Executing clean in D__pradeep_Automation_KarateAPI_test-api] INFO  o.eclipse.m2e.core.internal.Bundles - 	Entry: C:\Users\Dell\.p2\pool\plugins\org.eclipse.m2e.maven.runtime_3.9.900.20240824-1409\jars\httpclient-4.5.14.jar
2025-05-01 09:39:57,825 [Worker-43: Launching Executing clean in D__pradeep_Automation_KarateAPI_test-api] INFO  o.eclipse.m2e.core.internal.Bundles - 	Entry: C:\Users\Dell\.p2\pool\plugins\org.eclipse.m2e.maven.runtime_3.9.900.20240824-1409\jars\httpcore-4.4.16.jar
2025-05-01 09:39:57,825 [Worker-43: Launching Executing clean in D__pradeep_Automation_KarateAPI_test-api] INFO  o.eclipse.m2e.core.internal.Bundles - 	Entry: C:\Users\Dell\.p2\pool\plugins\org.eclipse.m2e.maven.runtime_3.9.900.20240824-1409\jars\jansi-2.4.1.jar
2025-05-01 09:39:57,825 [Worker-43: Launching Executing clean in D__pradeep_Automation_KarateAPI_test-api] INFO  o.eclipse.m2e.core.internal.Bundles - 	Entry: C:\Users\Dell\.p2\pool\plugins\org.eclipse.m2e.maven.runtime_3.9.900.20240824-1409\jars\jcl-over-slf4j-1.7.36.jar
2025-05-01 09:39:57,826 [Worker-43: Launching Executing clean in D__pradeep_Automation_KarateAPI_test-api] INFO  o.eclipse.m2e.core.internal.Bundles - 	Entry: C:\Users\Dell\.p2\pool\plugins\org.eclipse.m2e.maven.runtime_3.9.900.20240824-1409\jars\maven-artifact-3.9.9.jar
2025-05-01 09:39:57,826 [Worker-43: Launching Executing clean in D__pradeep_Automation_KarateAPI_test-api] INFO  o.eclipse.m2e.core.internal.Bundles - 	Entry: C:\Users\Dell\.p2\pool\plugins\org.eclipse.m2e.maven.runtime_3.9.900.20240824-1409\jars\maven-builder-support-3.9.9.jar
2025-05-01 09:39:57,826 [Worker-43: Launching Executing clean in D__pradeep_Automation_KarateAPI_test-api] INFO  o.eclipse.m2e.core.internal.Bundles - 	Entry: C:\Users\Dell\.p2\pool\plugins\org.eclipse.m2e.maven.runtime_3.9.900.20240824-1409\jars\maven-compat-3.9.9.jar
2025-05-01 09:39:57,826 [Worker-43: Launching Executing clean in D__pradeep_Automation_KarateAPI_test-api] INFO  o.eclipse.m2e.core.internal.Bundles - 	Entry: C:\Users\Dell\.p2\pool\plugins\org.eclipse.m2e.maven.runtime_3.9.900.20240824-1409\jars\maven-core-3.9.9.jar
2025-05-01 09:39:57,826 [Worker-43: Launching Executing clean in D__pradeep_Automation_KarateAPI_test-api] INFO  o.eclipse.m2e.core.internal.Bundles - 	Entry: C:\Users\Dell\.p2\pool\plugins\org.eclipse.m2e.maven.runtime_3.9.900.20240824-1409\jars\maven-embedder-3.9.9.jar
2025-05-01 09:39:57,826 [Worker-43: Launching Executing clean in D__pradeep_Automation_KarateAPI_test-api] INFO  o.eclipse.m2e.core.internal.Bundles - 	Entry: C:\Users\Dell\.p2\pool\plugins\org.eclipse.m2e.maven.runtime_3.9.900.20240824-1409\jars\maven-model-3.9.9.jar
2025-05-01 09:39:57,826 [Worker-43: Launching Executing clean in D__pradeep_Automation_KarateAPI_test-api] INFO  o.eclipse.m2e.core.internal.Bundles - 	Entry: C:\Users\Dell\.p2\pool\plugins\org.eclipse.m2e.maven.runtime_3.9.900.20240824-1409\jars\maven-model-builder-3.9.9.jar
2025-05-01 09:39:57,826 [Worker-43: Launching Executing clean in D__pradeep_Automation_KarateAPI_test-api] INFO  o.eclipse.m2e.core.internal.Bundles - 	Entry: C:\Users\Dell\.p2\pool\plugins\org.eclipse.m2e.maven.runtime_3.9.900.20240824-1409\jars\maven-plugin-api-3.9.9.jar
2025-05-01 09:39:57,826 [Worker-43: Launching Executing clean in D__pradeep_Automation_KarateAPI_test-api] INFO  o.eclipse.m2e.core.internal.Bundles - 	Entry: C:\Users\Dell\.p2\pool\plugins\org.eclipse.m2e.maven.runtime_3.9.900.20240824-1409\jars\maven-repository-metadata-3.9.9.jar
2025-05-01 09:39:57,827 [Worker-43: Launching Executing clean in D__pradeep_Automation_KarateAPI_test-api] INFO  o.eclipse.m2e.core.internal.Bundles - 	Entry: C:\Users\Dell\.p2\pool\plugins\org.eclipse.m2e.maven.runtime_3.9.900.20240824-1409\jars\maven-resolver-api-1.9.22.jar
2025-05-01 09:39:57,827 [Worker-43: Launching Executing clean in D__pradeep_Automation_KarateAPI_test-api] INFO  o.eclipse.m2e.core.internal.Bundles - 	Entry: C:\Users\Dell\.p2\pool\plugins\org.eclipse.m2e.maven.runtime_3.9.900.20240824-1409\jars\maven-resolver-connector-basic-1.9.22.jar
2025-05-01 09:39:57,827 [Worker-43: Launching Executing clean in D__pradeep_Automation_KarateAPI_test-api] INFO  o.eclipse.m2e.core.internal.Bundles - 	Entry: C:\Users\Dell\.p2\pool\plugins\org.eclipse.m2e.maven.runtime_3.9.900.20240824-1409\jars\maven-resolver-impl-1.9.22.jar
2025-05-01 09:39:57,827 [Worker-43: Launching Executing clean in D__pradeep_Automation_KarateAPI_test-api] INFO  o.eclipse.m2e.core.internal.Bundles - 	Entry: C:\Users\Dell\.p2\pool\plugins\org.eclipse.m2e.maven.runtime_3.9.900.20240824-1409\jars\maven-resolver-named-locks-1.9.22.jar
2025-05-01 09:39:57,827 [Worker-43: Launching Executing clean in D__pradeep_Automation_KarateAPI_test-api] INFO  o.eclipse.m2e.core.internal.Bundles - 	Entry: C:\Users\Dell\.p2\pool\plugins\org.eclipse.m2e.maven.runtime_3.9.900.20240824-1409\jars\maven-resolver-provider-3.9.9.jar
2025-05-01 09:39:57,827 [Worker-43: Launching Executing clean in D__pradeep_Automation_KarateAPI_test-api] INFO  o.eclipse.m2e.core.internal.Bundles - 	Entry: C:\Users\Dell\.p2\pool\plugins\org.eclipse.m2e.maven.runtime_3.9.900.20240824-1409\jars\maven-resolver-spi-1.9.22.jar
2025-05-01 09:39:57,827 [Worker-43: Launching Executing clean in D__pradeep_Automation_KarateAPI_test-api] INFO  o.eclipse.m2e.core.internal.Bundles - 	Entry: C:\Users\Dell\.p2\pool\plugins\org.eclipse.m2e.maven.runtime_3.9.900.20240824-1409\jars\maven-resolver-transport-file-1.9.22.jar
2025-05-01 09:39:57,827 [Worker-43: Launching Executing clean in D__pradeep_Automation_KarateAPI_test-api] INFO  o.eclipse.m2e.core.internal.Bundles - 	Entry: C:\Users\Dell\.p2\pool\plugins\org.eclipse.m2e.maven.runtime_3.9.900.20240824-1409\jars\maven-resolver-transport-http-1.9.22.jar
2025-05-01 09:39:57,827 [Worker-43: Launching Executing clean in D__pradeep_Automation_KarateAPI_test-api] INFO  o.eclipse.m2e.core.internal.Bundles - 	Entry: C:\Users\Dell\.p2\pool\plugins\org.eclipse.m2e.maven.runtime_3.9.900.20240824-1409\jars\maven-resolver-transport-wagon-1.9.22.jar
2025-05-01 09:39:57,827 [Worker-43: Launching Executing clean in D__pradeep_Automation_KarateAPI_test-api] INFO  o.eclipse.m2e.core.internal.Bundles - 	Entry: C:\Users\Dell\.p2\pool\plugins\org.eclipse.m2e.maven.runtime_3.9.900.20240824-1409\jars\maven-resolver-util-1.9.22.jar
2025-05-01 09:39:57,828 [Worker-43: Launching Executing clean in D__pradeep_Automation_KarateAPI_test-api] INFO  o.eclipse.m2e.core.internal.Bundles - 	Entry: C:\Users\Dell\.p2\pool\plugins\org.eclipse.m2e.maven.runtime_3.9.900.20240824-1409\jars\maven-settings-3.9.9.jar
2025-05-01 09:39:57,828 [Worker-43: Launching Executing clean in D__pradeep_Automation_KarateAPI_test-api] INFO  o.eclipse.m2e.core.internal.Bundles - 	Entry: C:\Users\Dell\.p2\pool\plugins\org.eclipse.m2e.maven.runtime_3.9.900.20240824-1409\jars\maven-settings-builder-3.9.9.jar
2025-05-01 09:39:57,828 [Worker-43: Launching Executing clean in D__pradeep_Automation_KarateAPI_test-api] INFO  o.eclipse.m2e.core.internal.Bundles - 	Entry: C:\Users\Dell\.p2\pool\plugins\org.eclipse.m2e.maven.runtime_3.9.900.20240824-1409\jars\maven-shared-utils-3.4.2.jar
2025-05-01 09:39:57,828 [Worker-43: Launching Executing clean in D__pradeep_Automation_KarateAPI_test-api] INFO  o.eclipse.m2e.core.internal.Bundles - 	Entry: C:\Users\Dell\.p2\pool\plugins\org.eclipse.m2e.maven.runtime_3.9.900.20240824-1409\jars\org.eclipse.sisu.inject-0.9.0.M3.jar
2025-05-01 09:39:57,828 [Worker-43: Launching Executing clean in D__pradeep_Automation_KarateAPI_test-api] INFO  o.eclipse.m2e.core.internal.Bundles - 	Entry: C:\Users\Dell\.p2\pool\plugins\org.eclipse.m2e.maven.runtime_3.9.900.20240824-1409\jars\org.eclipse.sisu.plexus-0.9.0.M3.jar
2025-05-01 09:39:57,828 [Worker-43: Launching Executing clean in D__pradeep_Automation_KarateAPI_test-api] INFO  o.eclipse.m2e.core.internal.Bundles - 	Entry: C:\Users\Dell\.p2\pool\plugins\org.eclipse.m2e.maven.runtime_3.9.900.20240824-1409\jars\plexus-build-api-0.0.7.jar
2025-05-01 09:39:57,828 [Worker-43: Launching Executing clean in D__pradeep_Automation_KarateAPI_test-api] INFO  o.eclipse.m2e.core.internal.Bundles - 	Entry: C:\Users\Dell\.p2\pool\plugins\org.eclipse.m2e.maven.runtime_3.9.900.20240824-1409\jars\plexus-build-api-1.2.0.jar
2025-05-01 09:39:57,828 [Worker-43: Launching Executing clean in D__pradeep_Automation_KarateAPI_test-api] INFO  o.eclipse.m2e.core.internal.Bundles - 	Entry: C:\Users\Dell\.p2\pool\plugins\org.eclipse.m2e.maven.runtime_3.9.900.20240824-1409\jars\plexus-cipher-2.0.jar
2025-05-01 09:39:57,828 [Worker-43: Launching Executing clean in D__pradeep_Automation_KarateAPI_test-api] INFO  o.eclipse.m2e.core.internal.Bundles - 	Entry: C:\Users\Dell\.p2\pool\plugins\org.eclipse.m2e.maven.runtime_3.9.900.20240824-1409\jars\plexus-classworlds-2.8.0.jar
2025-05-01 09:39:57,829 [Worker-43: Launching Executing clean in D__pradeep_Automation_KarateAPI_test-api] INFO  o.eclipse.m2e.core.internal.Bundles - 	Entry: C:\Users\Dell\.p2\pool\plugins\org.eclipse.m2e.maven.runtime_3.9.900.20240824-1409\jars\plexus-component-annotations-2.1.0.jar
2025-05-01 09:39:57,829 [Worker-43: Launching Executing clean in D__pradeep_Automation_KarateAPI_test-api] INFO  o.eclipse.m2e.core.internal.Bundles - 	Entry: C:\Users\Dell\.p2\pool\plugins\org.eclipse.m2e.maven.runtime_3.9.900.20240824-1409\jars\plexus-interpolation-1.27.jar
2025-05-01 09:39:57,829 [Worker-43: Launching Executing clean in D__pradeep_Automation_KarateAPI_test-api] INFO  o.eclipse.m2e.core.internal.Bundles - 	Entry: C:\Users\Dell\.p2\pool\plugins\org.eclipse.m2e.maven.runtime_3.9.900.20240824-1409\jars\plexus-sec-dispatcher-2.0.jar
2025-05-01 09:39:57,829 [Worker-43: Launching Executing clean in D__pradeep_Automation_KarateAPI_test-api] INFO  o.eclipse.m2e.core.internal.Bundles - 	Entry: C:\Users\Dell\.p2\pool\plugins\org.eclipse.m2e.maven.runtime_3.9.900.20240824-1409\jars\plexus-utils-3.5.1.jar
2025-05-01 09:39:57,829 [Worker-43: Launching Executing clean in D__pradeep_Automation_KarateAPI_test-api] INFO  o.eclipse.m2e.core.internal.Bundles - 	Entry: C:\Users\Dell\.p2\pool\plugins\org.eclipse.m2e.maven.runtime_3.9.900.20240824-1409\jars\plexus-xml-3.0.1.jar
2025-05-01 09:39:57,829 [Worker-43: Launching Executing clean in D__pradeep_Automation_KarateAPI_test-api] INFO  o.eclipse.m2e.core.internal.Bundles - 	Entry: C:\Users\Dell\.p2\pool\plugins\org.eclipse.m2e.maven.runtime_3.9.900.20240824-1409\jars\wagon-file-3.5.3.jar
2025-05-01 09:39:57,829 [Worker-43: Launching Executing clean in D__pradeep_Automation_KarateAPI_test-api] INFO  o.eclipse.m2e.core.internal.Bundles - 	Entry: C:\Users\Dell\.p2\pool\plugins\org.eclipse.m2e.maven.runtime_3.9.900.20240824-1409\jars\wagon-http-3.5.3.jar
2025-05-01 09:39:57,829 [Worker-43: Launching Executing clean in D__pradeep_Automation_KarateAPI_test-api] INFO  o.eclipse.m2e.core.internal.Bundles - 	Entry: C:\Users\Dell\.p2\pool\plugins\org.eclipse.m2e.maven.runtime_3.9.900.20240824-1409\jars\wagon-http-shared-3.5.3.jar
2025-05-01 09:39:57,829 [Worker-43: Launching Executing clean in D__pradeep_Automation_KarateAPI_test-api] INFO  o.eclipse.m2e.core.internal.Bundles - 	Entry: C:\Users\Dell\.p2\pool\plugins\org.eclipse.m2e.maven.runtime_3.9.900.20240824-1409\jars\wagon-provider-api-3.5.3.jar
2025-05-01 09:39:57,830 [Worker-43: Launching Executing clean in D__pradeep_Automation_KarateAPI_test-api] INFO  o.eclipse.m2e.core.internal.Bundles - getClasspathEntries(Bundle=com.google.guava_33.3.1.jre [1017])
2025-05-01 09:39:57,830 [Worker-43: Launching Executing clean in D__pradeep_Automation_KarateAPI_test-api] INFO  o.eclipse.m2e.core.internal.Bundles - 	Entry: C:\Users\Dell\.p2\pool\plugins\com.google.guava_33.3.1.jre.jar
2025-05-01 09:39:57,830 [Worker-43: Launching Executing clean in D__pradeep_Automation_KarateAPI_test-api] INFO  o.eclipse.m2e.core.internal.Bundles - getClasspathEntries(Bundle=slf4j.api_2.0.16 [1007])
2025-05-01 09:39:57,830 [Worker-43: Launching Executing clean in D__pradeep_Automation_KarateAPI_test-api] INFO  o.eclipse.m2e.core.internal.Bundles - 	Entry: C:\Users\Dell\.p2\pool\plugins\slf4j.api_2.0.16.jar
2025-05-01 09:39:57,830 [Worker-43: Launching Executing clean in D__pradeep_Automation_KarateAPI_test-api] INFO  o.eclipse.m2e.core.internal.Bundles - getClasspathEntries(Bundle=javax.inject_1.0.0.v20220405-0441 [1026])
2025-05-01 09:39:57,831 [Worker-43: Launching Executing clean in D__pradeep_Automation_KarateAPI_test-api] INFO  o.eclipse.m2e.core.internal.Bundles - 	Entry: C:\Users\Dell\.p2\pool\plugins\javax.inject_1.0.0.v20220405-0441.jar
2025-05-01 09:39:57,831 [Worker-43: Launching Executing clean in D__pradeep_Automation_KarateAPI_test-api] INFO  o.eclipse.m2e.core.internal.Bundles - getClasspathEntries(Bundle=javax.annotation_1.3.5.v20230504-0748 [1025])
2025-05-01 09:39:57,831 [Worker-43: Launching Executing clean in D__pradeep_Automation_KarateAPI_test-api] INFO  o.eclipse.m2e.core.internal.Bundles - 	Entry: C:\Users\Dell\.p2\pool\plugins\javax.annotation_1.3.5.v20230504-0748.jar
2025-05-01 09:39:57,831 [Worker-43: Launching Executing clean in D__pradeep_Automation_KarateAPI_test-api] INFO  o.eclipse.m2e.core.internal.Bundles - getClasspathEntries(Bundle=org.apache.commons.cli_1.9.0 [78])
2025-05-01 09:39:57,831 [Worker-43: Launching Executing clean in D__pradeep_Automation_KarateAPI_test-api] INFO  o.eclipse.m2e.core.internal.Bundles - 	Entry: C:\Users\Dell\.p2\pool\plugins\org.apache.commons.cli_1.9.0.jar
2025-05-01 09:39:57,831 [Worker-43: Launching Executing clean in D__pradeep_Automation_KarateAPI_test-api] INFO  o.eclipse.m2e.core.internal.Bundles - getClasspathEntries(Bundle=org.apache.commons.commons-codec_1.16.0 [81])
2025-05-01 09:39:57,831 [Worker-43: Launching Executing clean in D__pradeep_Automation_KarateAPI_test-api] INFO  o.eclipse.m2e.core.internal.Bundles - 	Entry: C:\Users\Dell\.p2\pool\plugins\org.apache.commons.commons-codec_1.16.0.jar
2025-05-01 09:39:57,831 [Worker-43: Launching Executing clean in D__pradeep_Automation_KarateAPI_test-api] INFO  o.eclipse.m2e.core.internal.Bundles - getClasspathEntries(Bundle=com.google.guava.failureaccess_1.0.2 [17])
2025-05-01 09:39:57,832 [Worker-43: Launching Executing clean in D__pradeep_Automation_KarateAPI_test-api] INFO  o.eclipse.m2e.core.internal.Bundles - 	Entry: C:\Users\Dell\.p2\pool\plugins\com.google.guava.failureaccess_1.0.2.jar
2025-05-01 09:39:57,833 [Worker-43: Launching Executing clean in D__pradeep_Automation_KarateAPI_test-api] INFO  o.e.m.i.launch.MavenLaunchDelegate - Run build in "D:\pradeep\Automation\KarateAPI\test-api":
2025-05-01 09:39:57,833 [Worker-43: Launching Executing clean in D__pradeep_Automation_KarateAPI_test-api] INFO  o.e.m.i.launch.MavenLaunchDelegate -  mvn  -B -Dstyle.color=always clean
2025-05-01 09:40:00,102 [Worker-46: Building] WARN  o.a.m.s.f.DefaultMavenResourcesFiltering - Using platform encoding (UTF-8 actually) to copy filtered resources, i.e. build is platform dependent!
2025-05-01 09:40:00,105 [Worker-46: Building] INFO  o.a.m.s.f.DefaultMavenResourcesFiltering - Copying 0 resource from src\main\resources to target\classes
2025-05-01 09:40:00,108 [Worker-46: Building] WARN  o.a.m.s.f.DefaultMavenResourcesFiltering - Using platform encoding (UTF-8 actually) to copy filtered resources, i.e. build is platform dependent!
2025-05-01 09:40:00,110 [Worker-46: Building] INFO  o.a.m.s.f.DefaultMavenResourcesFiltering - Copying 0 resource from src\test\resources to target\test-classes
2025-05-01 09:40:11,477 [main] INFO  o.e.m2e.actions.ExecutePomAction - Creating new launch configuration
2025-05-01 09:40:19,091 [Worker-42: Launching test-api (5)] INFO  o.eclipse.m2e.core.internal.Bundles - getClasspathEntries(Bundle=org.eclipse.m2e.maven.runtime_3.9.900.20240824-1409 [642])
2025-05-01 09:40:19,091 [Worker-42: Launching test-api (5)] INFO  o.eclipse.m2e.core.internal.Bundles - 	Entry: C:\Users\Dell\.p2\pool\plugins\org.eclipse.m2e.maven.runtime_3.9.900.20240824-1409
2025-05-01 09:40:19,092 [Worker-42: Launching test-api (5)] INFO  o.eclipse.m2e.core.internal.Bundles - 	Entry: C:\Users\Dell\.p2\pool\plugins\org.eclipse.m2e.maven.runtime_3.9.900.20240824-1409\jars\aopalliance-1.0.jar
2025-05-01 09:40:19,092 [Worker-42: Launching test-api (5)] INFO  o.eclipse.m2e.core.internal.Bundles - 	Entry: C:\Users\Dell\.p2\pool\plugins\org.eclipse.m2e.maven.runtime_3.9.900.20240824-1409\jars\guice-5.1.0.jar
2025-05-01 09:40:19,092 [Worker-42: Launching test-api (5)] INFO  o.eclipse.m2e.core.internal.Bundles - 	Entry: C:\Users\Dell\.p2\pool\plugins\org.eclipse.m2e.maven.runtime_3.9.900.20240824-1409\jars\httpclient-4.5.14.jar
2025-05-01 09:40:19,092 [Worker-42: Launching test-api (5)] INFO  o.eclipse.m2e.core.internal.Bundles - 	Entry: C:\Users\Dell\.p2\pool\plugins\org.eclipse.m2e.maven.runtime_3.9.900.20240824-1409\jars\httpcore-4.4.16.jar
2025-05-01 09:40:19,092 [Worker-42: Launching test-api (5)] INFO  o.eclipse.m2e.core.internal.Bundles - 	Entry: C:\Users\Dell\.p2\pool\plugins\org.eclipse.m2e.maven.runtime_3.9.900.20240824-1409\jars\jansi-2.4.1.jar
2025-05-01 09:40:19,092 [Worker-42: Launching test-api (5)] INFO  o.eclipse.m2e.core.internal.Bundles - 	Entry: C:\Users\Dell\.p2\pool\plugins\org.eclipse.m2e.maven.runtime_3.9.900.20240824-1409\jars\jcl-over-slf4j-1.7.36.jar
2025-05-01 09:40:19,092 [Worker-42: Launching test-api (5)] INFO  o.eclipse.m2e.core.internal.Bundles - 	Entry: C:\Users\Dell\.p2\pool\plugins\org.eclipse.m2e.maven.runtime_3.9.900.20240824-1409\jars\maven-artifact-3.9.9.jar
2025-05-01 09:40:19,092 [Worker-42: Launching test-api (5)] INFO  o.eclipse.m2e.core.internal.Bundles - 	Entry: C:\Users\Dell\.p2\pool\plugins\org.eclipse.m2e.maven.runtime_3.9.900.20240824-1409\jars\maven-builder-support-3.9.9.jar
2025-05-01 09:40:19,092 [Worker-42: Launching test-api (5)] INFO  o.eclipse.m2e.core.internal.Bundles - 	Entry: C:\Users\Dell\.p2\pool\plugins\org.eclipse.m2e.maven.runtime_3.9.900.20240824-1409\jars\maven-compat-3.9.9.jar
2025-05-01 09:40:19,093 [Worker-42: Launching test-api (5)] INFO  o.eclipse.m2e.core.internal.Bundles - 	Entry: C:\Users\Dell\.p2\pool\plugins\org.eclipse.m2e.maven.runtime_3.9.900.20240824-1409\jars\maven-core-3.9.9.jar
2025-05-01 09:40:19,093 [Worker-42: Launching test-api (5)] INFO  o.eclipse.m2e.core.internal.Bundles - 	Entry: C:\Users\Dell\.p2\pool\plugins\org.eclipse.m2e.maven.runtime_3.9.900.20240824-1409\jars\maven-embedder-3.9.9.jar
2025-05-01 09:40:19,093 [Worker-42: Launching test-api (5)] INFO  o.eclipse.m2e.core.internal.Bundles - 	Entry: C:\Users\Dell\.p2\pool\plugins\org.eclipse.m2e.maven.runtime_3.9.900.20240824-1409\jars\maven-model-3.9.9.jar
2025-05-01 09:40:19,093 [Worker-42: Launching test-api (5)] INFO  o.eclipse.m2e.core.internal.Bundles - 	Entry: C:\Users\Dell\.p2\pool\plugins\org.eclipse.m2e.maven.runtime_3.9.900.20240824-1409\jars\maven-model-builder-3.9.9.jar
2025-05-01 09:40:19,093 [Worker-42: Launching test-api (5)] INFO  o.eclipse.m2e.core.internal.Bundles - 	Entry: C:\Users\Dell\.p2\pool\plugins\org.eclipse.m2e.maven.runtime_3.9.900.20240824-1409\jars\maven-plugin-api-3.9.9.jar
2025-05-01 09:40:19,093 [Worker-42: Launching test-api (5)] INFO  o.eclipse.m2e.core.internal.Bundles - 	Entry: C:\Users\Dell\.p2\pool\plugins\org.eclipse.m2e.maven.runtime_3.9.900.20240824-1409\jars\maven-repository-metadata-3.9.9.jar
2025-05-01 09:40:19,093 [Worker-42: Launching test-api (5)] INFO  o.eclipse.m2e.core.internal.Bundles - 	Entry: C:\Users\Dell\.p2\pool\plugins\org.eclipse.m2e.maven.runtime_3.9.900.20240824-1409\jars\maven-resolver-api-1.9.22.jar
2025-05-01 09:40:19,093 [Worker-42: Launching test-api (5)] INFO  o.eclipse.m2e.core.internal.Bundles - 	Entry: C:\Users\Dell\.p2\pool\plugins\org.eclipse.m2e.maven.runtime_3.9.900.20240824-1409\jars\maven-resolver-connector-basic-1.9.22.jar
2025-05-01 09:40:19,094 [Worker-42: Launching test-api (5)] INFO  o.eclipse.m2e.core.internal.Bundles - 	Entry: C:\Users\Dell\.p2\pool\plugins\org.eclipse.m2e.maven.runtime_3.9.900.20240824-1409\jars\maven-resolver-impl-1.9.22.jar
2025-05-01 09:40:19,094 [Worker-42: Launching test-api (5)] INFO  o.eclipse.m2e.core.internal.Bundles - 	Entry: C:\Users\Dell\.p2\pool\plugins\org.eclipse.m2e.maven.runtime_3.9.900.20240824-1409\jars\maven-resolver-named-locks-1.9.22.jar
2025-05-01 09:40:19,094 [Worker-42: Launching test-api (5)] INFO  o.eclipse.m2e.core.internal.Bundles - 	Entry: C:\Users\Dell\.p2\pool\plugins\org.eclipse.m2e.maven.runtime_3.9.900.20240824-1409\jars\maven-resolver-provider-3.9.9.jar
2025-05-01 09:40:19,094 [Worker-42: Launching test-api (5)] INFO  o.eclipse.m2e.core.internal.Bundles - 	Entry: C:\Users\Dell\.p2\pool\plugins\org.eclipse.m2e.maven.runtime_3.9.900.20240824-1409\jars\maven-resolver-spi-1.9.22.jar
2025-05-01 09:40:19,094 [Worker-42: Launching test-api (5)] INFO  o.eclipse.m2e.core.internal.Bundles - 	Entry: C:\Users\Dell\.p2\pool\plugins\org.eclipse.m2e.maven.runtime_3.9.900.20240824-1409\jars\maven-resolver-transport-file-1.9.22.jar
2025-05-01 09:40:19,094 [Worker-42: Launching test-api (5)] INFO  o.eclipse.m2e.core.internal.Bundles - 	Entry: C:\Users\Dell\.p2\pool\plugins\org.eclipse.m2e.maven.runtime_3.9.900.20240824-1409\jars\maven-resolver-transport-http-1.9.22.jar
2025-05-01 09:40:19,094 [Worker-42: Launching test-api (5)] INFO  o.eclipse.m2e.core.internal.Bundles - 	Entry: C:\Users\Dell\.p2\pool\plugins\org.eclipse.m2e.maven.runtime_3.9.900.20240824-1409\jars\maven-resolver-transport-wagon-1.9.22.jar
2025-05-01 09:40:19,094 [Worker-42: Launching test-api (5)] INFO  o.eclipse.m2e.core.internal.Bundles - 	Entry: C:\Users\Dell\.p2\pool\plugins\org.eclipse.m2e.maven.runtime_3.9.900.20240824-1409\jars\maven-resolver-util-1.9.22.jar
2025-05-01 09:40:19,094 [Worker-42: Launching test-api (5)] INFO  o.eclipse.m2e.core.internal.Bundles - 	Entry: C:\Users\Dell\.p2\pool\plugins\org.eclipse.m2e.maven.runtime_3.9.900.20240824-1409\jars\maven-settings-3.9.9.jar
2025-05-01 09:40:19,095 [Worker-42: Launching test-api (5)] INFO  o.eclipse.m2e.core.internal.Bundles - 	Entry: C:\Users\Dell\.p2\pool\plugins\org.eclipse.m2e.maven.runtime_3.9.900.20240824-1409\jars\maven-settings-builder-3.9.9.jar
2025-05-01 09:40:19,095 [Worker-42: Launching test-api (5)] INFO  o.eclipse.m2e.core.internal.Bundles - 	Entry: C:\Users\Dell\.p2\pool\plugins\org.eclipse.m2e.maven.runtime_3.9.900.20240824-1409\jars\maven-shared-utils-3.4.2.jar
2025-05-01 09:40:19,095 [Worker-42: Launching test-api (5)] INFO  o.eclipse.m2e.core.internal.Bundles - 	Entry: C:\Users\Dell\.p2\pool\plugins\org.eclipse.m2e.maven.runtime_3.9.900.20240824-1409\jars\org.eclipse.sisu.inject-0.9.0.M3.jar
2025-05-01 09:40:19,095 [Worker-42: Launching test-api (5)] INFO  o.eclipse.m2e.core.internal.Bundles - 	Entry: C:\Users\Dell\.p2\pool\plugins\org.eclipse.m2e.maven.runtime_3.9.900.20240824-1409\jars\org.eclipse.sisu.plexus-0.9.0.M3.jar
2025-05-01 09:40:19,095 [Worker-42: Launching test-api (5)] INFO  o.eclipse.m2e.core.internal.Bundles - 	Entry: C:\Users\Dell\.p2\pool\plugins\org.eclipse.m2e.maven.runtime_3.9.900.20240824-1409\jars\plexus-build-api-0.0.7.jar
2025-05-01 09:40:19,095 [Worker-42: Launching test-api (5)] INFO  o.eclipse.m2e.core.internal.Bundles - 	Entry: C:\Users\Dell\.p2\pool\plugins\org.eclipse.m2e.maven.runtime_3.9.900.20240824-1409\jars\plexus-build-api-1.2.0.jar
2025-05-01 09:40:19,095 [Worker-42: Launching test-api (5)] INFO  o.eclipse.m2e.core.internal.Bundles - 	Entry: C:\Users\Dell\.p2\pool\plugins\org.eclipse.m2e.maven.runtime_3.9.900.20240824-1409\jars\plexus-cipher-2.0.jar
2025-05-01 09:40:19,095 [Worker-42: Launching test-api (5)] INFO  o.eclipse.m2e.core.internal.Bundles - 	Entry: C:\Users\Dell\.p2\pool\plugins\org.eclipse.m2e.maven.runtime_3.9.900.20240824-1409\jars\plexus-classworlds-2.8.0.jar
2025-05-01 09:40:19,095 [Worker-42: Launching test-api (5)] INFO  o.eclipse.m2e.core.internal.Bundles - 	Entry: C:\Users\Dell\.p2\pool\plugins\org.eclipse.m2e.maven.runtime_3.9.900.20240824-1409\jars\plexus-component-annotations-2.1.0.jar
2025-05-01 09:40:19,096 [Worker-42: Launching test-api (5)] INFO  o.eclipse.m2e.core.internal.Bundles - 	Entry: C:\Users\Dell\.p2\pool\plugins\org.eclipse.m2e.maven.runtime_3.9.900.20240824-1409\jars\plexus-interpolation-1.27.jar
2025-05-01 09:40:19,096 [Worker-42: Launching test-api (5)] INFO  o.eclipse.m2e.core.internal.Bundles - 	Entry: C:\Users\Dell\.p2\pool\plugins\org.eclipse.m2e.maven.runtime_3.9.900.20240824-1409\jars\plexus-sec-dispatcher-2.0.jar
2025-05-01 09:40:19,096 [Worker-42: Launching test-api (5)] INFO  o.eclipse.m2e.core.internal.Bundles - 	Entry: C:\Users\Dell\.p2\pool\plugins\org.eclipse.m2e.maven.runtime_3.9.900.20240824-1409\jars\plexus-utils-3.5.1.jar
2025-05-01 09:40:19,096 [Worker-42: Launching test-api (5)] INFO  o.eclipse.m2e.core.internal.Bundles - 	Entry: C:\Users\Dell\.p2\pool\plugins\org.eclipse.m2e.maven.runtime_3.9.900.20240824-1409\jars\plexus-xml-3.0.1.jar
2025-05-01 09:40:19,096 [Worker-42: Launching test-api (5)] INFO  o.eclipse.m2e.core.internal.Bundles - 	Entry: C:\Users\Dell\.p2\pool\plugins\org.eclipse.m2e.maven.runtime_3.9.900.20240824-1409\jars\wagon-file-3.5.3.jar
2025-05-01 09:40:19,097 [Worker-42: Launching test-api (5)] INFO  o.eclipse.m2e.core.internal.Bundles - 	Entry: C:\Users\Dell\.p2\pool\plugins\org.eclipse.m2e.maven.runtime_3.9.900.20240824-1409\jars\wagon-http-3.5.3.jar
2025-05-01 09:40:19,097 [Worker-42: Launching test-api (5)] INFO  o.eclipse.m2e.core.internal.Bundles - 	Entry: C:\Users\Dell\.p2\pool\plugins\org.eclipse.m2e.maven.runtime_3.9.900.20240824-1409\jars\wagon-http-shared-3.5.3.jar
2025-05-01 09:40:19,097 [Worker-42: Launching test-api (5)] INFO  o.eclipse.m2e.core.internal.Bundles - 	Entry: C:\Users\Dell\.p2\pool\plugins\org.eclipse.m2e.maven.runtime_3.9.900.20240824-1409\jars\wagon-provider-api-3.5.3.jar
2025-05-01 09:40:19,097 [Worker-42: Launching test-api (5)] INFO  o.eclipse.m2e.core.internal.Bundles - getClasspathEntries(Bundle=com.google.guava_33.3.1.jre [1017])
2025-05-01 09:40:19,097 [Worker-42: Launching test-api (5)] INFO  o.eclipse.m2e.core.internal.Bundles - 	Entry: C:\Users\Dell\.p2\pool\plugins\com.google.guava_33.3.1.jre.jar
2025-05-01 09:40:19,097 [Worker-42: Launching test-api (5)] INFO  o.eclipse.m2e.core.internal.Bundles - getClasspathEntries(Bundle=slf4j.api_2.0.16 [1007])
2025-05-01 09:40:19,098 [Worker-42: Launching test-api (5)] INFO  o.eclipse.m2e.core.internal.Bundles - 	Entry: C:\Users\Dell\.p2\pool\plugins\slf4j.api_2.0.16.jar
2025-05-01 09:40:19,098 [Worker-42: Launching test-api (5)] INFO  o.eclipse.m2e.core.internal.Bundles - getClasspathEntries(Bundle=javax.inject_1.0.0.v20220405-0441 [1026])
2025-05-01 09:40:19,098 [Worker-42: Launching test-api (5)] INFO  o.eclipse.m2e.core.internal.Bundles - 	Entry: C:\Users\Dell\.p2\pool\plugins\javax.inject_1.0.0.v20220405-0441.jar
2025-05-01 09:40:19,098 [Worker-42: Launching test-api (5)] INFO  o.eclipse.m2e.core.internal.Bundles - getClasspathEntries(Bundle=javax.annotation_1.3.5.v20230504-0748 [1025])
2025-05-01 09:40:19,098 [Worker-42: Launching test-api (5)] INFO  o.eclipse.m2e.core.internal.Bundles - 	Entry: C:\Users\Dell\.p2\pool\plugins\javax.annotation_1.3.5.v20230504-0748.jar
2025-05-01 09:40:19,098 [Worker-42: Launching test-api (5)] INFO  o.eclipse.m2e.core.internal.Bundles - getClasspathEntries(Bundle=org.apache.commons.cli_1.9.0 [78])
2025-05-01 09:40:19,098 [Worker-42: Launching test-api (5)] INFO  o.eclipse.m2e.core.internal.Bundles - 	Entry: C:\Users\Dell\.p2\pool\plugins\org.apache.commons.cli_1.9.0.jar
2025-05-01 09:40:19,098 [Worker-42: Launching test-api (5)] INFO  o.eclipse.m2e.core.internal.Bundles - getClasspathEntries(Bundle=org.apache.commons.commons-codec_1.16.0 [81])
2025-05-01 09:40:19,099 [Worker-42: Launching test-api (5)] INFO  o.eclipse.m2e.core.internal.Bundles - 	Entry: C:\Users\Dell\.p2\pool\plugins\org.apache.commons.commons-codec_1.16.0.jar
2025-05-01 09:40:19,099 [Worker-42: Launching test-api (5)] INFO  o.eclipse.m2e.core.internal.Bundles - getClasspathEntries(Bundle=com.google.guava.failureaccess_1.0.2 [17])
2025-05-01 09:40:19,099 [Worker-42: Launching test-api (5)] INFO  o.eclipse.m2e.core.internal.Bundles - 	Entry: C:\Users\Dell\.p2\pool\plugins\com.google.guava.failureaccess_1.0.2.jar
2025-05-01 09:40:19,100 [Worker-42: Launching test-api (5)] INFO  o.e.m.i.launch.MavenLaunchDelegate - Run build in "D:\pradeep\Automation\KarateAPI\test-api":
2025-05-01 09:40:19,100 [Worker-42: Launching test-api (5)] INFO  o.e.m.i.launch.MavenLaunchDelegate -  mvn  -B -Dstyle.color=always clean install
2025-05-01 09:42:38,578 [Worker-47: Building] WARN  o.a.m.s.f.DefaultMavenResourcesFiltering - Using platform encoding (UTF-8 actually) to copy filtered resources, i.e. build is platform dependent!
2025-05-01 09:42:38,581 [Worker-47: Building] INFO  o.a.m.s.f.DefaultMavenResourcesFiltering - Copying 0 resource from src\main\resources to target\classes
2025-05-01 09:42:38,584 [Worker-47: Building] WARN  o.a.m.s.f.DefaultMavenResourcesFiltering - Using platform encoding (UTF-8 actually) to copy filtered resources, i.e. build is platform dependent!
2025-05-01 09:42:38,750 [Worker-47: Building] INFO  o.a.m.s.f.DefaultMavenResourcesFiltering - Copying 1 resource from src\test\resources to target\test-classes
2025-05-01 09:43:03,282 [Worker-50: Building] WARN  o.a.m.s.f.DefaultMavenResourcesFiltering - Using platform encoding (UTF-8 actually) to copy filtered resources, i.e. build is platform dependent!
2025-05-01 09:43:03,283 [Worker-50: Building] INFO  o.a.m.s.f.DefaultMavenResourcesFiltering - Copying 0 resource from src\main\resources to target\classes
2025-05-01 09:43:03,286 [Worker-50: Building] WARN  o.a.m.s.f.DefaultMavenResourcesFiltering - Using platform encoding (UTF-8 actually) to copy filtered resources, i.e. build is platform dependent!
2025-05-01 09:43:03,287 [Worker-50: Building] INFO  o.a.m.s.f.DefaultMavenResourcesFiltering - Copying 1 resource from src\test\resources to target\test-classes
2025-05-01 09:43:10,477 [Worker-51: Building] WARN  o.a.m.s.f.DefaultMavenResourcesFiltering - Using platform encoding (UTF-8 actually) to copy filtered resources, i.e. build is platform dependent!
2025-05-01 09:43:10,478 [Worker-51: Building] INFO  o.a.m.s.f.DefaultMavenResourcesFiltering - Copying 0 resource from src\main\resources to target\classes
2025-05-01 09:43:10,479 [Worker-51: Building] WARN  o.a.m.s.f.DefaultMavenResourcesFiltering - Using platform encoding (UTF-8 actually) to copy filtered resources, i.e. build is platform dependent!
2025-05-01 09:43:10,480 [Worker-51: Building] INFO  o.a.m.s.f.DefaultMavenResourcesFiltering - Copying 1 resource from src\test\resources to target\test-classes
2025-05-01 09:44:03,478 [Worker-51: Building] WARN  o.a.m.s.f.DefaultMavenResourcesFiltering - Using platform encoding (UTF-8 actually) to copy filtered resources, i.e. build is platform dependent!
2025-05-01 09:44:03,480 [Worker-51: Building] INFO  o.a.m.s.f.DefaultMavenResourcesFiltering - Copying 0 resource from src\main\resources to target\classes
2025-05-01 09:44:03,481 [Worker-51: Building] WARN  o.a.m.s.f.DefaultMavenResourcesFiltering - Using platform encoding (UTF-8 actually) to copy filtered resources, i.e. build is platform dependent!
2025-05-01 09:44:03,483 [Worker-51: Building] INFO  o.a.m.s.f.DefaultMavenResourcesFiltering - Copying 1 resource from src\test\resources to target\test-classes
2025-05-01 09:44:11,597 [Worker-52: Updating Maven Project] INFO  o.e.m.c.i.p.ProjectConfigurationManager - Update started
2025-05-01 09:44:11,784 [Worker-52: Updating Maven Project] INFO  o.e.m.c.i.l.LifecycleMappingFactory - Using org.eclipse.m2e.jdt.JarLifecycleMapping lifecycle mapping for MavenProject: com.demo:test-api:0.0.1-SNAPSHOT @ D:\pradeep\Automation\KarateAPI\test-api\pom.xml.
2025-05-01 09:44:12,283 [Worker-52: Updating Maven Project] INFO  o.e.m.j.i.AbstractJavaProjectConfigurator - Adding source folder /test-api/src/main/java
2025-05-01 09:44:12,284 [Worker-52: Updating Maven Project] INFO  o.e.m.j.i.AbstractJavaProjectConfigurator - Adding resource folder /test-api/src/main/resources
2025-05-01 09:44:12,285 [Worker-52: Updating Maven Project] INFO  o.e.m.j.i.AbstractJavaProjectConfigurator - Adding source folder /test-api/src/test/java
2025-05-01 09:44:12,285 [Worker-52: Updating Maven Project] INFO  o.e.m.j.i.AbstractJavaProjectConfigurator - Adding resource folder /test-api/src/test/resources
2025-05-01 09:44:12,408 [Worker-52: Updating Maven Project] INFO  o.e.m.jdt.internal.UnitTestSupport - Reset launch configuration name: InventoryRunner
2025-05-01 09:44:12,408 [Worker-52: Updating Maven Project] INFO  o.e.m.jdt.internal.UnitTestSupport - Updating InventoryRunner from maven configuration
2025-05-01 09:44:12,593 [Worker-52: Updating Maven Project] INFO  o.e.m.c.i.p.ProjectConfigurationManager - Update completed for 1 poms: local refresh takes 0.00 sec, refresh facades takes 0.00 sec, update config takes 0.00 sec 
2025-05-01 09:44:12,800 [Worker-45: Building] WARN  o.a.m.s.f.DefaultMavenResourcesFiltering - Using platform encoding (UTF-8 actually) to copy filtered resources, i.e. build is platform dependent!
2025-05-01 09:44:12,801 [Worker-45: Building] INFO  o.a.m.s.f.DefaultMavenResourcesFiltering - Copying 0 resource from src\main\resources to target\classes
2025-05-01 09:44:12,802 [Worker-45: Building] WARN  o.a.m.s.f.DefaultMavenResourcesFiltering - Using platform encoding (UTF-8 actually) to copy filtered resources, i.e. build is platform dependent!
2025-05-01 09:44:12,805 [Worker-45: Building] INFO  o.a.m.s.f.DefaultMavenResourcesFiltering - Copying 1 resource from src\test\resources to target\test-classes
2025-05-01 09:44:25,730 [Worker-45: Launching Executing clean in D__pradeep_Automation_KarateAPI_test-api] INFO  o.eclipse.m2e.core.internal.Bundles - getClasspathEntries(Bundle=org.eclipse.m2e.maven.runtime_3.9.900.20240824-1409 [642])
2025-05-01 09:44:25,731 [Worker-45: Launching Executing clean in D__pradeep_Automation_KarateAPI_test-api] INFO  o.eclipse.m2e.core.internal.Bundles - 	Entry: C:\Users\Dell\.p2\pool\plugins\org.eclipse.m2e.maven.runtime_3.9.900.20240824-1409
2025-05-01 09:44:25,731 [Worker-45: Launching Executing clean in D__pradeep_Automation_KarateAPI_test-api] INFO  o.eclipse.m2e.core.internal.Bundles - 	Entry: C:\Users\Dell\.p2\pool\plugins\org.eclipse.m2e.maven.runtime_3.9.900.20240824-1409\jars\aopalliance-1.0.jar
2025-05-01 09:44:25,731 [Worker-45: Launching Executing clean in D__pradeep_Automation_KarateAPI_test-api] INFO  o.eclipse.m2e.core.internal.Bundles - 	Entry: C:\Users\Dell\.p2\pool\plugins\org.eclipse.m2e.maven.runtime_3.9.900.20240824-1409\jars\guice-5.1.0.jar
2025-05-01 09:44:25,732 [Worker-45: Launching Executing clean in D__pradeep_Automation_KarateAPI_test-api] INFO  o.eclipse.m2e.core.internal.Bundles - 	Entry: C:\Users\Dell\.p2\pool\plugins\org.eclipse.m2e.maven.runtime_3.9.900.20240824-1409\jars\httpclient-4.5.14.jar
2025-05-01 09:44:25,732 [Worker-45: Launching Executing clean in D__pradeep_Automation_KarateAPI_test-api] INFO  o.eclipse.m2e.core.internal.Bundles - 	Entry: C:\Users\Dell\.p2\pool\plugins\org.eclipse.m2e.maven.runtime_3.9.900.20240824-1409\jars\httpcore-4.4.16.jar
2025-05-01 09:44:25,732 [Worker-45: Launching Executing clean in D__pradeep_Automation_KarateAPI_test-api] INFO  o.eclipse.m2e.core.internal.Bundles - 	Entry: C:\Users\Dell\.p2\pool\plugins\org.eclipse.m2e.maven.runtime_3.9.900.20240824-1409\jars\jansi-2.4.1.jar
2025-05-01 09:44:25,732 [Worker-45: Launching Executing clean in D__pradeep_Automation_KarateAPI_test-api] INFO  o.eclipse.m2e.core.internal.Bundles - 	Entry: C:\Users\Dell\.p2\pool\plugins\org.eclipse.m2e.maven.runtime_3.9.900.20240824-1409\jars\jcl-over-slf4j-1.7.36.jar
2025-05-01 09:44:25,732 [Worker-45: Launching Executing clean in D__pradeep_Automation_KarateAPI_test-api] INFO  o.eclipse.m2e.core.internal.Bundles - 	Entry: C:\Users\Dell\.p2\pool\plugins\org.eclipse.m2e.maven.runtime_3.9.900.20240824-1409\jars\maven-artifact-3.9.9.jar
2025-05-01 09:44:25,732 [Worker-45: Launching Executing clean in D__pradeep_Automation_KarateAPI_test-api] INFO  o.eclipse.m2e.core.internal.Bundles - 	Entry: C:\Users\Dell\.p2\pool\plugins\org.eclipse.m2e.maven.runtime_3.9.900.20240824-1409\jars\maven-builder-support-3.9.9.jar
2025-05-01 09:44:25,732 [Worker-45: Launching Executing clean in D__pradeep_Automation_KarateAPI_test-api] INFO  o.eclipse.m2e.core.internal.Bundles - 	Entry: C:\Users\Dell\.p2\pool\plugins\org.eclipse.m2e.maven.runtime_3.9.900.20240824-1409\jars\maven-compat-3.9.9.jar
2025-05-01 09:44:25,732 [Worker-45: Launching Executing clean in D__pradeep_Automation_KarateAPI_test-api] INFO  o.eclipse.m2e.core.internal.Bundles - 	Entry: C:\Users\Dell\.p2\pool\plugins\org.eclipse.m2e.maven.runtime_3.9.900.20240824-1409\jars\maven-core-3.9.9.jar
2025-05-01 09:44:25,732 [Worker-45: Launching Executing clean in D__pradeep_Automation_KarateAPI_test-api] INFO  o.eclipse.m2e.core.internal.Bundles - 	Entry: C:\Users\Dell\.p2\pool\plugins\org.eclipse.m2e.maven.runtime_3.9.900.20240824-1409\jars\maven-embedder-3.9.9.jar
2025-05-01 09:44:25,733 [Worker-45: Launching Executing clean in D__pradeep_Automation_KarateAPI_test-api] INFO  o.eclipse.m2e.core.internal.Bundles - 	Entry: C:\Users\Dell\.p2\pool\plugins\org.eclipse.m2e.maven.runtime_3.9.900.20240824-1409\jars\maven-model-3.9.9.jar
2025-05-01 09:44:25,733 [Worker-45: Launching Executing clean in D__pradeep_Automation_KarateAPI_test-api] INFO  o.eclipse.m2e.core.internal.Bundles - 	Entry: C:\Users\Dell\.p2\pool\plugins\org.eclipse.m2e.maven.runtime_3.9.900.20240824-1409\jars\maven-model-builder-3.9.9.jar
2025-05-01 09:44:25,733 [Worker-45: Launching Executing clean in D__pradeep_Automation_KarateAPI_test-api] INFO  o.eclipse.m2e.core.internal.Bundles - 	Entry: C:\Users\Dell\.p2\pool\plugins\org.eclipse.m2e.maven.runtime_3.9.900.20240824-1409\jars\maven-plugin-api-3.9.9.jar
2025-05-01 09:44:25,733 [Worker-45: Launching Executing clean in D__pradeep_Automation_KarateAPI_test-api] INFO  o.eclipse.m2e.core.internal.Bundles - 	Entry: C:\Users\Dell\.p2\pool\plugins\org.eclipse.m2e.maven.runtime_3.9.900.20240824-1409\jars\maven-repository-metadata-3.9.9.jar
2025-05-01 09:44:25,733 [Worker-45: Launching Executing clean in D__pradeep_Automation_KarateAPI_test-api] INFO  o.eclipse.m2e.core.internal.Bundles - 	Entry: C:\Users\Dell\.p2\pool\plugins\org.eclipse.m2e.maven.runtime_3.9.900.20240824-1409\jars\maven-resolver-api-1.9.22.jar
2025-05-01 09:44:25,733 [Worker-45: Launching Executing clean in D__pradeep_Automation_KarateAPI_test-api] INFO  o.eclipse.m2e.core.internal.Bundles - 	Entry: C:\Users\Dell\.p2\pool\plugins\org.eclipse.m2e.maven.runtime_3.9.900.20240824-1409\jars\maven-resolver-connector-basic-1.9.22.jar
2025-05-01 09:44:25,733 [Worker-45: Launching Executing clean in D__pradeep_Automation_KarateAPI_test-api] INFO  o.eclipse.m2e.core.internal.Bundles - 	Entry: C:\Users\Dell\.p2\pool\plugins\org.eclipse.m2e.maven.runtime_3.9.900.20240824-1409\jars\maven-resolver-impl-1.9.22.jar
2025-05-01 09:44:25,733 [Worker-45: Launching Executing clean in D__pradeep_Automation_KarateAPI_test-api] INFO  o.eclipse.m2e.core.internal.Bundles - 	Entry: C:\Users\Dell\.p2\pool\plugins\org.eclipse.m2e.maven.runtime_3.9.900.20240824-1409\jars\maven-resolver-named-locks-1.9.22.jar
2025-05-01 09:44:25,733 [Worker-45: Launching Executing clean in D__pradeep_Automation_KarateAPI_test-api] INFO  o.eclipse.m2e.core.internal.Bundles - 	Entry: C:\Users\Dell\.p2\pool\plugins\org.eclipse.m2e.maven.runtime_3.9.900.20240824-1409\jars\maven-resolver-provider-3.9.9.jar
2025-05-01 09:44:25,733 [Worker-45: Launching Executing clean in D__pradeep_Automation_KarateAPI_test-api] INFO  o.eclipse.m2e.core.internal.Bundles - 	Entry: C:\Users\Dell\.p2\pool\plugins\org.eclipse.m2e.maven.runtime_3.9.900.20240824-1409\jars\maven-resolver-spi-1.9.22.jar
2025-05-01 09:44:25,733 [Worker-45: Launching Executing clean in D__pradeep_Automation_KarateAPI_test-api] INFO  o.eclipse.m2e.core.internal.Bundles - 	Entry: C:\Users\Dell\.p2\pool\plugins\org.eclipse.m2e.maven.runtime_3.9.900.20240824-1409\jars\maven-resolver-transport-file-1.9.22.jar
2025-05-01 09:44:25,735 [Worker-45: Launching Executing clean in D__pradeep_Automation_KarateAPI_test-api] INFO  o.eclipse.m2e.core.internal.Bundles - 	Entry: C:\Users\Dell\.p2\pool\plugins\org.eclipse.m2e.maven.runtime_3.9.900.20240824-1409\jars\maven-resolver-transport-http-1.9.22.jar
2025-05-01 09:44:25,735 [Worker-45: Launching Executing clean in D__pradeep_Automation_KarateAPI_test-api] INFO  o.eclipse.m2e.core.internal.Bundles - 	Entry: C:\Users\Dell\.p2\pool\plugins\org.eclipse.m2e.maven.runtime_3.9.900.20240824-1409\jars\maven-resolver-transport-wagon-1.9.22.jar
2025-05-01 09:44:25,735 [Worker-45: Launching Executing clean in D__pradeep_Automation_KarateAPI_test-api] INFO  o.eclipse.m2e.core.internal.Bundles - 	Entry: C:\Users\Dell\.p2\pool\plugins\org.eclipse.m2e.maven.runtime_3.9.900.20240824-1409\jars\maven-resolver-util-1.9.22.jar
2025-05-01 09:44:25,735 [Worker-45: Launching Executing clean in D__pradeep_Automation_KarateAPI_test-api] INFO  o.eclipse.m2e.core.internal.Bundles - 	Entry: C:\Users\Dell\.p2\pool\plugins\org.eclipse.m2e.maven.runtime_3.9.900.20240824-1409\jars\maven-settings-3.9.9.jar
2025-05-01 09:44:25,735 [Worker-45: Launching Executing clean in D__pradeep_Automation_KarateAPI_test-api] INFO  o.eclipse.m2e.core.internal.Bundles - 	Entry: C:\Users\Dell\.p2\pool\plugins\org.eclipse.m2e.maven.runtime_3.9.900.20240824-1409\jars\maven-settings-builder-3.9.9.jar
2025-05-01 09:44:25,735 [Worker-45: Launching Executing clean in D__pradeep_Automation_KarateAPI_test-api] INFO  o.eclipse.m2e.core.internal.Bundles - 	Entry: C:\Users\Dell\.p2\pool\plugins\org.eclipse.m2e.maven.runtime_3.9.900.20240824-1409\jars\maven-shared-utils-3.4.2.jar
2025-05-01 09:44:25,736 [Worker-45: Launching Executing clean in D__pradeep_Automation_KarateAPI_test-api] INFO  o.eclipse.m2e.core.internal.Bundles - 	Entry: C:\Users\Dell\.p2\pool\plugins\org.eclipse.m2e.maven.runtime_3.9.900.20240824-1409\jars\org.eclipse.sisu.inject-0.9.0.M3.jar
2025-05-01 09:44:25,736 [Worker-45: Launching Executing clean in D__pradeep_Automation_KarateAPI_test-api] INFO  o.eclipse.m2e.core.internal.Bundles - 	Entry: C:\Users\Dell\.p2\pool\plugins\org.eclipse.m2e.maven.runtime_3.9.900.20240824-1409\jars\org.eclipse.sisu.plexus-0.9.0.M3.jar
2025-05-01 09:44:25,736 [Worker-45: Launching Executing clean in D__pradeep_Automation_KarateAPI_test-api] INFO  o.eclipse.m2e.core.internal.Bundles - 	Entry: C:\Users\Dell\.p2\pool\plugins\org.eclipse.m2e.maven.runtime_3.9.900.20240824-1409\jars\plexus-build-api-0.0.7.jar
2025-05-01 09:44:25,736 [Worker-45: Launching Executing clean in D__pradeep_Automation_KarateAPI_test-api] INFO  o.eclipse.m2e.core.internal.Bundles - 	Entry: C:\Users\Dell\.p2\pool\plugins\org.eclipse.m2e.maven.runtime_3.9.900.20240824-1409\jars\plexus-build-api-1.2.0.jar
2025-05-01 09:44:25,736 [Worker-45: Launching Executing clean in D__pradeep_Automation_KarateAPI_test-api] INFO  o.eclipse.m2e.core.internal.Bundles - 	Entry: C:\Users\Dell\.p2\pool\plugins\org.eclipse.m2e.maven.runtime_3.9.900.20240824-1409\jars\plexus-cipher-2.0.jar
2025-05-01 09:44:25,736 [Worker-45: Launching Executing clean in D__pradeep_Automation_KarateAPI_test-api] INFO  o.eclipse.m2e.core.internal.Bundles - 	Entry: C:\Users\Dell\.p2\pool\plugins\org.eclipse.m2e.maven.runtime_3.9.900.20240824-1409\jars\plexus-classworlds-2.8.0.jar
2025-05-01 09:44:25,736 [Worker-45: Launching Executing clean in D__pradeep_Automation_KarateAPI_test-api] INFO  o.eclipse.m2e.core.internal.Bundles - 	Entry: C:\Users\Dell\.p2\pool\plugins\org.eclipse.m2e.maven.runtime_3.9.900.20240824-1409\jars\plexus-component-annotations-2.1.0.jar
2025-05-01 09:44:25,736 [Worker-45: Launching Executing clean in D__pradeep_Automation_KarateAPI_test-api] INFO  o.eclipse.m2e.core.internal.Bundles - 	Entry: C:\Users\Dell\.p2\pool\plugins\org.eclipse.m2e.maven.runtime_3.9.900.20240824-1409\jars\plexus-interpolation-1.27.jar
2025-05-01 09:44:25,736 [Worker-45: Launching Executing clean in D__pradeep_Automation_KarateAPI_test-api] INFO  o.eclipse.m2e.core.internal.Bundles - 	Entry: C:\Users\Dell\.p2\pool\plugins\org.eclipse.m2e.maven.runtime_3.9.900.20240824-1409\jars\plexus-sec-dispatcher-2.0.jar
2025-05-01 09:44:25,736 [Worker-45: Launching Executing clean in D__pradeep_Automation_KarateAPI_test-api] INFO  o.eclipse.m2e.core.internal.Bundles - 	Entry: C:\Users\Dell\.p2\pool\plugins\org.eclipse.m2e.maven.runtime_3.9.900.20240824-1409\jars\plexus-utils-3.5.1.jar
2025-05-01 09:44:25,736 [Worker-45: Launching Executing clean in D__pradeep_Automation_KarateAPI_test-api] INFO  o.eclipse.m2e.core.internal.Bundles - 	Entry: C:\Users\Dell\.p2\pool\plugins\org.eclipse.m2e.maven.runtime_3.9.900.20240824-1409\jars\plexus-xml-3.0.1.jar
2025-05-01 09:44:25,737 [Worker-45: Launching Executing clean in D__pradeep_Automation_KarateAPI_test-api] INFO  o.eclipse.m2e.core.internal.Bundles - 	Entry: C:\Users\Dell\.p2\pool\plugins\org.eclipse.m2e.maven.runtime_3.9.900.20240824-1409\jars\wagon-file-3.5.3.jar
2025-05-01 09:44:25,737 [Worker-45: Launching Executing clean in D__pradeep_Automation_KarateAPI_test-api] INFO  o.eclipse.m2e.core.internal.Bundles - 	Entry: C:\Users\Dell\.p2\pool\plugins\org.eclipse.m2e.maven.runtime_3.9.900.20240824-1409\jars\wagon-http-3.5.3.jar
2025-05-01 09:44:25,737 [Worker-45: Launching Executing clean in D__pradeep_Automation_KarateAPI_test-api] INFO  o.eclipse.m2e.core.internal.Bundles - 	Entry: C:\Users\Dell\.p2\pool\plugins\org.eclipse.m2e.maven.runtime_3.9.900.20240824-1409\jars\wagon-http-shared-3.5.3.jar
2025-05-01 09:44:25,737 [Worker-45: Launching Executing clean in D__pradeep_Automation_KarateAPI_test-api] INFO  o.eclipse.m2e.core.internal.Bundles - 	Entry: C:\Users\Dell\.p2\pool\plugins\org.eclipse.m2e.maven.runtime_3.9.900.20240824-1409\jars\wagon-provider-api-3.5.3.jar
2025-05-01 09:44:25,737 [Worker-45: Launching Executing clean in D__pradeep_Automation_KarateAPI_test-api] INFO  o.eclipse.m2e.core.internal.Bundles - getClasspathEntries(Bundle=com.google.guava_33.3.1.jre [1017])
2025-05-01 09:44:25,738 [Worker-45: Launching Executing clean in D__pradeep_Automation_KarateAPI_test-api] INFO  o.eclipse.m2e.core.internal.Bundles - 	Entry: C:\Users\Dell\.p2\pool\plugins\com.google.guava_33.3.1.jre.jar
2025-05-01 09:44:25,738 [Worker-45: Launching Executing clean in D__pradeep_Automation_KarateAPI_test-api] INFO  o.eclipse.m2e.core.internal.Bundles - getClasspathEntries(Bundle=slf4j.api_2.0.16 [1007])
2025-05-01 09:44:25,738 [Worker-45: Launching Executing clean in D__pradeep_Automation_KarateAPI_test-api] INFO  o.eclipse.m2e.core.internal.Bundles - 	Entry: C:\Users\Dell\.p2\pool\plugins\slf4j.api_2.0.16.jar
2025-05-01 09:44:25,738 [Worker-45: Launching Executing clean in D__pradeep_Automation_KarateAPI_test-api] INFO  o.eclipse.m2e.core.internal.Bundles - getClasspathEntries(Bundle=javax.inject_1.0.0.v20220405-0441 [1026])
2025-05-01 09:44:25,738 [Worker-45: Launching Executing clean in D__pradeep_Automation_KarateAPI_test-api] INFO  o.eclipse.m2e.core.internal.Bundles - 	Entry: C:\Users\Dell\.p2\pool\plugins\javax.inject_1.0.0.v20220405-0441.jar
2025-05-01 09:44:25,739 [Worker-45: Launching Executing clean in D__pradeep_Automation_KarateAPI_test-api] INFO  o.eclipse.m2e.core.internal.Bundles - getClasspathEntries(Bundle=javax.annotation_1.3.5.v20230504-0748 [1025])
2025-05-01 09:44:25,739 [Worker-45: Launching Executing clean in D__pradeep_Automation_KarateAPI_test-api] INFO  o.eclipse.m2e.core.internal.Bundles - 	Entry: C:\Users\Dell\.p2\pool\plugins\javax.annotation_1.3.5.v20230504-0748.jar
2025-05-01 09:44:25,739 [Worker-45: Launching Executing clean in D__pradeep_Automation_KarateAPI_test-api] INFO  o.eclipse.m2e.core.internal.Bundles - getClasspathEntries(Bundle=org.apache.commons.cli_1.9.0 [78])
2025-05-01 09:44:25,739 [Worker-45: Launching Executing clean in D__pradeep_Automation_KarateAPI_test-api] INFO  o.eclipse.m2e.core.internal.Bundles - 	Entry: C:\Users\Dell\.p2\pool\plugins\org.apache.commons.cli_1.9.0.jar
2025-05-01 09:44:25,739 [Worker-45: Launching Executing clean in D__pradeep_Automation_KarateAPI_test-api] INFO  o.eclipse.m2e.core.internal.Bundles - getClasspathEntries(Bundle=org.apache.commons.commons-codec_1.16.0 [81])
2025-05-01 09:44:25,740 [Worker-45: Launching Executing clean in D__pradeep_Automation_KarateAPI_test-api] INFO  o.eclipse.m2e.core.internal.Bundles - 	Entry: C:\Users\Dell\.p2\pool\plugins\org.apache.commons.commons-codec_1.16.0.jar
2025-05-01 09:44:25,740 [Worker-45: Launching Executing clean in D__pradeep_Automation_KarateAPI_test-api] INFO  o.eclipse.m2e.core.internal.Bundles - getClasspathEntries(Bundle=com.google.guava.failureaccess_1.0.2 [17])
2025-05-01 09:44:25,740 [Worker-45: Launching Executing clean in D__pradeep_Automation_KarateAPI_test-api] INFO  o.eclipse.m2e.core.internal.Bundles - 	Entry: C:\Users\Dell\.p2\pool\plugins\com.google.guava.failureaccess_1.0.2.jar
2025-05-01 09:44:25,742 [Worker-45: Launching Executing clean in D__pradeep_Automation_KarateAPI_test-api] INFO  o.e.m.i.launch.MavenLaunchDelegate - Run build in "D:\pradeep\Automation\KarateAPI\test-api":
2025-05-01 09:44:25,742 [Worker-45: Launching Executing clean in D__pradeep_Automation_KarateAPI_test-api] INFO  o.e.m.i.launch.MavenLaunchDelegate -  mvn  -B -Dstyle.color=always clean
2025-05-01 09:44:27,823 [Worker-45: Building] WARN  o.a.m.s.f.DefaultMavenResourcesFiltering - Using platform encoding (UTF-8 actually) to copy filtered resources, i.e. build is platform dependent!
2025-05-01 09:44:27,824 [Worker-45: Building] INFO  o.a.m.s.f.DefaultMavenResourcesFiltering - Copying 0 resource from src\main\resources to target\classes
2025-05-01 09:44:27,826 [Worker-45: Building] WARN  o.a.m.s.f.DefaultMavenResourcesFiltering - Using platform encoding (UTF-8 actually) to copy filtered resources, i.e. build is platform dependent!
2025-05-01 09:44:27,827 [Worker-45: Building] INFO  o.a.m.s.f.DefaultMavenResourcesFiltering - Copying 1 resource from src\test\resources to target\test-classes
2025-05-01 09:44:53,580 [Worker-51: Updating Maven Project] INFO  o.e.m.c.i.p.ProjectConfigurationManager - Update started
2025-05-01 09:44:53,754 [Worker-51: Updating Maven Project] INFO  o.e.m.c.i.l.LifecycleMappingFactory - Using org.eclipse.m2e.jdt.JarLifecycleMapping lifecycle mapping for MavenProject: com.demo:test-api:0.0.1-SNAPSHOT @ D:\pradeep\Automation\KarateAPI\test-api\pom.xml.
2025-05-01 09:44:54,199 [Worker-51: Updating Maven Project] INFO  o.e.m.j.i.AbstractJavaProjectConfigurator - Adding source folder /test-api/src/main/java
2025-05-01 09:44:54,200 [Worker-51: Updating Maven Project] INFO  o.e.m.j.i.AbstractJavaProjectConfigurator - Adding resource folder /test-api/src/main/resources
2025-05-01 09:44:54,200 [Worker-51: Updating Maven Project] INFO  o.e.m.j.i.AbstractJavaProjectConfigurator - Adding source folder /test-api/src/test/java
2025-05-01 09:44:54,201 [Worker-51: Updating Maven Project] INFO  o.e.m.j.i.AbstractJavaProjectConfigurator - Adding resource folder /test-api/src/test/resources
2025-05-01 09:44:54,301 [Worker-51: Updating Maven Project] INFO  o.e.m.jdt.internal.UnitTestSupport - Reset launch configuration name: InventoryRunner
2025-05-01 09:44:54,301 [Worker-51: Updating Maven Project] INFO  o.e.m.jdt.internal.UnitTestSupport - Updating InventoryRunner from maven configuration
2025-05-01 09:44:54,433 [Worker-51: Updating Maven Project] INFO  o.e.m.c.i.p.ProjectConfigurationManager - Update completed for 1 poms: local refresh takes 0.00 sec, refresh facades takes 0.00 sec, update config takes 0.00 sec 
2025-05-01 09:44:54,625 [Worker-52: Building] WARN  o.a.m.s.f.DefaultMavenResourcesFiltering - Using platform encoding (UTF-8 actually) to copy filtered resources, i.e. build is platform dependent!
2025-05-01 09:44:54,626 [Worker-52: Building] INFO  o.a.m.s.f.DefaultMavenResourcesFiltering - Copying 0 resource from src\main\resources to target\classes
2025-05-01 09:44:54,629 [Worker-52: Building] WARN  o.a.m.s.f.DefaultMavenResourcesFiltering - Using platform encoding (UTF-8 actually) to copy filtered resources, i.e. build is platform dependent!
2025-05-01 09:44:54,630 [Worker-52: Building] INFO  o.a.m.s.f.DefaultMavenResourcesFiltering - Copying 1 resource from src\test\resources to target\test-classes
